object_1,object_2,similarity,connection
водитель автомобиля,водитель машины,0.99775773,duplicate
использование реагентов в ледовом городке,использование реагентов на ледовом городке,0.99768823,duplicate
цена на автомобиль,цена автомобиля,0.9972898,duplicate
расходы на свадьбу,затраты на свадьбу,0.99705267,duplicate
проблема с вывозом мусора,проблема вывоза мусора,0.9970436,duplicate
объявление беспилотной и ракетной опасности,объявление о беспилотной и ракетной опасности,0.9967605,duplicate
Сотрудничество России и Китая,Сотрудничество Китай-Россия,0.9965441,duplicate
затраты на украшения города,расходы на украшение города,0.99623835,duplicate
налог на авто по габаритам,налог на авто за габариты,0.99510694,duplicate
атака беспилотников на Россию,атаки беспилотниками по России,0.9946685,duplicate
миграционная политика,политика по миграции,0.9934746,duplicate
состояние дорог после таяния снега,состояние дорог после снегопада,0.9929149,not_duplicate
цены на услуги,цена услуг,0.9926135,duplicate
поведение участников обсуждения,поведение участников дискуссии,0.9925269,duplicate
отключение электроэнергии,отключение электричества,0.99212646,duplicate
инцидент с детьми на льду,происшествие с детьми на льду,0.9914857,duplicate
козье молоко как альтернатива детским смесям,использование козьего молока как альтернатива детским смесям,0.9913962,duplicate
Дата Рождества,Дата празднования Рождества,0.99075234,duplicate
качество установки шумозащитных конструкций,качество шумозащитных конструкций,0.98982453,not_duplicate
ЖК Вест-Сайд,строительство ЖК Вест-Сайд,0.98946655,similar_not_duplicate
стоимость билетов,цены на билеты,0.988835,duplicate
насилие над женщинами,насилие против женщин,0.98879564,duplicate
строительство ЖК Вест-Сайд,электроснабжение ЖК Вест-Сайд,0.98875034,not_duplicate
насилие над девушками,насилие против девушки,0.9881898,duplicate
отключение электричества в ЖК Вест-Сайд,электричество в ЖК Вест-Сайд,0.9880628,similar_not_duplicate
повышение цен на проезд,повышение стоимости проезда,0.9880317,duplicate
повышение цен на продукты,рост цен на продукты,0.9879821,duplicate
обязательная медиация перед разводом,обязательная медиация при разводе,0.9877478,duplicate
уборка снега в Екатеринбурге,чистка снега в Екатеринбурге,0.98736,duplicate
действия пожарных по тушению,Действия пожарных при тушении пожара,0.987172,duplicate
повышение цен,рост цен,0.98704505,duplicate
состояние дорог в Челябинской области,состояние дорог в Челябинске,0.9868295,not_duplicate
стоимость свадьбы,затраты на свадьбу,0.9866977,duplicate
проект строительства метро в Краснодаре,строительство метро в Краснодаре,0.9866512,duplicate
экономическая ситуация,экономическая обстановка,0.986601,duplicate
политика США,политика США (Трамп),0.9864901,duplicate
действия пожарных при ликвидации пожара,Действия пожарных при тушении пожара,0.986467,duplicate
смертельный исход ДТП,смертельное ДТП,0.9864147,duplicate
концерт Филиппа Киркорова,концерт Киркорова,0.9863902,duplicate
чистка карманов на дорогах,чистка карманов дорог,0.9861411,duplicate
Удары украинскими беспилотниками,атака украинских беспилотников,0.9861095,duplicate
дорожная безопасность,безопасность на дорогах,0.98583454,duplicate
работа в медицине,работа в медицинской сфере,0.9858006,duplicate
цены на билеты в кино,цены на билеты в кинотеатрах,0.9857285,duplicate
обилие и доступность алкоголя,доступность алкоголя,0.9853375,duplicate
проблема с вывозом мусора,Ситуация с вывозом мусора,0.98496747,duplicate
выбор даты свадьбы,выбор дат для свадеб,0.98475415,not_duplicate
проблема вывоза мусора,Ситуация с вывозом мусора,0.9847238,duplicate
запрет тонировки,запрет на тонировку,0.98448324,duplicate
авария с газом,инцидент с газом,0.9844443,duplicate
безопасность в ДТП,меры безопасности в ДТП,0.9843242,not_duplicate
процесс проверки учителей-мужчин,проверка учителей-мужчин,0.98390085,duplicate
новые штрафы за тонировку,введение новых штрафов за тонировку,0.9835959,duplicate
проект строительства метро в Краснодаре,реализация проекта метро в Краснодаре,0.9835466,duplicate
демографические показатели Башкирии,демографическая ситуация в Башкирии,0.983459,not_duplicate
поведение водителя во время ДТП,поведение водителей в ДТП,0.9834256,duplicate
высокая стоимость свадьбы,высокие затраты на свадьбу,0.98325336,duplicate
авария на трассе М4,ДТП на трассе М4,0.98308706,duplicate
ЖК Вест-Сайд,электроснабжение ЖК Вест-Сайд,0.98289716,not_duplicate
новые правила по тонировке,новые правила тонировки,0.9828561,duplicate
действия пожарных по тушению,действия пожарных при ликвидации пожара,0.98276794,duplicate
повышение цен на билеты в кинотеатрах,рост цен на билеты в кино,0.9827204,duplicate
деятельность зацеперов по сбору мусора,зацеперы сбор мусора,0.98268294,duplicate
происшествие с пенсионеркой,инцидент с пенсионеркой,0.9822909,duplicate
канал MAX,канал в Max,0.98207074,duplicate
наличие туалетов в электричках,туалеты в электричках,0.98206335,duplicate
обязательная медиация при разводе,обязательная процедура медиации при разводе,0.9814788,duplicate
ракетная опасность,ракетная опасность и вероятность угрозы,0.9814193,duplicate
работа коммунальщиков в экстремальных условиях,труд коммунальщиков в экстремальных условиях,0.98118424,duplicate
Рождество Христово (праздник),Рождество Христово,0.98103297,duplicate
жизненный уровень,уровень жизни,0.98100895,duplicate
поведение нападавшего,поведение напавшего,0.9809178,duplicate
поведение животного в контактном зоопарке,поведение хаски в контактном зоопарке,0.98082745,duplicate
поведение водителей,поведение водителей за рулем,0.98056597,similar_not_duplicate
процесс возврата товара с браком,возврат товара с браком,0.98039806,duplicate
авиаперевозки задержка рейса,задержка авиаперелета,0.9802541,duplicate
Беспилотная опасность,угроза беспилотной опасности,0.9801729,duplicate
ДТП на трассе,авария на трассе,0.9798864,duplicate
качество строительства конструкций,качество строительства,0.97982097,duplicate
демографическая яма и рынок труда,демографическая проблема и рынок труда,0.9794914,duplicate
расходы на свадьбу,стоимость свадьбы,0.9791066,duplicate
фирма по вывозу мусора,работа компании по вывозу мусора,0.9790898,similar_not_duplicate
агрессивное поведение мужчин к женщинам,агрессия мужчин к женщинам,0.97879267,duplicate
рейтинг влияния глав субъектов РФ,место в рейтинге влияния глав субъектов РФ,0.97870517,duplicate
отключение электричества в ЖК Вест-Сайд,перебои с электричеством в ЖК Вест-Сайд,0.97854775,duplicate
новогодние праздники,новогодние гулянья,0.9785178,similar_not_duplicate
процесс развода с медиацией,медиация при разводе,0.9781097,duplicate
предложение о покупке платья за 100 руб,покупка платья за 100 рублей,0.978027,duplicate
празднование Рождества,Рождественский сочельник и его празднование,0.97779447,not_duplicate
закрытие парка досрочно,закрытие парка в неурочное время,0.97768766,duplicate
труд коммунальщиков в экстремальных условиях,труд коммунальщиков в экстренных условиях,0.97765625,duplicate
перебои с электричеством,частые перебои с электричеством,0.97757816,duplicate
состояние железнодорожной инфраструктуры,железнодорожная инфраструктура,0.97743464,duplicate
кинопремьера Одесия,концерт группы «ИНДИИД»,0.9772904,not_duplicate
падение дерева,падающие деревья,0.9767317,duplicate
реклама,рекламная акция,0.9762236,similar_not_duplicate
состояние дорог после уборки снега,состояние дорог после снегопада,0.9761218,not_duplicate
концерт Филиппа Киркорова,кинопремьера Одесия,0.9761105,not_duplicate
реализация проекта метро в Краснодаре,строительство метро в Краснодаре,0.97592175,duplicate
страшное ДТП,Жёсткое ДТП,0.97568154,duplicate
запирание в парке беременной девушки,запирание беременной в парке,0.9756734,duplicate
распространение искусственного интеллекта,внедрение искусственного интеллекта,0.9756213,not_duplicate
способ уборки мусора,уборка мусора,0.97557366,not_duplicate
ДТП с жертвами детей,ДТП с погибшими детьми,0.975568,duplicate
помойка после НГ,уборка после НГ,0.97549534,not_duplicate
концерт Ленинграда,спектакли Московского театра,0.9754407,not_duplicate
бездействие властей,бездействие властей/бригад,0.9754201,duplicate
качество продукции,товар качество,0.97523654,duplicate
событие в ресторане,мероприятие в ресторане,0.9751998,duplicate
процесс возврата товара,процедура возврата товара,0.9751787,duplicate
ДТП с погибшими детьми,гибель детей в ДТП,0.97516865,duplicate
рост цен на продукты,повышение цен на продукты питания,0.9751031,duplicate
порывы ветра,ветер,0.97491944,similar_not_duplicate
выступление Деда Мороза с песней,пение Деда Мороза,0.9747899,duplicate
поведение общества,общество и его поведение,0.97450316,duplicate
решение проблемы вывоза мусора,проблема вывоза мусора,0.97446895,not_duplicate
состояние дорог в Челябинской области,дорожная обстановка в Челябинской области,0.97436064,duplicate
задержка поездов,задержки пассажирских поездов,0.9743333,not_duplicate
чистка карманов на дорогах,чистка дорог в карманах,0.97424656,duplicate
работа администрации города,работа мэрии,0.97423613,duplicate
поведение Трампа,поведение Дональда Трампа,0.9739525,duplicate
Рождественская служба,Рождественские богослужения,0.9739307,duplicate
состояние дорог после таяния снега,состояние дорог после уборки снега,0.9739168,not_duplicate
поджог детей,сжигание детей,0.97383523,duplicate
питание ребенка,детское питание,0.9734037,not_duplicate
введение ГОСТа на шаурму,внедрение ГОСТа на шаурму,0.9733845,duplicate
обучение пенсионеров удалёнке,удалённое обучение пенсионеров,0.973282,duplicate
прикорм у детей,прикорм для детей,0.9732816,duplicate
судебное решение,решение суда,0.9732018,duplicate
действия полиции,поведение полиции,0.9731723,not_duplicate
точность данных о рождаемости,точность статистики рождаемости,0.97297823,duplicate
задержки пассажирских поездов,задержка поезда и условия для пассажиров,0.9729045,not_duplicate
исполнение Филиппа Киркорова,деятельность Филиппа Киркорова,0.97242934,similar_not_duplicate
информация о беспилотниках,получение информации о беспилотниках,0.9724132,duplicate
стоимость свадьбы,средние затраты на свадьбу,0.97234976,not_duplicate
закон о штрафах за тонировку,новый закон о штрафах за тонировку,0.9723227,duplicate
информация в посте,информация из поста,0.97224176,duplicate
метод уборки снега,уборка снега грейдером,0.971937,not_duplicate
расположение выставки,место проведения выставки,0.97191006,duplicate
Участие Филиппа Киркорова в концерте,Филипп Киркоров на концерте,0.97183025,duplicate
ситуация с уборкой мусора,уборка мусора,0.9716986,duplicate
дорога Ростов-Семикаракорск-Волгодонск,состояние дороги Ростов-Волгодонск,0.97166914,not_duplicate
ремонт летающей тарелки,реставрация летающей тарелки,0.97149295,duplicate
посыпание дорог зимой,состояние дорог зимой,0.97147554,not_duplicate
концерт Филиппа Киркорова,первая часть фильма Чебурашка,0.97125727,not_duplicate
затраты на свадьбу,средние затраты на свадьбу,0.9712552,not_duplicate
ДТП на Базовом переулке,авария на Базовом переулке,0.97121537,duplicate
ДТП,Жёсткое ДТП,0.97107697,duplicate
повышение цен на продукты,повышение цен на продукты питания,0.9710688,duplicate
погибшие в ДТП,ДТП с погибшими,0.97096896,duplicate
уборка снега,метод уборки снега,0.9708742,not_duplicate
действия чиновников,меры чиновников,0.9708289,duplicate
дорожно-транспортное происшествие,ДТП на трассе,0.97081953,not_duplicate
кассовые сборы фильма «Чебурашка 2»,рекорд кассовых сборов фильма «Чебурашка 2»,0.970563,duplicate
празднование Рождества,рождественские мероприятия,0.9704452,duplicate
ДТП под Нижним Тагилом,смертельное ДТП под Нижним Тагилом,0.97026646,duplicate
контактный зоопарк,контактный зоопарк специализация на хаски,0.97023904,duplicate
продажа просроченных продуктов,продажа просроченных товаров,0.9702227,not_duplicate
правовая защита женщин при разводе,правовые гарантии женщин при разводе,0.9701811,duplicate
отсутствие электричества в районе,отсутствие электричества в населенных пунктах,0.9700764,not_duplicate
повышение цен на товары,частое повышение цен на товары,0.97001445,not_duplicate
введение штрафов за тонировку,новые штрафы за тонировку,0.9700032,duplicate
информация о мониторинге береговой линии,мониторинг береговой линии,0.9699901,not_duplicate
дорожная обстановка,дорожная ситуация,0.9699844,duplicate
состояние трассы Ростов-Семикаракорск,состояние дороги Ростов-Волгодонск,0.9699415,not_duplicate
призыв к подписке,призыв подписаться,0.9698589,duplicate
место аварии,место инцидента,0.96984696,duplicate
национальный проект ремонта школ,ремонт школы в рамках национального проекта,0.9698322,not_duplicate
дорожная обстановка в Челябинской области,состояние дорог в Челябинске,0.9695748,not_duplicate
введение ГОСТа на шаурму,введение ГОСТа на шаверму,0.9695443,duplicate
дорожно-транспортное происшествие,авария на трассе,0.969454,not_duplicate
чистка Екатеринбурга от снега,чистка снега в Екатеринбурге,0.96938396,duplicate
рассказ о пожизненно осужденных,рассказы о пожизненном заключении,0.96932065,not_duplicate
электричество в ЖК Вест-Сайд,электроснабжение ЖК Вест-Сайд,0.96931326,duplicate
введение штрафов за тонировку,закон о штрафах за тонировку,0.9692593,duplicate
чистка карманов дорог,чистка дорог в карманах,0.96923566,duplicate
количество сбитых БПЛА,количество перехваченных БПЛА,0.9692212,not_duplicate
проблема с вывозом мусора,решение проблемы вывоза мусора,0.96917355,not_duplicate
рекламный призыв,рекламная акция,0.96901226,not_duplicate
расходы на свадьбу,средние затраты на свадьбу,0.96896255,not_duplicate
поведение водителей,поведение водителя (Акцента),0.9685839,not_duplicate
ДТП,ситуация ДТП,0.968511,duplicate
состояние трассы Ростов-Семикаракорск,состояние трассы Ростов-Волгодонск,0.9683992,not_duplicate
смертельное ДТП на дороге,смертельное ДТП,0.9683873,duplicate
ситуация в регионе,обстановка в регионе,0.9680561,duplicate
концерт Киркорова,концерт Ленинграда,0.96776515,not_duplicate
кинопремьера Одесия,концерт Ленинграда,0.96774703,not_duplicate
соблюдение закона о тишине,закон о тишине,0.9676063,similar_not_duplicate
фашизм в России,Россия как фашистская страна,0.96755844,duplicate
проект строительства метро в Краснодаре,строительство метро на ул.Крупской,0.9675572,not_duplicate
проект Нового Краснодара,реализация проекта Нового Краснодара,0.96748626,duplicate
концерт Филиппа Киркорова,концерт Ленинграда,0.9673945,not_duplicate
закрытие парков на ночь,закрытие парка ночью,0.96737635,duplicate
реклама в канале,реклама каналов,0.96712655,not_duplicate
закрытие парка в неурочное время,закрытие парка до официального времени,0.9667724,duplicate
досрочное закрытие парка Пушкина,закрытие парка Пушкина,0.96666425,duplicate
повышение цен на питьевую воду,повышение цен на воду,0.96660084,not_duplicate
Рождество Христово (праздник),празднование Рождества Христова,0.9665758,duplicate
расписание транспорта на Рождество,расписание общественного транспорта на Рождество,0.9664122,duplicate
состояние тротуаров,состояние дорог и тротуаров,0.96633863,not_duplicate
безопасность улицы Красноармейская,меры безопасности на улице Красноармейской,0.9661185,not_duplicate
воспитание детей,подход к воспитанию детей,0.96609145,not_duplicate
ДТП с погибшими детьми,ДТП с погибшими детьми и взрослыми,0.9660672,not_duplicate
роль СМИ в освещении проблем,освещение проблемы через СМИ,0.96588933,duplicate
состояние дорог,состояние дорог и тротуаров,0.9658708,not_duplicate
предложение помощи подруге,помощь подруге,0.96586806,not_duplicate
работа коммунальщиков в экстремальных условиях,труд коммунальщиков в экстренных условиях,0.96579975,duplicate
строительство Калины,строительство развязки у Калины,0.9657551,not_duplicate
статистика ДТП по возрасту водителей,статистика ДТП с пожилыми водителями,0.96567,not_duplicate
рекламный призыв,реклама,0.9656632,similar_not_duplicate
мебельная компания,деятельность мебельной компании,0.96563435,similar_not_duplicate
дорожно-транспортная ситуация,дорожная ситуация,0.9656292,duplicate
дорога Ростов-Семикаракорск-Волгодонск,состояние трассы Ростов-Семикаракорск,0.9656244,not_duplicate
рекламная акция,рекламная кампания,0.9655679,duplicate
поведение водителей,поведение водителей на дороге,0.96551883,similar_not_duplicate
качество дорожных работ,качество работ по обслуживанию дороги,0.96546793,not_duplicate
размер штрафа за нарушение тонировки,штраф за нарушение тонировки,0.9654169,duplicate
строительство ЖК Вест-Сайд,электричество в ЖК Вест-Сайд,0.9652659,not_duplicate
место аварии,Место ДТП,0.9650405,duplicate
детские игры 90-х,детские игры/забавы 80-х/90-х,0.9650369,not_duplicate
ДТП с погибшими,смертельное ДТП,0.9650265,duplicate
вырубленный свет,перебои со светом,0.96498084,duplicate
первая часть фильма Чебурашка,концерт группы «ИНДИИД»,0.9647863,not_duplicate
поведение агрессора,агрессивное поведение,0.9645387,duplicate
электроснабжение ЖК Вест-Сайд,падение обломков БПЛ,0.96453327,not_duplicate
концерт Ленинграда,характеристика глав субъектов РФ,0.96449876,not_duplicate
применение статьи УК РФ,применение УК РФ,0.9642941,duplicate
ЖК Вест-Сайд,концерт группы «ИНДИИД»,0.96427613,not_duplicate
опасность из-за атаки беспилотников,угроза беспилотной опасности,0.9641227,duplicate
концерт Филиппа Киркорова,концерт группы «ИНДИИД»,0.9640841,not_duplicate
закрытие ресторана Бен Холл,электроснабжение ЖК Вест-Сайд,0.964039,not_duplicate
атеизм как мировоззрение,атеизм как форма веры,0.96401083,not_duplicate
обязательная медиация перед разводом,обязательная процедура медиации при разводе,0.96394414,duplicate
обязательная медиация при разводе,медиация при разводе,0.9639372,not_duplicate
новое правило о штрафах за тонировку,новые штрафы за тонировку,0.963896,duplicate
Новый Краснодар и транспортная инфраструктура,транспортная инфраструктура Краснодара,0.96386385,not_duplicate
закрытие ресторана Бен Холл,концерт группы «ИНДИИД»,0.96384484,not_duplicate
поведение водителей на дороге,поведение водителей за рулем,0.9638386,duplicate
работа медиков скорой помощи,работа скорой помощи,0.96379864,duplicate
решение проблемы вывоза мусора,решение проблемы мусора,0.9637811,duplicate
высокие затраты на свадьбу,затраты на свадьбу,0.96376216,duplicate
автомобильный инцидент,происшествие с машиной,0.963675,duplicate
влияние фастфуда на мозг,фастфуд и его вред для мозга,0.963611,duplicate
причина пожара на 25-м этаже,пожар на 25-м этаже,0.96358407,not_duplicate
меры безопасности,обеспечение безопасности,0.96354467,duplicate
реклама,наличие рекламы,0.9634689,duplicate
первая часть фильма Чебурашка,фильм Волшебник Изумрудного города,0.96344,not_duplicate
поведение нарушающих ПДД,поведение нарушителей ПДД,0.96340626,duplicate
введение штрафов за тонировку,введение новых штрафов за тонировку,0.96333516,duplicate
электроснабжение ЖК Вест-Сайд,концерт группы «ИНДИИД»,0.96331716,not_duplicate
кинопремьера Одесия,первая часть фильма Чебурашка,0.96323776,not_duplicate
новое правило о штрафах за тонировку,введение штрафов за тонировку,0.96315295,duplicate
электроснабжение ЖК Вест-Сайд,первая часть фильма Чебурашка,0.96313834,not_duplicate
электричество в ЖК Вест-Сайд,перебои с электричеством в ЖК Вест-Сайд,0.9631045,similar_not_duplicate
взяточничество - действия власти,действия властей/коррупция,0.9630848,duplicate
поведение автора комментария,поведение автора комментария (сохранение стихов),0.9630288,similar_not_duplicate
избиение девушки,факт избиения девушки,0.96301115,duplicate
городской общественный транспорт,общественный транспорт,0.96295345,not_duplicate
место происшествия,место инцидента,0.9629418,duplicate
Филипп Киркоров,деятельность Филиппа Киркорова,0.96291417,similar_not_duplicate
кинопремьера Одесия,характеристика глав субъектов РФ,0.9628509,not_duplicate
Геополитическая ситуация в Гренландии,политическая ситуация вокруг Гренландии,0.96279544,duplicate
захват Гренландии США,возможный захват Гренландии США,0.96270967,not_duplicate
мероприятие Деда Мороза,песня Деда Мороза,0.96260226,similar_not_duplicate
закрытие ресторана Бен Холл,строительство ЖК Вест-Сайд,0.9625678,not_duplicate
угроза атаки БПЛА,опасность атаки БПЛА,0.9625249,duplicate
кинопремьера Одесия,концерт Киркорова,0.96244586,not_duplicate
концерт Филиппа Киркорова,управление Нового Краснодара,0.9623777,not_duplicate
повышение цен/эксплуатация,повышение цен,0.9623143,not_duplicate
ДТП с погибшими,смертельный исход ДТП,0.96227837,duplicate
поведение участников ДТП,поведение жертв ДТП,0.962266,not_duplicate
Не указан четко,Не указано явно,0.9621887,duplicate
работа коммунальщиков в экстремальных условиях,работа коммунальных служб в экстремальных условиях,0.96213794,duplicate
Крым,Крым чей,0.962024,similar_not_duplicate
современное искусство,новое направление современного искусства,0.9619892,not_duplicate
религиозное событие,религиозное мероприятие,0.9619329,duplicate
действия пожарных по тушению,работа пожарных,0.96193033,similar_not_duplicate
введение новых штрафов за тонировку,новый закон о штрафах за тонировку,0.9619244,duplicate
свадьба как мероприятие,проведение свадебных торжеств,0.9618651,duplicate
действия спасателей,помощь спасателей,0.96186185,duplicate
первая часть фильма Чебурашка,пересъемка старых фильмов/сказок,0.9616866,not_duplicate
мусор на контейнерной площадке,состояние мусорных контейнеров,0.96165764,not_duplicate
концерт Ленинграда,концерт группы «ИНДИИД»,0.96152824,not_duplicate
кинопремьера Одесия,электроснабжение ЖК Вест-Сайд,0.9615066,not_duplicate
наказание за оскорбление губернатора,судебное решение - наказание за оскорбление губернатора,0.9614918,duplicate
проблема с чисткой проездов в карманах,чистка проездов в карманах,0.9614679,not_duplicate
концерт Киркорова,управление Нового Краснодара,0.961449,not_duplicate
действия зацеперов,деятельность зацеперов,0.9613421,duplicate
характеристика глав субъектов РФ,концерт группы «ИНДИИД»,0.9613418,not_duplicate
концерт Ленинграда,ЖК Вест-Сайд,0.96123743,not_duplicate
концерт Филиппа Киркорова,электроснабжение ЖК Вест-Сайд,0.961173,not_duplicate
электроснабжение ЖК Вест-Сайд,характеристика глав субъектов РФ,0.9611342,not_duplicate
работа системы блокировки ботов,блокировка ботов,0.9610866,duplicate
чистка карманов на улице Ленина,очистка проездов в карманах на улице Ленина,0.9610114,duplicate
новое правило о штрафах за тонировку,новый закон о штрафах за тонировку,0.96095484,duplicate
действия полиции,действия полиции/властей,0.96090806,duplicate
ледовый городок Екатеринбурга,ледовый рокерский городок Екатеринбурга,0.9608806,not_duplicate
сбитие беспилотников,сбитый беспилотник,0.9608617,not_duplicate
сериал Полиция Дели,концерт группы «ИНДИИД»,0.96083856,not_duplicate
работа автора,деятельность автора,0.9607823,duplicate
долг за лечение и хранение тела,долг за лечение и тело,0.96071684,duplicate
поведение женщины,поведение женщины в ПВЗ,0.96069837,similar_not_duplicate
выбросы мазута на побережье,загрязнение мазутом побережья,0.960613,duplicate
поведение водителей,поведение водителей (ДТП),0.96054673,similar_not_duplicate
время начала причастия в храме,время проведения причастия в храме,0.960499,duplicate
ЖК Вест-Сайд,характеристика глав субъектов РФ,0.9604858,not_duplicate
меры по улучшению безопасности на дорогах,безопасность на дорогах,0.96044225,not_duplicate
энергоснабжение населенных пунктов,энергоснабжение в районе,0.96035385,not_duplicate
управление Нового Краснодара,характеристика глав субъектов РФ,0.96034855,not_duplicate
ДТП с жертвами детей,гибель детей в ДТП,0.9602722,duplicate
высокая стоимость свадьбы,затраты на свадьбу,0.960232,duplicate
строительство ЖК Вест-Сайд,концерт группы «ИНДИИД»,0.9602043,not_duplicate
сбитые беспилотники в Башкирии,сбитые беспилотники над Башкирией,0.96018124,duplicate
концерт Ленинграда,первая часть фильма Чебурашка,0.9601381,not_duplicate
работа пенсионеров на удалёнке,работа пенсионеров,0.9601332,not_duplicate
уборка снега,уборка снега грейдером,0.9599408,not_duplicate
высокая стоимость свадьбы,стоимость свадьбы,0.95989937,duplicate
участие в концерте Киркорова,концерт Киркорова,0.9598487,duplicate
ограничения мобильной связи,ограничения мобильного интернета,0.95982975,not_duplicate
поджог кустов детьми,сжигание детей,0.9596262,not_duplicate
туристический наплыв в Москву,наплыв туристов в Москву,0.95960426,duplicate
строительство ЖК Вест-Сайд,первая часть фильма Чебурашка,0.9595834,not_duplicate
повторяющиеся проблемы ЖК Вест-Сайд,проблемы в ЖК Вест-Сайд,0.9594242,not_duplicate
сериал Полиция Дели,первая часть фильма Чебурашка,0.95941895,not_duplicate
новогодние праздники,празднование Рождества и Нового года,0.9594182,not_duplicate
мероприятие Филиппа Киркорова,концерт Филиппа Киркорова,0.9593855,similar_not_duplicate
действия инспекторов ГИБДД,концерт группы «ИНДИИД»,0.95935863,not_duplicate
выбор красивой даты для свадьбы,выбор дат для свадеб,0.9593543,not_duplicate
застройка в Краснодаре,строительство в Новом Краснодаре,0.9593361,not_duplicate
пропажа Милы Яковлевой,пропажа Милены Яковлевой,0.9593246,duplicate
ДТП,страшное ДТП,0.95922124,duplicate
Рождество Христово,празднование Рождества Христова,0.9592045,duplicate
кинопремьера Одесия,"сериал «Клуб», Вася",0.9592042,not_duplicate
выступление Деда Мороза,пение Деда Мороза,0.959194,similar_not_duplicate
новое правило о штрафах за тонировку,закон о штрафах за тонировку,0.9589931,duplicate
"сериал «Клуб», Вася",концерт группы «ИНДИИД»,0.95896554,not_duplicate
безопасность в ДТП,безопасность пассажиров в ДТП,0.9589306,not_duplicate
работа администрации города,действия администрации города,0.95889485,duplicate
поведение аудитории,поведение публики,0.9588894,duplicate
концерт Филиппа Киркорова,характеристика глав субъектов РФ,0.958875,not_duplicate
строительство дорожной развязки,строительство дорог и развязок,0.95882607,not_duplicate
повышение цен/эксплуатация,рост цен,0.9588188,not_duplicate
установка камер в раздевалках,камеры в раздевалках,0.95878786,duplicate
выступление Деда Мороза с песней,выступление Деда Мороза,0.9587852,similar_not_duplicate
метод сбора мусора,уборка мусора,0.9587432,similar_not_duplicate
метод сбора мусора,способ уборки мусора,0.9587159,duplicate
новые шумозащитные конструкции,шумозащитные конструкции,0.9584577,not_duplicate
поджог кустов детьми,поджог детей,0.9584528,not_duplicate
деревья прилегающие к проводам,дерево на проводах,0.9584494,not_duplicate
счет за квартиру,счет за квартплату,0.95843303,duplicate
новое правило о медиаторах при разводе,новое правило с медиаторами при разводе,0.95842487,duplicate
повышение цен,повышение цен на товары,0.9584209,not_duplicate
поведение автора,поведение автора (водителя),0.9583809,similar_not_duplicate
выбор красивой даты для свадьбы,выбор даты свадьбы,0.95837927,duplicate
посещение концерта Филиппа Киркорова,Участие Филиппа Киркорова в концерте,0.9583363,not_duplicate
штрафы за неправильную тонировку,штраф за нарушение тонировки,0.95817316,duplicate
Рождественский Сочельник,Рождественский сочельник и его празднование,0.9581107,duplicate
состояние дорог,условия на дорогах,0.9580772,duplicate
поведение детей,поведение детей (вредительство),0.9580054,similar_not_duplicate
закрытие ресторана Бен Холл,первая часть фильма Чебурашка,0.95798385,not_duplicate
состояние дороги во время ремонта,ремонт дороги,0.95798147,not_duplicate
страшное ДТП,смертельное ДТП,0.95796514,duplicate
метод сбора мусора,Метод утилизации мусора,0.9578986,not_duplicate
отключение электричества в ЖК Вест-Сайд,Проблемы ЖК Вест-Сайд,0.95789206,not_duplicate
цены на билеты,ценник на билеты,0.9578865,duplicate
расходы на свадьбу,высокие затраты на свадьбу,0.95787764,duplicate
состояние здоровья автора поста,здоровье автора поста,0.95786875,duplicate
Действия по защите побережья от мазута,меры защиты побережья,0.9578239,duplicate
дорожная безопасность,меры по улучшению безопасности на дорогах,0.95770943,not_duplicate
кинопремьера Одесия,ЖК Вест-Сайд,0.9576835,not_duplicate
дорожно-транспортное происшествие,Жёсткое ДТП,0.9575636,duplicate
прикорм у детей,детское питание,0.95747995,not_duplicate
поведение властей,действия властей,0.9573376,duplicate
ситуация в ЖК Вест-Сайд,проблемы в ЖК Вест-Сайд,0.95728165,duplicate
строительство ЖК Вест-Сайд,характеристика глав субъектов РФ,0.95716596,not_duplicate
причина смерти - лихорадка денге,смерть от лихорадки денге,0.95715964,duplicate
рекламная акция,наличие рекламы,0.95714986,not_duplicate
поведение участников ДТП,поведение водителей в ДТП,0.9569256,not_duplicate
ретро-вещи 80-х и 90-х,ретро-вещи 80-х/90-х,0.9569087,duplicate
участие в церковных мероприятиях,участие в богослужении,0.95688105,not_duplicate
электричество в ЖК Вест-Сайд,Проблемы ЖК Вест-Сайд,0.95687693,not_duplicate
Рождество Христово,канун Рождества Христова,0.95687014,not_duplicate
мероприятие Филиппа Киркорова,концерт Киркорова,0.95681465,similar_not_duplicate
проблемы с мобильной связью,проблемы с мобильным интернетом,0.95681375,not_duplicate
повышение цен/эксплуатация,повышение цен на товары,0.9567925,not_duplicate
Пожар в квартире,пожар в квартире - местоположение,0.95677245,duplicate
электроснабжение ЖК Вест-Сайд,действия инспекторов ГИБДД,0.9567549,not_duplicate
наплыв туристов в Сочи,наплыв туристов в Сочи зимой,0.9567373,not_duplicate
состояние льда,состояние ледового городка,0.95662826,not_duplicate
работоспособность камер видеонаблюдения,эффективность камер видеонаблюдения,0.9565321,duplicate
концерт Киркорова,первая часть фильма Чебурашка,0.95649683,not_duplicate
состояние тротуаров на улице Автолюбителей,состояние тротуаров на Автолюбителей,0.9564564,duplicate
количество ДТП,частота ДТП,0.9564381,not_duplicate
вывоз мусора,проблема вывоза мусора,0.9564265,not_duplicate
действия инспекторов ГИБДД,характеристика глав субъектов РФ,0.9564023,not_duplicate
стоимость билетов,ценник на билеты,0.9563768,duplicate
маркетинговая кампания,рекламная кампания,0.95612025,not_duplicate
проект строительства метро в Краснодаре,строительство метро в Новознаменскую,0.95599186,not_duplicate
поведение автора поста,действия автора поста,0.95597804,duplicate
новые штрафы за тонировку,новый закон о штрафах за тонировку,0.9558756,duplicate
ледовый городок,состояние ледового городка,0.95585895,duplicate
загрязнение речки Белекес,сброс нечистот в реку Белекес,0.95585257,duplicate
удалённое обучение пенсионеров,программа обучения пенсионеров удалёнке,0.9557777,duplicate
распределение подарков детям,получение подарков детьми,0.95576584,duplicate
концерт Ленинграда,строительство ЖК Вест-Сайд,0.95571274,not_duplicate
обучение пенсионеров удалёнке,программа обучения пенсионеров удалёнке,0.9556488,duplicate
организация сбора мусора,организация вывоза мусора,0.9555743,duplicate
политика РФ по нерабочим дням,политика РФ,0.95548344,not_duplicate
смертельное ДТП на дороге,смертельный исход ДТП,0.9554264,duplicate
условия на дорогах,дорожная обстановка,0.9554141,duplicate
поведение сотрудников,поведение сотрудников УК,0.9554109,not_duplicate
сбитие беспилотников,взрывы беспилотников,0.9554043,not_duplicate
концерт Филиппа Киркорова,"титул ""Поп-король"" Филиппа Бедросовича",0.95540285,not_duplicate
задержка поездов,Железнодорожные задержки,0.9553837,duplicate
действия электриков,поведение электриков,0.9553674,duplicate
рекламный призыв,наличие рекламы,0.95536065,not_duplicate
существование Деда Мороза как символа праздника,Дед Мороз как символ,0.9552725,duplicate
решение проблемы вывоза мусора,Ситуация с вывозом мусора,0.9552528,not_duplicate
первая часть фильма Чебурашка,падение обломков БПЛ,0.95523196,not_duplicate
ситуация в Башкирии,обстановка в Башкирии,0.95519733,duplicate
состояние дорог в Челябинской области,качество дорог в Челябинской области,0.9551963,duplicate
отключение электричества в районе,отсутствие электричества в районе,0.9551282,duplicate
угроза безопасности,безопасность при угрозе,0.95508456,duplicate
исполнение Филиппа Киркорова,стиль Филиппа Киркорова,0.9549613,not_duplicate
участие водителя в конкурсе Голос Стерли,концерт группы «ИНДИИД»,0.9549565,not_duplicate
выполнение обещаний чиновников,реализация обещаний властей,0.95481795,duplicate
применение УК РФ,характеристика глав субъектов РФ,0.95476043,not_duplicate
действия украинцев по применению дронов,использование украинских беспилотников,0.95463383,duplicate
горнолыжный курорт,отдых в горнолыжных курортах,0.9546281,similar_not_duplicate
закрытие ресторанов,рестораны (закрываются),0.9546145,duplicate
концерт Филиппа Киркорова,спектакли Московского театра,0.9545776,not_duplicate
парковка во дворах,парковка автомобилей во дворах,0.9545504,duplicate
знания об истории СССР,история СССР,0.9545114,not_duplicate
закрытие ресторана Бен Холл,ЖК Вест-Сайд,0.95449257,not_duplicate
сериал Полиция Дели,фильм Волшебник Изумрудного города,0.9544833,not_duplicate
"титул ""Поп-король"" Филиппа Бедросовича",концерт группы «ИНДИИД»,0.9544742,not_duplicate
Участие в концерте ЛЮБЭ,концерт поп-короля,0.9544529,not_duplicate
повышение цен на товары,рост цен,0.95442915,not_duplicate
ситуация ДТП,Жёсткое ДТП,0.95440817,duplicate
предложение квартир в ЖК,покупка квартиры в ЖК Ривьера,0.9543786,not_duplicate
характеристика глав субъектов РФ,спектакли Московского театра,0.9542381,not_duplicate
судебное наказание за мошенничество,наказание за мошенничество,0.9542126,duplicate
действия чиновников,поведение чиновников,0.95420516,duplicate
концерт Филиппа Киркорова,концерт поп-короля,0.95408136,duplicate
введение штрафов за тонировку,новый закон о штрафах за тонировку,0.9539751,duplicate
призыв подписаться,предложение подписаться,0.95396054,duplicate
строительство ЖК Вест-Сайд,действия инспекторов ГИБДД,0.9539547,not_duplicate
выступление Филиппа Киркорова,исполнение Филиппа Киркорова,0.95388556,duplicate
строительство ЖК Вест-Сайд,пересъемка старых фильмов/сказок,0.9537646,not_duplicate
ЖК Вест-Сайд,первая часть фильма Чебурашка,0.95376325,not_duplicate
сериал Полиция Дели,действия инспекторов ГИБДД,0.95372725,not_duplicate
эффективность ремней безопасности,использование ремней безопасности,0.95366347,not_duplicate
строительство метро на ул.Крупской,строительство метро в Новознаменскую,0.9535205,not_duplicate
опыт посещения кинотеатра,посещение кинотеатра,0.95345587,duplicate
работа по вывозу мусора,работа компании по вывозу мусора,0.95341444,not_duplicate
деятельность Филиппа Киркорова,стиль Филиппа Киркорова,0.9533429,not_duplicate
действия спасателей,работа спасателей,0.95332885,duplicate
кинопремьера Одесия,строительство ЖК Вест-Сайд,0.9532808,not_duplicate
беспилотники,перехват беспилотников,0.9532639,similar_not_duplicate
правовая защита женщин при разводе,права женщин при разводе,0.9532585,duplicate
способ уборки мусора,ситуация с уборкой мусора,0.9531941,not_duplicate
новые штрафы за тонировку,увеличение штрафов за тонировку,0.953141,not_duplicate
сиквел Короля и Шута,пересъемка старых фильмов/сказок,0.9530672,not_duplicate
введение ГОСТа на шаверму,внедрение ГОСТа на шаурму,0.95303637,duplicate
дорожная обстановка,дорожное движение,0.9529747,not_duplicate
кинопремьера Одесия,спектакли Московского театра,0.9529657,not_duplicate
безопасность горки,безопасность на горке,0.9529595,duplicate
сериал Полиция Дели,электроснабжение ЖК Вест-Сайд,0.95292264,not_duplicate
карьера Бритни Спирс,концерт группы «ИНДИИД»,0.9529169,not_duplicate
кассовые сборы фильма «Чебурашка 2»,первая часть фильма Чебурашка,0.95289934,not_duplicate
действия инспекторов ГИБДД,падение обломков БПЛ,0.95288205,not_duplicate
первая часть фильма Чебурашка,характеристика глав субъектов РФ,0.9527357,not_duplicate
концерт Филиппа Киркорова,строительство ЖК Вест-Сайд,0.95268786,not_duplicate
дорожно-транспортное происшествие,смертельное ДТП на дороге,0.95263785,not_duplicate
контент без искусственного интеллекта,контент без ИИ,0.95263624,duplicate
угроза беспилотной опасности,объявление беспилотной опасности,0.9526197,similar_not_duplicate
концерт Филиппа Киркорова,падение обломков БПЛ,0.9525833,not_duplicate
дроновое нападение,беспилотная атака,0.95256984,duplicate
электроснабжение ЖК Вест-Сайд,фильм Волшебник Изумрудного города,0.95242536,not_duplicate
Отсутствие электричества у Зазулина,отключение электроэнергии в Зазулине,0.9524114,duplicate
состояние дороги Ростов-Волгодонск,состояние трассы Ростов-Волгодонск,0.9523015,duplicate
электроснабжение ЖК Вест-Сайд,пересъемка старых фильмов/сказок,0.95229256,not_duplicate
способ уничтожения беспилотников,уничтожение беспилотников ПВО,0.9522614,not_duplicate
состояние трассы Ростов-Волгодонск,управление Нового Краснодара,0.9522456,not_duplicate
взрывы над Стерлитамаком,взрывы в Стерлитамаке,0.952207,duplicate
фильм Волшебник Изумрудного города,пересъемка старых фильмов/сказок,0.95211196,not_duplicate
качество воды,поведение УК и качество воды,0.95204043,not_duplicate
гибель ребенка и женщины в ДТП,страшное ДТП с ребенком и женщиной,0.95202434,duplicate
работа в GSB,работа в GSB на Хвойной,0.9519472,not_duplicate
концерт Филиппа Киркорова,состояние трассы Ростов-Волгодонск,0.9519425,not_duplicate
беспилотники,фиксация беспилотных летательных аппаратов,0.9518495,similar_not_duplicate
парковка автомобилей во дворах,парковка машин на газоне,0.95181835,not_duplicate
строительство ЖК Вест-Сайд,падение обломков БПЛ,0.95180714,not_duplicate
фильм Рождество на двоих,мероприятие Деда Мороза,0.95179546,not_duplicate
качество отечественного кино,качество фильма/сериала,0.95166737,not_duplicate
ДТП с жертвами детей,ДТП с погибшими детьми и взрослыми,0.9516363,not_duplicate
поведение родителей,поведение родителей ребенка,0.9516043,not_duplicate
состояние дороги от Магнитогорска до Челябинска,состояние дорог в Челябинской области,0.9515764,not_duplicate
кинопремьера Одесия,управление Нового Краснодара,0.95150065,not_duplicate
концерт Филиппа Киркорова,ЖК Вест-Сайд,0.9514951,not_duplicate
концерт Филиппа Киркорова,концерт SCORPIONS в Ростове,0.951486,not_duplicate
пение Деда Мороза,песня Деда Мороза,0.95143664,duplicate
"сериал «Клуб», Вася",первая часть фильма Чебурашка,0.9512767,not_duplicate
Жёсткое ДТП,смертельное ДТП,0.95127034,duplicate
участие в концерте,сцена на концерте,0.9512366,not_duplicate
Джефф Миллз,ЖК Вест-Сайд,0.95121604,not_duplicate
рождение детей,рождаемость детей,0.951208,duplicate
организация вывоза мусора,работа компании по вывозу мусора,0.9511517,not_duplicate
расходы на свадьбу,высокая стоимость свадьбы,0.9511379,duplicate
празднование Рождества,рождественские традиции/колядование,0.9511366,not_duplicate
сбитый беспилотник,перехват беспилотников,0.95095205,not_duplicate
реклама,рекламная кампания,0.95091116,similar_not_duplicate
концерт Ленинграда,электроснабжение ЖК Вест-Сайд,0.9508967,not_duplicate
рождественские традиции/колядование,Рождественский сочельник и его празднование,0.9507482,not_duplicate
первая часть фильма Чебурашка,спектакли Московского театра,0.9507465,not_duplicate
концерт Киркорова,характеристика глав субъектов РФ,0.95067245,not_duplicate
атака украинских беспилотников,перехват украинских беспилотников,0.9506688,not_duplicate
концерт Филиппа Киркорова,"сериал «Клуб», Вася",0.9506571,not_duplicate
работа общественного транспорта на Рождество,работа общественного транспорта в рождественскую ночь,0.9506415,not_duplicate
меры защиты побережья,эффективность защиты побережья,0.95061415,not_duplicate
реакция на аварию,реакция на происшествие,0.95056534,duplicate
концерт Филиппа Киркорова,сериал Полиция Дели,0.9505095,not_duplicate
концерт поп-короля,концерт Ленинграда,0.95049495,not_duplicate
страшное ДТП,смертельное ДТП на дороге,0.9504195,duplicate
кинопремьера Одесия,сериал Полиция Дели,0.95038736,not_duplicate
новая система медиации при разводе,новое правило медиации при разводе,0.95029235,duplicate
вывоз мусора,Ситуация с вывозом мусора,0.9502908,not_duplicate
действия инспекторов ГИБДД,первая часть фильма Чебурашка,0.9502826,not_duplicate
качество дорог,качество дорожных работ,0.9502401,not_duplicate
электроснабжение ЖК Вест-Сайд,управление Нового Краснодара,0.9502352,not_duplicate
закрытие ресторана Бен Холл,Джефф Миллз,0.9502088,not_duplicate
закрытие парка досрочно,закрытие территории парка,0.9501965,not_duplicate
отключение электричества в ЖК Вест-Сайд,электроснабжение ЖК Вест-Сайд,0.9501117,similar_not_duplicate
спасение домашних животных в Судже,спасение животных в Судже,0.9500041,similar_not_duplicate
концерт Киркорова,спектакли Московского театра,0.9499489,not_duplicate
сериал Полиция Дели,пересъемка старых фильмов/сказок,0.94991493,not_duplicate
количество камер,количество камер видеофиксации,0.9498082,not_duplicate
инцидент на Красноармейской,происшествие в Краснодаре,0.9497974,not_duplicate
использование ремней безопасности в ДТП,использование ремней и кресел в ДТП,0.9497862,not_duplicate
поведение администрации,действия администрации,0.9497676,duplicate
концерт поп-короля,сериал Полиция Дели,0.9497363,not_duplicate
ДТП и его последствия,тяжелые последствия аварии,0.94972456,duplicate
вывоз мусора,работа по вывозу мусора,0.9497152,duplicate
обязательная медиация перед разводом,медиация при разводе,0.9497079,not_duplicate
концерт Ленинграда,управление Нового Краснодара,0.9497029,not_duplicate
ударение в словах,местечковые слова,0.9496713,not_duplicate
ЖК Вест-Сайд,электричество в ЖК Вест-Сайд,0.94966435,similar_not_duplicate
повышение цен/эксплуатация,повышение цен/НДС,0.9496253,not_duplicate
Действия пожарных при тушении пожара,работа пожарных,0.949582,similar_not_duplicate
эвакуация при пожаре,эвакуация из многоэтажки при пожаре,0.94953245,not_duplicate
ДТП с погибшими детьми и взрослыми,гибель детей в ДТП,0.9495244,not_duplicate
Удары украинскими беспилотниками,перехват украинских беспилотников,0.9494535,not_duplicate
концерт SCORPIONS в Ростове,спектакли Московского театра,0.949418,not_duplicate
пересъемка старых фильмов/сказок,концерт группы «ИНДИИД»,0.9493486,not_duplicate
призыв к отправке эксклюза,призыв к отправке эксклюзива,0.9492457,duplicate
ценники на товары,цены на товары,0.94921106,duplicate
концерт поп-короля,пересъемка старых фильмов/сказок,0.9492084,not_duplicate
закрытие ресторана Бен Холл,падение обломков БПЛ,0.94920224,not_duplicate
вывоз мусора,проблема с вывозом мусора,0.94914687,not_duplicate
строительство ЖК Вест-Сайд,фильм Волшебник Изумрудного города,0.949088,not_duplicate
концерт поп-короля,первая часть фильма Чебурашка,0.94907874,not_duplicate
концерт Филиппа Киркорова,фильм Волшебник Изумрудного города,0.9489664,not_duplicate
состояние дорог в Челябинске,качество дорог в Челябинской области,0.9489521,not_duplicate
карьера Бритни Спирс,кинопремьера Одесия,0.9489068,not_duplicate
падение обломков БПЛ,характеристика глав субъектов РФ,0.94887114,not_duplicate
Дед Мороз,выступление Деда Мороза,0.948813,similar_not_duplicate
закрытие ресторана Бен Холл,кинопремьера Одесия,0.94879943,not_duplicate
фильм Волшебник Изумрудного города,концерт группы «ИНДИИД»,0.9487933,not_duplicate
закрытие ресторана Бен Холл,фильм Волшебник Изумрудного города,0.94878876,not_duplicate
строительство шумозащитных конструкций,шумозащитные конструкции,0.94875824,not_duplicate
сиквел Короля и Шута,первая часть фильма Чебурашка,0.9487547,not_duplicate
действия администрации города,действия муниципалитета,0.94872665,duplicate
концерт поп-короля,концерт группы «ИНДИИД»,0.94872266,not_duplicate
наличие электрического органа в отеле,электрический орган в отеле,0.94863445,duplicate
концерт Киркорова,концерт группы «ИНДИИД»,0.94863266,not_duplicate
Беспилотная опасность,объявление беспилотной опасности,0.94846386,similar_not_duplicate
помощь спасателей,работа спасателей,0.94841945,duplicate
поведение участников ДТП,поведение водителей после аварии,0.9483788,not_duplicate
действия силовиков при проверке ресторана,проверка ресторанов силовиками,0.9483726,duplicate
состояние Екатеринбурга,Екатеринбург,0.94836766,duplicate
поведение водителей в ДТП,поведение водителей после аварии,0.9483121,not_duplicate
Рождественский сочельник и его празднование,рождественские мероприятия,0.9482973,not_duplicate
свадьба как мероприятие,свадьбы как явление,0.9482528,duplicate
выступление Филиппа Киркорова,деятельность Филиппа Киркорова,0.9481796,similar_not_duplicate
концерт SCORPIONS в Ростове,состояние трассы Ростов-Волгодонск,0.94810593,not_duplicate
состояние трассы Ростов-Волгодонск,характеристика глав субъектов РФ,0.948078,not_duplicate
содержание поста,текст поста,0.94805735,duplicate
концерт Ленинграда,концерт SCORPIONS в Ростове,0.94796234,not_duplicate
поведение водителя во время ДТП,поведение участников ДТП,0.9479235,not_duplicate
Железнодорожное полотно повреждено,повреждение железной дороги,0.9479084,duplicate
сериал Полиция Дели,строительство ЖК Вест-Сайд,0.94790655,not_duplicate
участие в концерте Киркорова,Участие в концерте ЛЮБЭ,0.94787765,not_duplicate
закрытие ресторана Бен Холл,пересъемка старых фильмов/сказок,0.9478761,not_duplicate
состояние шумозащитных конструкций,ненадежность шумозащитных конструкций,0.9478616,not_duplicate
поведение водителя (Акцента),поведение водителей за рулем,0.9478376,not_duplicate
поведение автора комментария,действие автора комментария,0.9477727,duplicate
тонировка автомобиля,применение тонировки к автомобилям,0.94774425,duplicate
фильм Чебурашка 2,успех фильма Чебурашка 2,0.94770366,duplicate
рождаемость в Башкирии,рождение детей в Башкирии,0.9475174,duplicate
строительство ЖК Вест-Сайд,Проблемы ЖК Вест-Сайд,0.94749856,not_duplicate
предложение работы,предложение работы/подработки,0.94747233,duplicate
концерт Киркорова,состояние трассы Ростов-Волгодонск,0.9474423,not_duplicate
поведение гостей на мероприятии,поведение посетителей на вечеринке,0.94739574,not_duplicate
высокие затраты на свадьбу,стоимость свадьбы,0.9473859,duplicate
Действия Украины (нападение),действия Украины,0.9473632,similar_not_duplicate
концерт Филиппа Киркорова,закрытие ресторана Бен Холл,0.9472394,not_duplicate
первая часть фильма Чебурашка,участие водителя в конкурсе Голос Стерли,0.9471512,not_duplicate
обрушение крыши,состояние крыш после обвала,0.94711685,not_duplicate
работа общественного транспорта,общественный транспорт,0.9471091,duplicate
концерт Ленинграда,применение УК РФ,0.9470796,not_duplicate
поведение застройщиков (начинают строить),поведение застройщиков,0.9470686,similar_not_duplicate
Рождество Христово (праздник),канун Рождества Христова,0.9470465,not_duplicate
концерт поп-короля,строительство ЖК Вест-Сайд,0.9470335,not_duplicate
качество отечественного кино,отечественное кино,0.9469935,duplicate
беспилотники,источник беспилотников,0.9469571,similar_not_duplicate
концерт Киркорова,ЖК Вест-Сайд,0.9469455,not_duplicate
цена на товары/услуги,цены на товары,0.9469069,not_duplicate
"титул ""Поп-король"" Филиппа Бедросовича",кинопремьера Одесия,0.94688964,not_duplicate
ЖК Вест-Сайд,действия инспекторов ГИБДД,0.9468568,not_duplicate
деятельность ПВЗ,работа ПВЗ,0.94684243,duplicate
уборка территории,управление уборкой территории,0.9467148,not_duplicate
характеристика глав субъектов РФ,участие водителя в конкурсе Голос Стерли,0.9467069,not_duplicate
концерт Киркорова,электроснабжение ЖК Вест-Сайд,0.94668365,not_duplicate
новое правило правительства о медиаторах при разводе,новое правило о медиаторах при разводе,0.9466248,duplicate
мероприятие Рождество,рождественские мероприятия,0.9464855,not_duplicate
концерт поп-короля,ЖК Вест-Сайд,0.9464567,not_duplicate
закрытие ресторана Бен Холл,действия инспекторов ГИБДД,0.9464482,not_duplicate
использование украинских беспилотников,беспилотники из Украины,0.94638807,duplicate
повышение цен/эксплуатация,частое повышение цен на товары,0.9462352,not_duplicate
смертельное ДТП на дороге,Жёсткое ДТП,0.94620556,duplicate
рекламный призыв,рекламная кампания,0.94618845,not_duplicate
покупка квартиры в ЖК Ривьера,продажа квартир в ЖПЭ,0.9461298,not_duplicate
состояние дорог,дорожная обстановка,0.9461237,duplicate
ЖК Вест-Сайд,падение обломков БПЛ,0.9460609,not_duplicate
концерт Киркорова,концерт поп-короля,0.94595504,duplicate
ДТП в Ростовской области,ДТП на трассе Ростов – Семикаракорск – Волгодонск,0.94594336,not_duplicate
беспилотная атака,информация о беспилотной атаке,0.945899,not_duplicate
восстановление остановки мэрией,действия мэрии по восстановлению остановки,0.94586074,duplicate
выбор песен Деда Мороза,пение Деда Мороза,0.9458299,not_duplicate
пересъемка старых фильмов/сказок,падение обломков БПЛ,0.94580543,not_duplicate
Джефф Миллз,концерт группы «ИНДИИД»,0.9457485,not_duplicate
отключение электричества в ЖК Вест-Сайд,строительство ЖК Вест-Сайд,0.9457414,not_duplicate
беспилотники,полет беспилотников,0.9457377,similar_not_duplicate
концерт Филиппа Киркорова,участие водителя в конкурсе Голос Стерли,0.94559085,not_duplicate
премьеры в кино,спектакли Московского театра,0.94559085,not_duplicate
работа по вывозу мусора,вывоз мусора / подрядчик,0.9455528,not_duplicate
обязательная медиация при разводе,новое правило медиации при разводе,0.94551164,not_duplicate
поведение водителя во время ДТП,поведение водителей после аварии,0.94550514,not_duplicate
использование ремней безопасности в ДТП,использование ремней безопасности,0.94543403,similar_not_duplicate
закрытие парка досрочно,закрытие парка до официального времени,0.9454273,duplicate
ДТП,Место ДТП,0.9454129,not_duplicate
дорожно-транспортное происшествие,ДТП,0.94539046,duplicate
погибшие в ДТП,смертельное ДТП,0.9453714,duplicate
безопасность пассажиров в ДТП,меры безопасности в ДТП,0.9453001,not_duplicate
праздничное настроение,праздничная атмосфера,0.94528127,duplicate
Джефф Миллз,строительство ЖК Вест-Сайд,0.9452765,not_duplicate
действия полиции,реакция полиции,0.9452466,duplicate
действия полиции/властей,поведение полиции,0.94516575,not_duplicate
поведение автора,поведение автора и зацеперов,0.9451119,not_duplicate
свадьбы как показуха,свадьбы как явление,0.945066,not_duplicate
концерт Киркорова,концерт SCORPIONS в Ростове,0.9450484,not_duplicate
рождаемость в Башкирии,рождаемость в Башкортостане,0.94503677,duplicate
рождественские традиции/колядование,рождественские мероприятия,0.945013,not_duplicate
ракетная опасность,объявление о ракетной опасности,0.94499624,similar_not_duplicate
обсуждение красивых дат для свадьбы,выбор красивой даты для свадьбы,0.94495,not_duplicate
ЖК Вест-Сайд,МУП 'СТЭ',0.94484335,not_duplicate
парковка автомобилей в парке,парковка автомобилей во дворах,0.94483006,not_duplicate
пересъемка старых фильмов/сказок,премьеры в кино,0.94480795,not_duplicate
действия США по захвату Гренландии,захват Гренландии США,0.94475305,duplicate
концерт Ленинграда,"сериал «Клуб», Вася",0.9447526,not_duplicate
фильм Хроники Нарнии,первая часть фильма Чебурашка,0.94470835,not_duplicate
обязательная медиация при разводе,процесс развода с медиацией,0.9446453,not_duplicate
ЖК Вест-Сайд,пересъемка старых фильмов/сказок,0.9445876,not_duplicate
повышение тарифов на воду,повышение цен на воду,0.94452643,duplicate
Казахстан на первом кадре,связь событий с Казахстаном,0.94448686,not_duplicate
места для катания,альтернативное место для катания,0.9444427,not_duplicate
концерт Ленинграда,состояние трассы Ростов-Волгодонск,0.944424,not_duplicate
кассовые сборы фильма «Чебурашка 2»,успех фильма Чебурашка 2,0.9444001,not_duplicate
сериал Полиция Дели,участие водителя в конкурсе Голос Стерли,0.9443949,not_duplicate
поведение людей в парке,поведение посетителей парка,0.9443946,duplicate
сиквел Короля и Шута,жанр шансон,0.9443941,not_duplicate
предложение работы,работа / предложение работы,0.94438183,duplicate
распространение мусора,накопление мусора,0.94431233,not_duplicate
"сериал «Клуб», Вася",участие водителя в конкурсе Голос Стерли,0.94427973,not_duplicate
медиация при разводе,новая система медиации при разводе,0.9441978,not_duplicate
повышение пенсионного возраста,увеличение пенсии,0.9441836,not_duplicate
сериал Полиция Дели,"сериал «Клуб», Вася",0.9441796,not_duplicate
Филипп Киркоров - шоу,деятельность Филиппа Киркорова,0.94410926,similar_not_duplicate
автомобиль БЕЛДЖИ,падение обломков БПЛ,0.9440484,not_duplicate
работа администрации города,состояние города и работа администрации,0.94393593,not_duplicate
ситуация ДТП,страшное ДТП,0.9438934,duplicate
кинопремьера Одесия,концерт поп-короля,0.94384974,not_duplicate
концерт поп-короля,сиквел Короля и Шута,0.94381225,not_duplicate
ошибка в слове,опечатка в слове,0.94377404,duplicate
состояние шумозащитных конструкций,шумозащитные конструкции,0.94375956,duplicate
сбитый беспилотник,дрон сбитый,0.9437297,duplicate
увеличение штрафов за тонировку,введение новых штрафов за тонировку,0.9437286,not_duplicate
концерт Киркорова,строительство ЖК Вест-Сайд,0.94361067,not_duplicate
циферка отопления,отопление/котлы,0.94360733,not_duplicate
участие в концерте Киркорова,концерт Филиппа Киркорова,0.94360447,duplicate
эффективность уборки снега,метод уборки снега,0.943579,not_duplicate
работа камер видеонаблюдения,работоспособность камер видеонаблюдения,0.9435572,duplicate
кинопремьера Одесия,фильм Волшебник Изумрудного города,0.943555,not_duplicate
спектакли Московского театра,концерт группы «ИНДИИД»,0.9434637,not_duplicate
"титул ""Поп-король"" Филиппа Бедросовича",первая часть фильма Чебурашка,0.9433538,not_duplicate
действия инспекторов ГИБДД,пересъемка старых фильмов/сказок,0.9433268,not_duplicate
подготовка горнолыжных курортов,горнолыжный курорт,0.943323,similar_not_duplicate
строительство ЖК Вест-Сайд,управление Нового Краснодара,0.9432921,not_duplicate
общая ситуация,общая обстановка,0.9432421,duplicate
сериал Полиция Дели,характеристика глав субъектов РФ,0.9432281,not_duplicate
чистка дорог в карманах,чистка проездов в карманах,0.9432219,duplicate
деятельность детей с пиротехникой,поведение детей с пиротехникой,0.94316363,duplicate
вывоз мусора,решение проблемы вывоза мусора,0.94310576,not_duplicate
"сериал «Клуб», Вася",характеристика глав субъектов РФ,0.9430441,not_duplicate
автомобиль БЕЛДЖИ,первая часть фильма Чебурашка,0.94303775,not_duplicate
ситуация ДТП,автомобильный инцидент,0.9430158,duplicate
строительство метро в Краснодаре,строительство метро в Новознаменскую,0.94300413,not_duplicate
новое правило о штрафах за тонировку,введение новых штрафов за тонировку,0.9429302,duplicate
электроснабжение ЖК Вест-Сайд,Проблемы ЖК Вест-Сайд,0.9429172,not_duplicate
кинопремьера Одесия,участие водителя в конкурсе Голос Стерли,0.9429104,not_duplicate
управление Нового Краснодара,первая часть фильма Чебурашка,0.94277227,not_duplicate
помощь животным в Судже,помощь животным,0.94275874,not_duplicate
Джефф Миллз,электроснабжение ЖК Вест-Сайд,0.942708,not_duplicate
уборка мусора в районе,уборка мусора,0.9426931,not_duplicate
работа администрации города,управление городом,0.9426297,duplicate
концерт поп-короля,электроснабжение ЖК Вест-Сайд,0.94251597,not_duplicate
уборка снега в Екатеринбурге,чистка Екатеринбурга от снега,0.9425073,duplicate
реанимация после праздников,реанимация людей после праздников,0.9425054,duplicate
повышение цен/НДС,рост цен,0.9424981,not_duplicate
сиквел Короля и Шута,фильм Волшебник Изумрудного города,0.94237536,not_duplicate
городская среда благоприятная для здоровья,городская среда и здоровье,0.94236726,duplicate
предложение услуги помощи,предложение помощи,0.94236165,duplicate
грамотность населения,уровень грамотности в разных сферах,0.94235355,not_duplicate
поведение животного в контактном зоопарке,поведение собаки в контактном зоопарке,0.9423497,duplicate
происшествие на водохранилище,авария водоснабжения,0.9422493,not_duplicate
застройка Краснодара и Нижнего,застройка в Краснодаре,0.94223976,not_duplicate
безопасность региона,безопасность региона/Уфа,0.9422139,not_duplicate
запуск беспилотников,беспилотники,0.9421531,similar_not_duplicate
концерт SCORPIONS в Ростове,характеристика глав субъектов РФ,0.9421103,not_duplicate
концерт Ленинграда,фильм Волшебник Изумрудного города,0.9420627,not_duplicate
концерт Киркорова,"сериал «Клуб», Вася",0.94201124,not_duplicate
первая часть фильма Чебурашка,премьеры в кино,0.94193375,not_duplicate
уголовное дело по ст.213 УК РФ,уголовное дело по ст. 159 УК РФ,0.94191307,not_duplicate
поведение сотрудников УК,поведение сотрудников угро,0.94187266,not_duplicate
падение обломков БПЛ,концерт группы «ИНДИИД»,0.94184875,not_duplicate
"титул ""Поп-король"" Филиппа Бедросовича",сериал Полиция Дели,0.9416452,not_duplicate
выход фильма Аватар 3,кинопремьера Аватар 3,0.941634,duplicate
возврат товара с браком,возврат товара с браком в ВБ,0.9416148,not_duplicate
состояние дорог,состояние областных дорог,0.9414866,not_duplicate
Испеченный пирог,выпечка пирога на праздник,0.9414284,not_duplicate
перебои с электричеством в Апшеронском районе,отключение электроэнергии в Апшеронском районе,0.9413959,duplicate
кинопремьера Одесия,состояние трассы Ростов-Волгодонск,0.94139266,not_duplicate
пересъемка старых фильмов/сказок,характеристика глав субъектов РФ,0.94134617,not_duplicate
пропускная способность курорта,информация о пропускной способности курортов,0.9412815,not_duplicate
повышение цен на продукты,повышение цен на товары,0.94126856,not_duplicate
беспилотные летательные аппараты (БПЛА) со стороны Украины,беспилотники из Украины,0.9412356,duplicate
сбитие беспилотников,перехват беспилотников,0.94120044,not_duplicate
фирма по вывозу мусора,организация вывоза мусора,0.94116986,duplicate
ДТП на трассе,Жёсткое ДТП,0.9411362,duplicate
повреждение железнодорожной инфраструктуры,повреждение железной дороги,0.9411353,duplicate
выбор песен Деда Мороза,выступление Деда Мороза с песней,0.94106275,not_duplicate
рынок недвижимости в Краснодаре,спрос на недвижимость в Новом Краснодаре,0.94106156,not_duplicate
закрытие ресторана Бен Холл,характеристика глав субъектов РФ,0.94101584,not_duplicate
празднование Рождества Христова,Рождественские богослужения,0.94101554,not_duplicate
мероприятие Филиппа Киркорова,участие в концерте Киркорова,0.94094765,not_duplicate
шумозащитные конструкции некачественные,ненадежность шумозащитных конструкций,0.9409044,duplicate
концерт SCORPIONS в Ростове,первая часть фильма Чебурашка,0.9409014,not_duplicate
продление работы общественного транспорта на Рождество,работа общественного транспорта на Рождество,0.9408803,similar_not_duplicate
атака ВСУ на завод,атака на завод,0.94086415,duplicate
ЖК Вест-Сайд,применение УК РФ,0.940859,not_duplicate
дорожно-транспортная ситуация,дорожная обстановка,0.940806,duplicate
качество шумозащитных конструкций,надежность шумозащитных конструкций,0.94065785,not_duplicate
состояние трассы Ростов-Волгодонск,спектакли Московского театра,0.9406481,not_duplicate
концерт Филиппа Киркорова,пересъемка старых фильмов/сказок,0.94062793,not_duplicate
поведение людей,поведение таких людей,0.94056886,duplicate
фильм Хроники Нарнии,фильм Волшебник Изумрудного города,0.9405565,not_duplicate
строительство метро в Краснодаре,строительство метро на ул.Крупской,0.94055027,not_duplicate
сериал Полиция Дели,падение обломков БПЛ,0.94049305,not_duplicate
жанр шансон,перевод говнотечки,0.9404704,not_duplicate
строительство балкона-особняка,балкон-особняк,0.9403763,similar_not_duplicate
Призыв к пению в комментариях,пение в комментариях,0.9403535,not_duplicate
состояние дома после обвала крыши,жилищная проблема после обрушения крыши,0.94032145,duplicate
концерт поп-короля,падение обломков БПЛ,0.9402417,not_duplicate
концерт Ленинграда,падение обломков БПЛ,0.94022256,not_duplicate
ДТП в Ростовской области,ДТП в Новороссийске,0.9401931,not_duplicate
управление Нового Краснодара,спектакли Московского театра,0.9401566,not_duplicate
смертельное ДТП на дороге,ДТП с погибшими,0.940137,duplicate
военные действия,военная операция,0.9400114,duplicate
строительство ЖК Вест-Сайд,участие водителя в конкурсе Голос Стерли,0.93998325,not_duplicate
состояние областных дорог,состояние дорог и тротуаров,0.93992245,not_duplicate
поведение водителя (Акцента),поведение водителей (ДТП),0.93990934,not_duplicate
организация свадебного банкета,проведение свадебных торжеств,0.93982434,duplicate
кража новогодней ёлки,дворовая новогодняя ёлка,0.939788,similar_not_duplicate
закрытие ресторана Бен Холл,участие водителя в конкурсе Голос Стерли,0.93976486,not_duplicate
ремонт школы,капитальный ремонт школы,0.9397619,duplicate
доставка квитанций ЖКХ,продажа квартир в ЖПЭ,0.9397504,not_duplicate
поведение сотрудников,поведение сотрудников угро,0.939746,not_duplicate
закрытие ресторана Бен Холл,сериал Полиция Дели,0.9396906,not_duplicate
пересъемка старых фильмов/сказок,участие водителя в конкурсе Голос Стерли,0.93963975,not_duplicate
ужесточение семейной ипотеки,условия семейной ипотеки,0.93962926,similar_not_duplicate
эффективность уничтожения дронов,эффективность ПВО против дронов,0.939607,not_duplicate
действия инспекторов ГИБДД,участие водителя в конкурсе Голос Стерли,0.9395224,not_duplicate
сериал Полиция Дели,концерт Ленинграда,0.9395188,not_duplicate
ЖК Вест-Сайд,управление Нового Краснодара,0.9394858,not_duplicate
концерт поп-короля,участие водителя в конкурсе Голос Стерли,0.9394704,not_duplicate
реакция на ракетную атаку,реакция на ракетную опасность,0.93946874,not_duplicate
электроснабжение ЖК Вест-Сайд,участие водителя в конкурсе Голос Стерли,0.93941975,not_duplicate
Испеченный пирог,приготовление пирогов,0.9394128,not_duplicate
Рождественские богослужения,рождественские мероприятия,0.93937963,not_duplicate
сиквел Короля и Шута,строительство ЖК Вест-Сайд,0.93936896,not_duplicate
"титул ""Поп-король"" Филиппа Бедросовича",концерт поп-короля,0.93936485,not_duplicate
информация о стоимости свадьбы,стоимость свадьбы,0.93936324,not_duplicate
организация свадьбы,организация свадебного банкета,0.93934715,not_duplicate
вывоз мусора / подрядчик,работа компании по вывозу мусора,0.9393134,duplicate
дорожно-транспортное происшествие,страшное ДТП,0.93930733,not_duplicate
языковая политика на Кубани,языковой вопрос на Кубани,0.9392986,not_duplicate
ДТП на трассе,смертельное ДТП на дороге,0.9392462,duplicate
действия полиции,действия полиции (проведение проверки),0.9392245,similar_not_duplicate
концерт Киркорова,падение обломков БПЛ,0.9392024,not_duplicate
работа по вывозу мусора,организация вывоза мусора,0.93918216,duplicate
концерт поп-короля,спектакли Московского театра,0.939151,not_duplicate
концерт Ленинграда,премьеры в кино,0.9391227,not_duplicate
способ уборки мусора,Метод утилизации мусора,0.9391114,not_duplicate
повреждение железнодорожного полотна,повреждение железной дороги,0.9390636,duplicate
действия администрации города,управление городом,0.9390113,duplicate
повышение цен на ЖКУ,повышение цен,0.9390089,not_duplicate
Филипп Киркоров,исполнение Филиппа Киркорова,0.9389871,similar_not_duplicate
количество сбитых БПЛА,количество уничтоженных БПЛА,0.93887377,duplicate
МУП 'СТЭ',концерт группы «ИНДИИД»,0.9388713,not_duplicate
Джефф Миллз,действия инспекторов ГИБДД,0.9388429,not_duplicate
кинопремьера Одесия,действия инспекторов ГИБДД,0.93883467,not_duplicate
проверка ресторанов силовиками,проверка силовиков в ресторане,0.9387876,not_duplicate
празднование Рождества Христова,канун Рождества Христова,0.9387766,not_duplicate
вывоз мусора,накопление мусора,0.93874586,not_duplicate
объявление беспилотной и ракетной опасности,объявление беспилотной опасности,0.9387265,not_duplicate
качество установки остановки,качество ремонта остановки,0.9386978,not_duplicate
кинопремьера Одесия,падение обломков БПЛ,0.9386966,not_duplicate
управление Нового Краснодара,падение обломков БПЛ,0.9386681,not_duplicate
состояние льда на катке,состояние льда,0.9386383,not_duplicate
перебои с электричеством в ЖК Вест-Сайд,Проблемы ЖК Вест-Сайд,0.9385718,not_duplicate
управление Нового Краснодара,применение УК РФ,0.93852526,not_duplicate
повышение цен,повышение цен/НДС,0.9384555,not_duplicate
количество уничтоженных БПЛА,количество перехваченных БПЛА,0.93844783,not_duplicate
"титул ""Поп-король"" Филиппа Бедросовича","сериал «Клуб», Вася",0.93841034,not_duplicate
действия США по захвату Гренландии,возможный захват Гренландии США,0.9383579,not_duplicate
ДТП,автомобильный инцидент,0.9383532,duplicate
рождественские традиции/колядование,Рождественские богослужения,0.9383227,not_duplicate
жанр шансон,автомобиль БЕЛДЖИ,0.93831635,not_duplicate
поведение водителей (ДТП),поведение водителей за рулем,0.93830365,not_duplicate
Действия Украины (атаки БПЛА),атаки украинских БПЛА,0.93828446,duplicate
ГОСТ на шаурму,ГОСТ на шаурму (Тимати),0.9382366,similar_not_duplicate
действия по устранению проблемы с канализацией,проблемы с канализацией,0.9382245,not_duplicate
закрытие ресторана Бен Холл,концерт Ленинграда,0.9381939,not_duplicate
концерт Киркорова,автомобиль БЕЛДЖИ,0.9381778,not_duplicate
примета дарения цветов артистам,дарение цветов артисту,0.9381673,not_duplicate
поиск пропавшего мужчины,пропавший мужчина,0.9381231,similar_not_duplicate
кот на дереве,кошки на дереве,0.9380983,duplicate
опасность из-за атаки беспилотников,Беспилотная опасность,0.9380964,duplicate
концерт поп-короля,фильм Волшебник Изумрудного города,0.93802166,not_duplicate
строительство ЖК Вест-Сайд,спектакли Московского театра,0.9380074,not_duplicate
информация о мерах безопасности,информация МЧС о мерах безопасности,0.93792766,not_duplicate
электроснабжение ЖК Вест-Сайд,"сериал «Клуб», Вася",0.9379013,not_duplicate
мусор в Сочи,управление мусором в Сочи,0.937862,similar_not_duplicate
объявление о беспилотной и ракетной опасности,объявление беспилотной опасности,0.9378612,not_duplicate
Джефф Миллз,характеристика глав субъектов РФ,0.9378321,not_duplicate
маршрут метро в Краснодаре,строительство метро на ул.Крупской,0.9378294,not_duplicate
закрытие ресторана Бен Холл,"сериал «Клуб», Вася",0.9377516,not_duplicate
поведение местных властей,поведение местного самоуправления,0.9377111,duplicate
поведение участников тусовки,поведение посетителей на вечеринке,0.9376856,duplicate
уборка мусора,Метод утилизации мусора,0.9376616,not_duplicate
работа автора поста,деятельность автора поста,0.9376488,duplicate
Жёсткое ДТП,автомобильный инцидент,0.93763167,duplicate
концерт Ленинграда,пересъемка старых фильмов/сказок,0.9375937,not_duplicate
кассовые сборы фильма «Чебурашка 2»,концерт группы «ИНДИИД»,0.93751997,not_duplicate
сериал Полиция Дели,ЖК Вест-Сайд,0.93748814,not_duplicate
закон о штрафах за тонировку,новые штрафы за тонировку,0.9374753,duplicate
фильм Волшебник Изумрудного города,спектакли Московского театра,0.9374366,not_duplicate
состояние пропавшего мужчины,пропавший мужчина,0.93741477,duplicate
фильм Хроники Нарнии,пересъемка старых фильмов/сказок,0.9374049,not_duplicate
выступление Деда Мороза,песня Деда Мороза,0.93736535,similar_not_duplicate
Джефф Миллз,первая часть фильма Чебурашка,0.9373624,not_duplicate
призыв сообщать о происшествиях,призыв к предоставлению информации о происшествиях,0.9373268,duplicate
влияние туристов на Москву,проблема туристов в Москве,0.9373261,not_duplicate
права женщин при разводе,правовые гарантии женщин при разводе,0.93731874,duplicate
место происшествия,место аварии,0.93726146,duplicate
действия пожарных при ликвидации пожара,работа пожарных,0.93722653,similar_not_duplicate
концерт поп-короля,характеристика глав субъектов РФ,0.93707746,not_duplicate
поведение мамы хоккеиста,мама хоккеиста,0.93704486,similar_not_duplicate
"сериал «Клуб», Вася",спектакли Московского театра,0.9369819,not_duplicate
Рождественский Сочельник,мероприятие Рождество,0.93694973,not_duplicate
задержка поездов,задержка поезда и условия для пассажиров,0.9369386,not_duplicate
сериал Полиция Дели,сиквел Короля и Шута,0.936857,not_duplicate
Поведение Филиппа Киркорова на концерте,Участие Филиппа Киркорова в концерте,0.936839,duplicate
концерт поп-короля,премьеры в кино,0.9368324,not_duplicate
электроснабжение ЖК Вест-Сайд,спектакли Московского театра,0.9367885,not_duplicate
"титул ""Поп-король"" Филиппа Бедросовича",характеристика глав субъектов РФ,0.9367771,not_duplicate
празднование Рождества,Рождественский Сочельник,0.9367589,not_duplicate
погибшие в ДТП,смертельный исход ДТП,0.9366112,duplicate
обязательная медиация перед разводом,процесс развода с медиацией,0.93658805,not_duplicate
деятельность автора,расположение автора,0.93658507,not_duplicate
посещение концерта Филиппа Киркорова,Филипп Киркоров на концерте,0.9365834,not_duplicate
концерт Филиппа Киркорова,действия инспекторов ГИБДД,0.9365642,not_duplicate
смертельное ДТП на дороге,авария на трассе,0.9365118,duplicate
состояние дорог после таяния снега,состояние дорог зимой,0.9364767,not_duplicate
эффективность уборки снега,уборка снега,0.9364593,not_duplicate
погибшие в ДТП,смертельное ДТП на дороге,0.9364009,duplicate
концерт Филиппа Киркорова,автомобиль БЕЛДЖИ,0.9363484,not_duplicate
концерт Филиппа Киркорова,Джефф Миллз,0.9363358,not_duplicate
Жёсткое ДТП,ДТП и его последствия,0.93628263,not_duplicate
метод сбора мусора,ситуация с уборкой мусора,0.9362579,not_duplicate
состав пирожных,Испеченный пирог,0.93623465,not_duplicate
законодательство,законодательные меры,0.93605876,duplicate
ДТП,авария на трассе,0.9359971,duplicate
газовые котлы,работа газового котла,0.93593585,not_duplicate
концерт Киркорова,фильм Хроники Нарнии,0.9359278,not_duplicate
участие в боевых действиях против России,военные действия в РФ,0.9359206,not_duplicate
Домашнее питание детей,детское питание,0.9359194,not_duplicate
высокие затраты на свадьбу,средние затраты на свадьбу,0.93588126,not_duplicate
Дед Мороз как обман,обман с Дедом Морозом,0.9358685,duplicate
карьера Бритни Спирс,участие водителя в конкурсе Голос Стерли,0.9358642,not_duplicate
состояние дорог,дорожная ситуация,0.9358074,duplicate
прикорм у детей,Домашнее питание детей,0.93580556,not_duplicate
Беспилотники уничтоженные,уничтожение беспилотников ПВО,0.93580365,not_duplicate
ЖК Вест-Сайд,Проблемы ЖК Вест-Сайд,0.9357733,not_duplicate
сериал Полиция Дели,фильм Хроники Нарнии,0.93575245,not_duplicate
ДТП подростка на тюбинге,ДТП подростка,0.9356864,similar_not_duplicate
сиквел Короля и Шута,участие водителя в конкурсе Голос Стерли,0.93566096,not_duplicate
кинопремьера Одесия,концерт SCORPIONS в Ростове,0.9356569,not_duplicate
сиквел Короля и Шута,фильм Рождество на двоих,0.9356555,not_duplicate
беспилотный летательный аппарат (БПЛА) и его уничтожение,Беспилотники уничтоженные,0.935569,duplicate
проверка силовиков на банкете,проверка силовиков на банкете ОПГ,0.93556297,similar_not_duplicate
фильм Волшебник Изумрудного города,падение обломков БПЛ,0.9355381,not_duplicate
концерт SCORPIONS в Ростове,управление Нового Краснодара,0.9355125,not_duplicate
фильм Хроники Нарнии,спектакли Московского театра,0.93551207,not_duplicate
данные о рождаемости,точность статистики рождаемости,0.9354547,not_duplicate
способ уничтожения беспилотников,перехват беспилотников,0.93544537,not_duplicate
повышение цен на ЖКУ,повышение цен/НДС,0.9354336,not_duplicate
прикорм для детей,детское питание,0.9354112,not_duplicate
регулирование семейной ипотеки,ужесточение семейной ипотеки,0.9354025,not_duplicate
работа ПВО по сбитым беспилотникам,беспилотники и ПВО,0.9353925,not_duplicate
условия на дорогах,дорожная ситуация,0.9353769,duplicate
Джефф Миллз,участие водителя в конкурсе Голос Стерли,0.93535,not_duplicate
фильм Хроники Нарнии,концерт Ленинграда,0.935344,not_duplicate
"титул ""Поп-король"" Филиппа Бедросовича",участие водителя в конкурсе Голос Стерли,0.93533254,not_duplicate
высокая стоимость свадьбы,дорогая организация свадьбы,0.93523586,duplicate
электричество в ЖК Вест-Сайд,падение обломков БПЛ,0.93519026,not_duplicate
Беспилотная и Ракетная опасность,объявление о беспилотной и ракетной опасности,0.9351287,similar_not_duplicate
частота ДТП из-за нетрезвых водителей,частота ДТП,0.93505573,not_duplicate
расходы на поездку в Сочи,стоимость отдыха в Сочи,0.9350065,duplicate
результат аварии,тяжелые последствия аварии,0.9350039,duplicate
концерт Киркорова,участие водителя в конкурсе Голос Стерли,0.9349923,not_duplicate
ЖК Вест-Сайд,фильм Волшебник Изумрудного города,0.9349731,not_duplicate
строительство ЖК Вест-Сайд,автомобиль БЕЛДЖИ,0.93495893,not_duplicate
эффективность уборки снега,качество уборки снега,0.9349581,duplicate
Беспилотная и Ракетная опасность,объявление беспилотной и ракетной опасности,0.9349549,similar_not_duplicate
дорожно-транспортное происшествие,ситуация ДТП,0.93492395,duplicate
информация о проверке ресторана,проверка ресторана,0.9349209,not_duplicate
отношения России и Китая,Сотрудничество России и Китая,0.9349135,not_duplicate
действия автора поста,деятельность автора поста,0.9348902,duplicate
отечественное кино,премьеры в кино,0.9348318,not_duplicate
концерт Ленинграда,автомобиль БЕЛДЖИ,0.93479764,not_duplicate
семейная ипотека,условия семейной ипотеки,0.93476,duplicate
концерт Филиппа Киркорова,фильм Хроники Нарнии,0.9347067,not_duplicate
агрессивное поведение мужчины,поведение мужчин-агрессоров,0.93467754,duplicate
Филипп Киркоров - шоу,исполнение Филиппа Киркорова,0.934671,duplicate
внешность Филиппа Киркорова,эпатажный образ Филиппа Киркорова,0.93466663,not_duplicate
автомобиль БЕЛДЖИ,действия инспекторов ГИБДД,0.9346174,not_duplicate
дорожное покрытие - опасный фактор,опасность трассы,0.9345474,duplicate
поведение родителей,воспитательный стиль родителей,0.9345421,not_duplicate
качество установки шумозащитных конструкций,надежность шумозащитных конструкций,0.93451416,not_duplicate
пересъемка старых фильмов/сказок,спектакли Московского театра,0.93449974,not_duplicate
средства самозащиты,арматура для самозащиты,0.93448955,not_duplicate
сериал Полиция Дели,спектакли Московского театра,0.9344839,not_duplicate
действия украинцев по применению дронов,перехват украинских беспилотников,0.9344257,not_duplicate
ЖК Вест-Сайд,спектакли Московского театра,0.9343867,not_duplicate
празднование Рождества и Нового года,новогодние гулянья,0.9343021,not_duplicate
новое правило медиации при разводе,новое правило с медиаторами при разводе,0.9342543,duplicate
поведение бородатого мужчины,бородатый мужчина,0.93425065,similar_not_duplicate
детские смеси Nestlé,производство детских смесей Nestle,0.9342482,similar_not_duplicate
атмосфера праздника,праздничная атмосфера,0.93419164,duplicate
строительство ЖК Вест-Сайд,"сериал «Клуб», Вася",0.9341487,not_duplicate
захват Гренландии США,претензии США на Гренландию,0.9341424,not_duplicate
Джефф Миллз,пересъемка старых фильмов/сказок,0.9341365,not_duplicate
Военные действия против Украины,военные действия Украина-Россия,0.9340319,not_duplicate
жанр шансон,премьеры в кино,0.9339612,not_duplicate
Рождество Христово,крестный ход в Рождество,0.93394816,similar_not_duplicate
концерт SCORPIONS в Ростове,падение обломков БПЛ,0.9338274,not_duplicate
ЖК Вест-Сайд,"сериал «Клуб», Вася",0.93381983,not_duplicate
Место ДТП,Жёсткое ДТП,0.9337982,not_duplicate
"сериал «Клуб», Вася",пересъемка старых фильмов/сказок,0.9337815,not_duplicate
кинопремьера Одесия,пересъемка старых фильмов/сказок,0.9337754,not_duplicate
концерт Киркорова,сериал Полиция Дели,0.9337736,not_duplicate
качество дорожных работ,качество ремонта дороги,0.9337123,not_duplicate
концерт Киркорова,применение УК РФ,0.93370473,not_duplicate
приём сообщений от свидетелей,обращение к свидетелям,0.9337047,duplicate
Рождественский Сочельник,рождественские мероприятия,0.93368363,not_duplicate
объявление о ракетной опасности,ракетная опасность и вероятность угрозы,0.9336835,not_duplicate
поведение Трампа в отношении Гренландии,агрессия Трампа против Гренландии,0.9336835,not_duplicate
реализация проекта метро в Краснодаре,строительство метро на ул.Крупской,0.93364304,not_duplicate
статус Сочи,ситуация в Сочи,0.9335629,duplicate
карьера Бритни Спирс,концерт поп-короля,0.9334799,not_duplicate
состояние шумозащитных конструкций,строительство шумозащитных конструкций,0.933458,not_duplicate
кот на дереве,кот застрял на дереве,0.93345505,duplicate
САХ,ПВО,0.9334392,not_duplicate
управление городом,состояние города и работа администрации,0.9334324,not_duplicate
Действия Украины (атаки БПЛА),Действия Украины (нападение),0.93339634,duplicate
"титул ""Поп-король"" Филиппа Бедросовича",электроснабжение ЖК Вест-Сайд,0.93338233,not_duplicate
парковка во дворах,парковка машин на газоне,0.9333772,not_duplicate
кассовые сборы фильма,кассовые сборы кинотеатров,0.9333416,not_duplicate
медиация при разводе,новое правило медиации при разводе,0.93333375,duplicate
работа администрации города как временщиков,работа администрации города,0.9332933,similar_not_duplicate
дорожно-транспортное происшествие,Место ДТП,0.9332344,not_duplicate
поведение участников ДТП,участие в ДТП,0.93319243,not_duplicate
вывоз мусора,зацеперы сбор мусора,0.933159,not_duplicate
фильм Хроники Нарнии,"сериал «Клуб», Вася",0.93311673,not_duplicate
состояние города,Ситуация в городе,0.9331126,duplicate
Джефф Миллз,падение обломков БПЛ,0.9331045,not_duplicate
концерт Ленинграда,Джефф Миллз,0.93309885,not_duplicate
Беспилотная опасность,беспилотная опасность - взрывы,0.93308896,similar_not_duplicate
Жёсткое ДТП,авария на трассе,0.9330846,duplicate
дорожная обстановка в Челябинской области,качество дорог в Челябинской области,0.9330654,not_duplicate
существование Деда Мороза как символа праздника,Существование Деда Мороза,0.9329946,duplicate
"титул ""Поп-король"" Филиппа Бедросовича",падение обломков БПЛ,0.9329858,not_duplicate
фильм Рождество на двоих,песня Деда Мороза,0.93295395,not_duplicate
уборка мусора в районе,ситуация с уборкой мусора,0.93291265,not_duplicate
небезопасность ледового городка,ледовый городок безопасность,0.9328448,duplicate
карьера Бритни Спирс,концерт Филиппа Киркорова,0.9327947,not_duplicate
фильм Хроники Нарнии,премьеры в кино,0.9327669,not_duplicate
введение штрафов за тонировку,увеличение штрафов за тонировку,0.9327612,duplicate
ДТП и его последствия,результат аварии,0.93276024,duplicate
концерт Киркорова,фильм Волшебник Изумрудного города,0.932712,not_duplicate
подготовка горнолыжных курортов,отдых в горнолыжных курортах,0.93270254,not_duplicate
отсутствие электричества,отсутствие электричества в районе,0.9326977,not_duplicate
электроснабжение ЖК Вест-Сайд,автомобиль БЕЛДЖИ,0.93259263,not_duplicate
концерт SCORPIONS в Ростове,пересъемка старых фильмов/сказок,0.93252856,not_duplicate
лаунж-зона на центральном пляже,состояние центрального пляжа в лаундж-зоне,0.9324781,duplicate
выступление Филиппа Киркорова,Филипп Киркоров - шоу,0.93238366,duplicate
место проживания автора,Регион проживания автора,0.9323422,duplicate
карьера Бритни Спирс,закрытие ресторана Бен Холл,0.9323338,not_duplicate
реакция на объявление опасности,реакция на объявление угрозы,0.9323333,duplicate
"сериал «Клуб», Вася",фильм Волшебник Изумрудного города,0.9323274,not_duplicate
состояние дорог зимой,состояние дорог после снегопада,0.9323221,not_duplicate
беспилотная опасность - взрывы,взрывы беспилотников,0.93231785,duplicate
проект Нового Краснодара,управление Нового Краснодара,0.93229306,not_duplicate
ситуация ДТП,Место ДТП,0.9322621,not_duplicate
Действия Русской общины,Россия как сообщество,0.9322171,not_duplicate
мероприятие Филиппа Киркорова,управление Нового Краснодара,0.9322164,not_duplicate
Дед Мороз,пение Деда Мороза,0.93220174,similar_not_duplicate
новое правило с медиаторами при разводе,новые правила развода,0.93217623,not_duplicate
безопасность в зоне тюбинга,безопасность на горке,0.9321714,duplicate
использование украинских беспилотников,перехват украинских беспилотников,0.9321684,not_duplicate
Рождественская литургия,Рождественские богослужения,0.9321612,duplicate
безопасность территории городка,безопасность города,0.93213224,not_duplicate
сиквел Короля и Шута,ЖК Вест-Сайд,0.932111,not_duplicate
концерт поп-короля,жанр шансон,0.93210727,not_duplicate
действия следственного комитета,запрос следственного комитета,0.9321008,not_duplicate
концерт поп-короля,концерт SCORPIONS в Ростове,0.93208826,not_duplicate
"титул ""Поп-король"" Филиппа Бедросовича",закрытие ресторана Бен Холл,0.9320725,not_duplicate
рекламная акция,рекламная стратегия,0.9320674,not_duplicate
Рождественская служба,рождественские мероприятия,0.93199474,not_duplicate
метод сбора мусора,накопление мусора,0.9319862,not_duplicate
жанр шансон,пересъемка старых фильмов/сказок,0.9319816,not_duplicate
ЖК Вест-Сайд,участие водителя в конкурсе Голос Стерли,0.93193865,not_duplicate
кассовые сборы фильма «Чебурашка 2»,пересъемка старых фильмов/сказок,0.93191576,not_duplicate
сбор налогов,косвенные налоги,0.93187916,not_duplicate
ДТП на трассе,ДТП,0.93186903,not_duplicate
концерт Ленинграда,участие водителя в конкурсе Голос Стерли,0.9318681,not_duplicate
действия России,действия ПВО в РФ,0.93183607,not_duplicate
расклейщики объявлений,борьба с расклейщиками объявлений,0.9318166,similar_not_duplicate
обязательная медиация при разводе,новая система медиации при разводе,0.9318075,not_duplicate
вывоз мусора на Лозового,вывоз мусора на Первомайской,0.9318053,not_duplicate
погода в Абхазии,погода в Абхазии зимой,0.93180424,not_duplicate
спектакли Московского театра,участие водителя в конкурсе Голос Стерли,0.93177664,not_duplicate
кинопремьера Одесия,кассовые сборы фильма «Чебурашка 2»,0.93176204,not_duplicate
поворот налево на Сортировке,поворот налево из среднего ряда,0.93173546,not_duplicate
карьера Бритни Спирс,ЖК Вест-Сайд,0.93172926,not_duplicate
бегство животных,убежавшие животные,0.9317279,duplicate
жанр шансон,отечественное кино,0.9317249,not_duplicate
действия США по захвату Гренландии,претензии США на Гренландию,0.9316789,not_duplicate
рост цен в кинотеатрах,рост цен на билеты в кино,0.93164504,duplicate
сиквел Короля и Шута,спектакли Московского театра,0.9316404,not_duplicate
кинопремьера Одесия,Джефф Миллз,0.9315132,not_duplicate
повышение цен на билеты в кинотеатрах,рост цен в кинотеатрах,0.9315063,duplicate
концерт поп-короля,"сериал «Клуб», Вася",0.9315039,not_duplicate
стоимость свадьбы,стоимость свадьбы в будущем,0.931463,not_duplicate
концерт Ленинграда,действия инспекторов ГИБДД,0.9314126,not_duplicate
Предложение подписки,предложение подписаться,0.9313652,duplicate
проект Нового Краснодара,застройка Краснодара и Нижнего,0.9313555,not_duplicate
беспилотники,беспилотники и ПВО,0.9312908,not_duplicate
Филипп Киркоров,Филипп Киркоров - шоу,0.9312859,similar_not_duplicate
преображение городских пространств,городская среда,0.93128514,similar_not_duplicate
повышение цен,частое повышение цен на товары,0.93127954,not_duplicate
действия полиции,работа полиции,0.9312621,duplicate
празднование Рождества,празднование Рождества и Нового года,0.93120867,not_duplicate
сериал Полиция Дели,автомобиль БЕЛДЖИ,0.93120533,not_duplicate
труд коммунальщиков в экстремальных условиях,работа коммунальных служб в экстремальных условиях,0.93119305,duplicate
фильм Рождество на двоих,первая часть фильма Чебурашка,0.9311359,not_duplicate
маркетинговая кампания,рекламная стратегия,0.9310859,not_duplicate
фильм Волшебник Изумрудного города,участие водителя в конкурсе Голос Стерли,0.9310574,not_duplicate
кинопремьера Одесия,фильм Хроники Нарнии,0.93105567,not_duplicate
сериал Полиция Дели,управление Нового Краснодара,0.9310477,not_duplicate
сиквел Короля и Шута,концерт Ленинграда,0.9310411,not_duplicate
беспилотные летательные аппараты (БПЛА) со стороны Украины,использование украинских беспилотников,0.9310067,duplicate
Рождество в храме и у родственников,Рождество в храмах,0.9309629,not_duplicate
исполнение Филиппа Киркорова,эпатажный образ Филиппа Киркорова,0.93086654,not_duplicate
обещания ростовчанам,обещания ростовчанам - реализация,0.9308591,similar_not_duplicate
электроснабжение ЖК Вест-Сайд,концерт SCORPIONS в Ростове,0.93085295,not_duplicate
Ситуация с листом жести,опасная ситуация с листом жести,0.9308367,duplicate
фильм Рождество на двоих,фильм Волшебник Изумрудного города,0.9308175,not_duplicate
кассовые сборы фильма «Чебурашка 2»,спектакли Московского театра,0.9308136,not_duplicate
концерт поп-короля,автомобиль БЕЛДЖИ,0.93080884,not_duplicate
опасность из-за атаки беспилотников,теракты и беспилотники,0.93077993,not_duplicate
деятельность зацеперов по сбору мусора,работа по вывозу мусора,0.9307406,not_duplicate
повышение цен/эксплуатация,повышение цен на ЖКУ,0.9307144,not_duplicate
дорожно-транспортная ситуация,дорожное движение,0.9307094,not_duplicate
гадание на суженого,гадание на встречу суженого,0.9306631,not_duplicate
ДТП,смертельное ДТП,0.9305904,duplicate
празднование Рождества,Рождественские богослужения,0.9305539,not_duplicate
состояние дороги от Магнитогорска до Челябинска,состояние дорог в Челябинске,0.9303344,not_duplicate
закрытие ресторана Бен Холл,сиквел Короля и Шута,0.930333,not_duplicate
сиквел Короля и Шута,электроснабжение ЖК Вест-Сайд,0.93028694,not_duplicate
предложение квартир в ЖК,продажа квартир в ЖПЭ,0.93027467,not_duplicate
сбитие беспилотников,Беспилотники уничтоженные,0.93027246,duplicate
отключение электричества в общагах,отключение электричества в районе,0.9302148,not_duplicate
"титул ""Поп-король"" Филиппа Бедросовича",фильм Волшебник Изумрудного города,0.93018883,not_duplicate
термин водительница в ПДД,жанр шансон,0.9301697,not_duplicate
чистка проездов,чистка улицы,0.93008035,duplicate
задержки пассажирских поездов,задержка поездов и питание пассажиров,0.9300503,not_duplicate
качество горячей воды,качество горячей воды в доме,0.93001527,not_duplicate
беспилотники,информация о беспилотниках,0.92997026,not_duplicate
отключение электричества в общежитии,отключение света в общежитии,0.9299587,duplicate
ЖК Вест-Сайд,автомобиль БЕЛДЖИ,0.92987645,not_duplicate
ДТП,результат аварии,0.9296285,not_duplicate
решение проблемы мусора,нерешенная проблема с мусором,0.92959726,not_duplicate
действия инспекторов ГИБДД,фильм Волшебник Изумрудного города,0.92958117,not_duplicate
реализация проекта метро в Краснодаре,строительство метро в Новознаменскую,0.92957973,not_duplicate
ситуация ДТП,происшествие с машиной,0.92957157,duplicate
звук грохота от ПВО,звук ПВО,0.9295645,duplicate
цены на товары,ситуация с ценами,0.9295354,not_duplicate
карьера Бритни Спирс,первая часть фильма Чебурашка,0.9294614,not_duplicate
угроза БПЛА,опасность атаки БПЛА,0.92940164,duplicate
поведение жителей,действия жителей,0.9293794,duplicate
"титул ""Поп-король"" Филиппа Бедросовича",концерт Киркорова,0.92933244,not_duplicate
ДТП на трассе Семикаракорск-Волгодонск,ДТП на трассе Ростов – Семикаракорск – Волгодонск,0.92932487,not_duplicate
фильм Рождество на двоих,пересъемка старых фильмов/сказок,0.92931765,not_duplicate
информация о происшествии,факты происшествия,0.9293159,duplicate
концерт Ленинграда,кассовые сборы фильма «Чебурашка 2»,0.9293083,not_duplicate
пенсионерка-пострадавшая,происшествие с пенсионеркой,0.92929685,similar_not_duplicate
оформление текста поста,текст поста,0.9292908,not_duplicate
закрытие ресторана Бен Холл,концерт поп-короля,0.92918855,not_duplicate
карьера Бритни Спирс,строительство ЖК Вест-Сайд,0.9291501,not_duplicate
первая часть фильма Чебурашка,рекорд кассовых сборов фильма «Чебурашка 2»,0.92909384,not_duplicate
отношение к украинцам,поведение украинцев,0.929067,not_duplicate
"титул ""Поп-король"" Филиппа Бедросовича",действия инспекторов ГИБДД,0.9290605,not_duplicate
действия нападавшего,поведение нападавшего,0.92906004,duplicate
процесс развода с медиацией,новая система медиации при разводе,0.92897785,not_duplicate
задержка поезда и условия для пассажиров,задержка поездов и питание пассажиров,0.92896384,duplicate
сиквел Короля и Шута,концерт группы «ИНДИИД»,0.92895234,not_duplicate
отключение воды в Таганроге,отсутствие воды в Таганроге,0.9289323,duplicate
применение УК РФ,спектакли Московского театра,0.92891014,not_duplicate
инцидент на горке,инцидент на тюбинге,0.92887104,not_duplicate
качество уборки снега,метод уборки снега,0.9288616,not_duplicate
частота ДТП с летальным исходом,частота ДТП,0.92886,not_duplicate
Поведение Филиппа Киркорова на концерте,Филипп Киркоров на концерте,0.9288308,duplicate
термин водительница в ПДД,автомобиль БЕЛДЖИ,0.92883074,not_duplicate
концерт Киркорова,пересъемка старых фильмов/сказок,0.9288307,not_duplicate
сбитый беспилотник,взрывы беспилотников,0.9288011,not_duplicate
кассовые сборы фильма «Чебурашка 2»,фильм Волшебник Изумрудного города,0.9288003,not_duplicate
фирма по вывозу мусора,вывоз мусора / подрядчик,0.92878956,duplicate
звуки праздничных фейерверков,фейерверки,0.92878056,duplicate
концерт SCORPIONS в Ростове,концерт группы «ИНДИИД»,0.928726,not_duplicate
талант эмигрант,эмигрантские таланты,0.92870986,duplicate
концерт поп-короля,фильм Рождество на двоих,0.92870224,not_duplicate
строительство ЖК Вест-Сайд,премьеры в кино,0.9286613,not_duplicate
управление Нового Краснодара,концерт группы «ИНДИИД»,0.928649,not_duplicate
зацеперы сбор мусора,работа по вывозу мусора,0.9286485,not_duplicate
работа администрации города как временщиков,работа мэрии,0.92861193,duplicate
стоимость продуктов питания,цены на продукты,0.92856455,duplicate
концерт Филиппа Киркорова,кассовые сборы фильма «Чебурашка 2»,0.92851055,not_duplicate
работа общественного транспорта,городской общественный транспорт,0.92847,not_duplicate
военные действия в РФ,действия ПВО в РФ,0.92846864,not_duplicate
фиксация беспилотных летательных аппаратов,перехват беспилотников,0.92844695,not_duplicate
затраты на свадьбу,стоимость свадьбы в будущем,0.9284192,not_duplicate
отношения России и Китая,Сотрудничество Китай-Россия,0.9284147,not_duplicate
поведение водителей на дороге,поведение водителей (ДТП),0.92840016,not_duplicate
повышение цен на товары,повышение цен/НДС,0.92838705,not_duplicate
карьера Бритни Спирс,концерт Киркорова,0.92836463,not_duplicate
автомобиль БЕЛДЖИ,состояние дороги на ул. Заводской,0.9283044,not_duplicate
беспилотники,сбитый беспилотник,0.9282669,not_duplicate
кассовые сборы фильма «Чебурашка 2»,характеристика глав субъектов РФ,0.9282417,not_duplicate
концерт Филиппа Киркорова,Участие в концерте ЛЮБЭ,0.9282384,not_duplicate
дарение цветов артисту,подаренные цветы артистам,0.9282068,duplicate
проект строительства метро в Краснодаре,маршрут метро в Краснодаре,0.9281665,not_duplicate
ракетная опасность,реакция на ракетную опасность,0.92813474,similar_not_duplicate
дорога Ростов-Семикаракорск-Волгодонск,состояние трассы Ростов-Волгодонск,0.9281218,not_duplicate
сбитие беспилотников,способ уничтожения беспилотников,0.9281143,not_duplicate
электричество в ЖК Вест-Сайд,фильм Волшебник Изумрудного города,0.9281127,not_duplicate
поведение собак,поведение собак (алабаев),0.9280884,not_duplicate
Мигранты/местные жители,наличие мигрантов/«хайни»,0.92807865,not_duplicate
Участие в концерте ЛЮБЭ,концерт Ленинграда,0.92806125,not_duplicate
строительство ЖК Вест-Сайд,концерт SCORPIONS в Ростове,0.9280423,not_duplicate
сериал Полиция Дели,премьеры в кино,0.92801386,not_duplicate
строительство ЖК Вест-Сайд,применение УК РФ,0.92797625,not_duplicate
утепление остановок,самостоятельное утепление остановок,0.92797506,not_duplicate
мероприятие Филиппа Киркорова,деятельность Филиппа Киркорова,0.92796576,similar_not_duplicate
концерт Ленинграда,продажа квартир в ЖПЭ,0.927953,not_duplicate
концерт Филиппа Киркорова,сиквел Короля и Шута,0.9279419,not_duplicate
регулирование семейной ипотеки,условия семейной ипотеки,0.9277948,duplicate
Дед Мороз,песня Деда Мороза,0.9277011,similar_not_duplicate
сиквел Короля и Шута,премьеры в кино,0.9276699,not_duplicate
Москва - лицо страны,принадлежность Москвы,0.92763186,not_duplicate
проведение свадебных торжеств,свадьбы как явление,0.927618,not_duplicate
парковка автомобилей в парке,парковка машин на газоне,0.9275884,not_duplicate
ЖК Вест-Сайд,отключение электричества в ЖК Вест-Сайд,0.9275728,similar_not_duplicate
"сериал «Клуб», Вася",управление Нового Краснодара,0.9275005,not_duplicate
место действия,место события,0.9274795,duplicate
костюмы Филиппа Киркорова,стиль Филиппа Киркорова,0.9274528,duplicate
строительство ЖК Вест-Сайд,продажа квартир в ЖПЭ,0.9273787,not_duplicate
канун Рождества Христова,крестный ход в Рождество,0.927378,not_duplicate
информация о стоимости свадьбы,затраты на свадьбу,0.9273259,not_duplicate
пропажа Милы Яковлевой,исчезновение Милы Яковлевой,0.92730737,duplicate
состояние трассы Ростов-Волгодонск,применение УК РФ,0.9272932,not_duplicate
инцидент на тюбинге,ДТП на тюбинге,0.92725086,duplicate
закрытие ресторана Бен Холл,концерт Киркорова,0.9271492,not_duplicate
крестный ход в Рождество,Рождественские богослужения,0.9271174,not_duplicate
обязательная медиация перед разводом,новое правило медиации при разводе,0.92710674,not_duplicate
действия инспекторов ГИБДД,"сериал «Клуб», Вася",0.92709565,not_duplicate
дорожно-транспортное происшествие,автомобильный инцидент,0.92707396,duplicate
Джефф Миллз,автомобиль БЕЛДЖИ,0.92703265,not_duplicate
деятельность зацеперов,характеристика зацеперов,0.92702234,not_duplicate
работа автора,расположение автора,0.927011,not_duplicate
концерт Киркорова,Джефф Миллз,0.9270056,not_duplicate
кинопремьера Аватар 3,первая часть фильма Чебурашка,0.9270021,not_duplicate
состояние льда на катке,состояние ледового городка,0.9269594,not_duplicate
сиквел Короля и Шута,характеристика глав субъектов РФ,0.92695236,not_duplicate
Участие в концерте ЛЮБЭ,участие водителя в конкурсе Голос Стерли,0.92693853,not_duplicate
эффективность уничтожения дронов,способ уничтожения беспилотников,0.9269023,not_duplicate
сиквел Короля и Шута,фильм Хроники Нарнии,0.9268743,not_duplicate
строительство ЖК Вест-Сайд,доставка квитанций ЖКХ,0.9268184,not_duplicate
фильм Хроники Нарнии,строительство ЖК Вест-Сайд,0.9267721,not_duplicate
выбор месяцев для отпуска,выгодные месяцы для отпуска,0.9267715,not_duplicate
"сериал «Клуб», Вася",кассовые сборы фильма «Чебурашка 2»,0.92672324,not_duplicate
Джефф Миллз,"сериал «Клуб», Вася",0.926672,not_duplicate
работа УК 'Доверие' по вывозу мусора,падение обломков БПЛ,0.9266674,not_duplicate
прикорм у детей,питание ребенка,0.9266394,not_duplicate
труд коммунальщиков в экстренных условиях,работа коммунальных служб в экстремальных условиях,0.9266099,duplicate
страшное ДТП,участие в ДТП,0.9265756,not_duplicate
состояние трассы Ростов-Семикаракорск,расписание маршруток Апшеронск-Кубанская,0.9265534,not_duplicate
отключение электричества,причина отключения электричества,0.92650044,not_duplicate
действия инспекторов ГИБДД,управление Нового Краснодара,0.9264991,not_duplicate
фильм Хроники Нарнии,автомобиль БЕЛДЖИ,0.92648935,not_duplicate
карьера Бритни Спирс,концерт Ленинграда,0.926482,not_duplicate
содержание поста,тема поста,0.9264386,duplicate
Рождество Христово (праздник),Рождественские богослужения,0.9263953,not_duplicate
проблема вывоза мусора,решение проблемы мусора,0.9263941,not_duplicate
качество работ по обслуживанию дороги,качество ремонта дороги,0.9263596,not_duplicate
газовые котлы и проблема,газовые котлы,0.92634714,similar_not_duplicate
запрет детских смесей Nestle,запрет на ввоз детских смесей Nestlé,0.92631984,duplicate
высокая стоимость свадьбы,средние затраты на свадьбу,0.9263019,not_duplicate
изменение закона о сроках оплаты ЖКХ,изменение закона об оплате ЖКХ,0.92627686,not_duplicate
медицинская страховка для туристов,медицинская страховка для отдыха за рубежом,0.92627496,not_duplicate
призыв к подписке,предложение подписаться,0.92625034,duplicate
повышение цен на питьевую воду,повышение тарифов на воду,0.9262494,duplicate
Проблемы ЖК Вест-Сайд,падение обломков БПЛ,0.9262449,not_duplicate
закрытие ресторана Бен Холл,электричество в ЖК Вест-Сайд,0.92621493,not_duplicate
вывоз мусора,организация вывоза мусора,0.9261996,not_duplicate
меры против коррупции,действия властей/коррупция,0.9261957,not_duplicate
автомобиль БЕЛДЖИ,премьеры в кино,0.92609954,not_duplicate
приготовление холодца,готовка пищи,0.9260904,not_duplicate
опасность из-за атаки беспилотников,информация о беспилотной атаке,0.92608243,not_duplicate
место проведения мероприятия,место события,0.9260684,duplicate
"титул ""Поп-король"" Филиппа Бедросовича",Джефф Миллз,0.92605895,not_duplicate
падение обломков БПЛ,участие водителя в конкурсе Голос Стерли,0.9260464,not_duplicate
концерт Киркорова,сиквел Короля и Шута,0.9260304,not_duplicate
возможный захват Гренландии США,претензии США на Гренландию,0.92602354,not_duplicate
карьера Бритни Спирс,"сериал «Клуб», Вася",0.92598945,not_duplicate
Участие в концерте ЛЮБЭ,спектакли Московского театра,0.9259447,not_duplicate
поворот налево на Сортировке,использование левого ряда для поворота,0.92591685,not_duplicate
рекламная кампания,рекламная стратегия,0.92587847,not_duplicate
концерт SCORPIONS в Ростове,участие водителя в конкурсе Голос Стерли,0.9258069,not_duplicate
состояние дома после обвала крыши,состояние крыш после обвала,0.925803,duplicate
электроснабжение ЖК Вест-Сайд,состояние трассы Ростов-Волгодонск,0.92572695,not_duplicate
карьера Бритни Спирс,сериал Полиция Дели,0.9257234,not_duplicate
состав пирожных,приготовление пирогов,0.92572093,not_duplicate
падение обломков БПЛ,спектакли Московского театра,0.9257179,not_duplicate
частое повышение цен на товары,рост цен,0.9255728,not_duplicate
кассовые сборы фильма «Чебурашка 2»,участие водителя в конкурсе Голос Стерли,0.9255646,not_duplicate
вывоз мусора,распространение мусора,0.92552483,not_duplicate
карьера Бритни Спирс,электроснабжение ЖК Вест-Сайд,0.9254656,not_duplicate
автомобиль БЕЛДЖИ,характеристика глав субъектов РФ,0.925463,not_duplicate
фильмы юности,отечественное кино,0.92545736,not_duplicate
Рождество Христово,Рождественские богослужения,0.9254103,not_duplicate
состояние железнодорожной инфраструктуры,состояние железной дороги,0.9254057,duplicate
объявление о беспилотной и ракетной опасности,угроза беспилотной опасности,0.92539644,not_duplicate
угроза БПЛА,опасность БПЛА,0.92537695,duplicate
Фраза из текста поста,текст поста,0.9253742,not_duplicate
вежливое общение,правила вежливого общения,0.9253662,not_duplicate
фильм Хроники Нарнии,управление Нового Краснодара,0.92535985,not_duplicate
фильм Волшебник Изумрудного города,характеристика глав субъектов РФ,0.9253081,not_duplicate
фильм Хроники Нарнии,электроснабжение ЖК Вест-Сайд,0.92530704,not_duplicate
свадьбы как показуха,свадьба как мероприятие,0.9252343,not_duplicate
повышение цен на ЖКУ,рост цен,0.9252268,not_duplicate
мероприятие Рождество,Рождественский сочельник и его празднование,0.9251971,not_duplicate
автомобиль БЕЛДЖИ,пересъемка старых фильмов/сказок,0.92518437,not_duplicate
управление Нового Краснодара,пересъемка старых фильмов/сказок,0.9251762,not_duplicate
концерт поп-короля,действия инспекторов ГИБДД,0.92517376,not_duplicate
количество БПЛА,количество перехваченных БПЛА,0.9251569,not_duplicate
новые шумозащитные конструкции,строительство шумозащитных конструкций,0.9251233,not_duplicate
действия администрации города,состояние города и работа администрации,0.92512184,not_duplicate
чистка карманов на дорогах,чистка проездов в карманах,0.92509794,duplicate
Железнодорожные задержки,задержки пассажирских поездов,0.92506856,not_duplicate
концерт поп-короля,управление Нового Краснодара,0.9250672,not_duplicate
ДТП с погибшими,Жёсткое ДТП,0.92506045,duplicate
страшное ДТП,смертельный исход ДТП,0.9250536,duplicate
беспилотный летательный аппарат (БПЛА) и его уничтожение,уничтожение беспилотников ПВО,0.92501414,not_duplicate
победа Салавата Юлаева,спортивная победа Салавата Юлаева,0.92497694,duplicate
описание Башкирии,обстановка в Башкирии,0.9249244,not_duplicate
Дата празднования Рождества в разных конфессиях,Дата празднования Рождества,0.92487156,not_duplicate
действия инспекторов ГИБДД,кассовые сборы фильма «Чебурашка 2»,0.92485976,not_duplicate
концерт Ленинграда,Площадь Советов (Ростов-на-Дону),0.9248079,not_duplicate
Участие в концерте ЛЮБЭ,первая часть фильма Чебурашка,0.9248075,not_duplicate
премьеры в кино,концерт группы «ИНДИИД»,0.9247845,not_duplicate
Участие в концерте ЛЮБЭ,концерт Киркорова,0.9247582,not_duplicate
ДТП,участие в ДТП,0.9247355,not_duplicate
Площадь Советов (Ростов-на-Дону),состояние трассы Ростов-Волгодонск,0.924709,not_duplicate
поведение автора и зацеперов,поведение автора (водителя),0.9246871,not_duplicate
концерт SCORPIONS в Ростове,кассовые сборы фильма «Чебурашка 2»,0.9246646,not_duplicate
проведение проверки силовиками,проверка силовиков,0.9245695,duplicate
угроза беспилотной опасности,беспилотная опасность - взрывы,0.9245571,duplicate
фото для иллюстрации,содержание фотографии,0.92453,not_duplicate
кафедральный собор архитектура,кафедральный статус собора,0.9244471,not_duplicate
электроснабжение ЖК Вест-Сайд,кассовые сборы фильма «Чебурашка 2»,0.9244469,not_duplicate
поведение водителей на дороге,поведение водителя (Акцента),0.9244287,not_duplicate
количество БПЛА,количество сбитых БПЛА,0.9243939,not_duplicate
принадлежность Москвы,Москва,0.9243915,similar_not_duplicate
жертва ДТП,смертельное ДТП,0.92435133,not_duplicate
термин водительница в ПДД,характеристика глав субъектов РФ,0.9242563,not_duplicate
карьера Бритни Спирс,Джефф Миллз,0.9242555,not_duplicate
закаты в городе,наличие сирены в городе,0.92424464,not_duplicate
действие автора комментария,поведение автора комментария (сохранение стихов),0.9242009,similar_not_duplicate
легковые автомобили на картинке,автомобили из каршеринга,0.92419654,not_duplicate
карьера Бритни Спирс,характеристика глав субъектов РФ,0.92418516,not_duplicate
жизнь в Башкирии,обстановка в Башкирии,0.9241842,not_duplicate
парковка автомобилей в парке,парковка во дворах,0.92417985,not_duplicate
запуск беспилотников,полет беспилотников,0.92415434,not_duplicate
ситуация ДТП,участие в ДТП,0.9241316,not_duplicate
действия инспекторов ГИБДД,доставка квитанций ЖКХ,0.9241269,not_duplicate
сиквел Короля и Шута,падение обломков БПЛ,0.92410195,not_duplicate
данные о рождаемости,точность данных о рождаемости,0.92410195,not_duplicate
сериал Полиция Дели,термин водительница в ПДД,0.9240937,not_duplicate
обязательная процедура медиации при разводе,новое правило медиации при разводе,0.92407376,not_duplicate
"титул ""Поп-король"" Филиппа Бедросовича",концерт Ленинграда,0.92402256,not_duplicate
кинопремьера Аватар 3,кинопремьера Одесия,0.9239955,not_duplicate
действия силовиков при проверке ресторана,проверка силовиков в ресторане,0.9239534,not_duplicate
процесс взятия пробы асфальта,укладка асфальта,0.923933,not_duplicate
электроснабжение ЖК Вест-Сайд,доставка квитанций ЖКХ,0.9238378,not_duplicate
запуск беспилотников,фиксация беспилотных летательных аппаратов,0.92382586,not_duplicate
зацеперы,действия зацеперов,0.92381585,similar_not_duplicate
повышение цен/эксплуатация,причины повышения цен,0.9238071,not_duplicate
премьеры в кино,характеристика глав субъектов РФ,0.9237336,not_duplicate
управление Нового Краснодара,состояние дороги на ул. Заводской,0.9237245,not_duplicate
ДТП под Нижним Тагилом,ДТП под Джубгой,0.9236902,not_duplicate
кассовые сборы фильма «Чебурашка 2»,падение обломков БПЛ,0.92368996,not_duplicate
повышение цен,причины повышения цен,0.92365235,not_duplicate
"титул ""Поп-король"" Филиппа Бедросовича",пересъемка старых фильмов/сказок,0.9236513,not_duplicate
электроснабжение ЖК Вест-Сайд,работа УК 'Доверие' по вывозу мусора,0.9236505,not_duplicate
Рождественская ярмарка,рождественские мероприятия,0.9236304,not_duplicate
накопление мусора,уборка мусора,0.92362404,not_duplicate
новое правило о медиаторах при разводе,новые правила развода,0.92360747,not_duplicate
шумозащитные конструкции,ненадежность шумозащитных конструкций,0.92358696,not_duplicate
ДТП,ДТП и его последствия,0.9235863,duplicate
зацеперы сбор мусора,уборка мусора в районе,0.9235523,not_duplicate
проблема вывоза мусора,нерешенная проблема с мусором,0.9234995,duplicate
место события в Краснодаре,происшествие в Краснодаре,0.92341495,duplicate
доставка квитанций ЖКХ,пересъемка старых фильмов/сказок,0.9233934,not_duplicate
введение штрафов за тонировку,штраф за нарушение тонировки,0.92336327,duplicate
сбитый беспилотник,работа ПВО по сбитым беспилотникам,0.92336226,not_duplicate
дорожно-транспортная ситуация,транспортные проблемы,0.9232877,not_duplicate
безопасность на улицах,безопасность пешеходов,0.9232782,not_duplicate
сиквел Короля и Шута,Джефф Миллз,0.9232571,not_duplicate
вывоз мусора,деятельность зацеперов по сбору мусора,0.92323464,not_duplicate
фильм Хроники Нарнии,концерт группы «ИНДИИД»,0.92322373,not_duplicate
состояние дороги на перекрестке Циолковского и Комарова,состояние улицы Чайковского,0.9231862,not_duplicate
состояние трассы Ростов-Волгодонск,падение обломков БПЛ,0.923162,not_duplicate
украденная новогодняя ёлка,украденная ёлка,0.9231003,duplicate
ситуация ДТП,результат аварии,0.9230759,not_duplicate
способ уборки мусора,вывоз мусора,0.92305803,not_duplicate
эффективность уничтожения дронов,Методы противодействия дронам,0.92305267,not_duplicate
фильм Хроники Нарнии,характеристика глав субъектов РФ,0.92305094,not_duplicate
закрытие ресторана Бен Холл,автомобиль БЕЛДЖИ,0.92301583,not_duplicate
Ситуация с вывозом мусора,организация вывоза мусора,0.9229802,not_duplicate
термин водительница в ПДД,участие водителя в конкурсе Голос Стерли,0.9229379,not_duplicate
меры безопасности,меры личной безопасности,0.92293763,not_duplicate
безопасность территории городка,безопасность района,0.9228871,not_duplicate
безопасность на улицах,безопасность на дорогах,0.92283887,duplicate
строительство ЖК Вест-Сайд,кассовые сборы фильма «Чебурашка 2»,0.92283595,not_duplicate
состояние трассы Ростов-Волгодонск,"сериал «Клуб», Вася",0.9227978,not_duplicate
концерт поп-короля,фильм Хроники Нарнии,0.9227926,not_duplicate
способ уборки мусора,накопление мусора,0.9227899,not_duplicate
автомобиль БЕЛДЖИ,управление Нового Краснодара,0.92276895,not_duplicate
автомобиль БЕЛДЖИ,фильм Волшебник Изумрудного города,0.9227575,not_duplicate
премьеры в кино,участие водителя в конкурсе Голос Стерли,0.92274,not_duplicate
празднование Рождества,мероприятие Рождество,0.92270637,duplicate
цены на билеты,информация о ценах на билеты,0.92269737,not_duplicate
сериал Полиция Дели,Джефф Миллз,0.92269075,not_duplicate
наплыв туристов в Москву,проблема туристов в Москве,0.9226834,not_duplicate
"сериал «Клуб», Вася",падение обломков БПЛ,0.92265606,not_duplicate
Джефф Миллз,МУП 'СТЭ',0.92263067,not_duplicate
празднование Рождества,Рождество Христово (праздник),0.9226283,duplicate
закон о штрафах за тонировку,введение новых штрафов за тонировку,0.9226253,duplicate
доставка квитанций ЖКХ,падение обломков БПЛ,0.9225663,not_duplicate
работа полиции,поведение полиции,0.92252874,not_duplicate
строительство ЖК Вест-Сайд,МУП 'СТЭ',0.9225067,not_duplicate
закрытие ресторана Бен Холл,спектакли Московского театра,0.9224938,not_duplicate
количество туристов,наплыв туристов,0.9224827,not_duplicate
электричество в ЖК Вест-Сайд,автомобиль БЕЛДЖИ,0.92244816,not_duplicate
чистка карманов на улице Ленина,карманы на улице Ленина,0.92237115,similar_not_duplicate
отключение электричества,отсутствие электричества,0.9223344,duplicate
выступление Деда Мороза с песней,песня Деда Мороза,0.92225593,duplicate
закрытие территории парка,закрытие парка в неурочное время,0.9222414,not_duplicate
работа чата,работа,0.9222405,not_duplicate
действия при обнаружении дрона,перехват беспилотников,0.92222255,not_duplicate
шумозащитные конструкции,надежность шумозащитных конструкций,0.9222119,not_duplicate
концерт Ленинграда,электричество в ЖК Вест-Сайд,0.92220205,not_duplicate
термин водительница в ПДД,концерт группы «ИНДИИД»,0.9222008,not_duplicate
состояние дороги от Магнитогорска до Челябинска,дорожная обстановка в Челябинской области,0.9221957,not_duplicate
ДТП как безумный трюк,страшное ДТП,0.9221923,not_duplicate
собор название и статус,кафедральный статус собора,0.922192,not_duplicate
объявление беспилотной и ракетной опасности,угроза беспилотной опасности,0.92213774,not_duplicate
состояние трассы Ростов-Волгодонск,первая часть фильма Чебурашка,0.922123,not_duplicate
ёлка в Екатеринбурге,ёлка на Площади в Челябинске,0.92206717,not_duplicate
состояние трассы Ростов-Волгодонск,состояние дороги на ул. Заводской,0.9220624,not_duplicate
страшное ДТП,ДТП и его последствия,0.9220563,duplicate
угроза БПЛА,угроза атаки БПЛА,0.9220458,duplicate
электричество в ЖК Вест-Сайд,доставка квитанций ЖКХ,0.9220253,not_duplicate
медиация при разводе,обязательная процедура медиации при разводе,0.922001,not_duplicate
ЖК Вест-Сайд,концерт SCORPIONS в Ростове,0.9219651,not_duplicate
автомобиль БЕЛДЖИ,участие водителя в конкурсе Голос Стерли,0.9218384,not_duplicate
ёлка/праздничные традиции,рождественские традиции/колядование,0.92182136,not_duplicate
количество ДТП,частота ДТП с летальным исходом,0.92177564,not_duplicate
фильм Волшебник Изумрудного города,премьеры в кино,0.9217686,not_duplicate
сиквел Короля и Шута,автомобиль БЕЛДЖИ,0.9217627,not_duplicate
Рождество Христово (праздник),крестный ход в Рождество,0.9217237,not_duplicate
реакция соседей,поведение соседей,0.92170674,duplicate
поиск пропавшего мужчины,поиск пропавшего человека,0.92169064,duplicate
сериал Полиция Дели,кассовые сборы фильма «Чебурашка 2»,0.92168015,not_duplicate
состояние города,проблемы города,0.9216701,not_duplicate
поведение водителей в ДТП,поведение водителей на дороге,0.92164665,not_duplicate
сериал Полиция Дели,работа УК 'Доверие' по вывозу мусора,0.92164654,not_duplicate
участие в крестном ходе,участие в богослужении,0.92156905,not_duplicate
контроль над переводами и платежами,контроль за платежами,0.9215681,not_duplicate
электричество в ЖК Вест-Сайд,характеристика глав субъектов РФ,0.92155355,not_duplicate
"титул ""Поп-король"" Филиппа Бедросовича",ЖК Вест-Сайд,0.9215352,not_duplicate
новости,источник новостей,0.9214171,similar_not_duplicate
сбитый беспилотник,способ уничтожения беспилотников,0.92139894,not_duplicate
вывоз мусора,уборка мусора,0.9213989,duplicate
новое правило о штрафах за тонировку,штраф за нарушение тонировки,0.9213671,duplicate
концерт Филиппа Киркорова,премьеры в кино,0.9213195,not_duplicate
концерт SCORPIONS в Ростове,"сериал «Клуб», Вася",0.9213033,not_duplicate
участие в ДТП,Жёсткое ДТП,0.92128795,not_duplicate
"титул ""Поп-король"" Филиппа Бедросовича",строительство ЖК Вест-Сайд,0.9212508,not_duplicate
сериал Полиция Дели,концерт SCORPIONS в Ростове,0.9212332,not_duplicate
расписание маршрутки,график движения маршрутки,0.9212064,duplicate
дроновое нападение,информация о беспилотной атаке,0.9211997,not_duplicate
маркетинговая кампания,рекламная акция,0.9211779,not_duplicate
выступление Филиппа Киркорова,Филипп Киркоров,0.92115355,similar_not_duplicate
вывоз мусора,вывоз мусора / подрядчик,0.9210939,duplicate
высокие затраты на свадьбу,дорогая организация свадьбы,0.9210763,duplicate
автомобиль БЕЛДЖИ,сбитые БПЛА,0.9210726,not_duplicate
полет беспилотников,перехват беспилотников,0.9210267,not_duplicate
сиквел Короля и Шута,кассовые сборы фильма «Чебурашка 2»,0.9209591,not_duplicate
сиквел Короля и Шута,концерт SCORPIONS в Ростове,0.9209531,not_duplicate
смертельный исход ДТП,Жёсткое ДТП,0.92087823,duplicate
строительство ЖК Вест-Сайд,жанр шансон,0.9208706,not_duplicate
строительство шумозащитных конструкций,качество шумозащитных конструкций,0.9208596,not_duplicate
автомобиль БЕЛДЖИ,концерт группы «ИНДИИД»,0.92081034,not_duplicate
взрывы в городе,регулярные взрывы в городе,0.9208068,not_duplicate
расходы на свадьбу,информация о стоимости свадьбы,0.9207779,not_duplicate
условия на дорогах,состояние дорог и тротуаров,0.92071897,not_duplicate
электроснабжение ЖК Вест-Сайд,применение УК РФ,0.92069095,not_duplicate
ЖК Вест-Сайд,премьеры в кино,0.9206837,not_duplicate
дорожно-транспортное происшествие в Свердловской области,ДТП в Новороссийске,0.92067844,not_duplicate
концерт Киркорова,действия инспекторов ГИБДД,0.9206723,not_duplicate
отключение электричества в ЖК Вест-Сайд,падение обломков БПЛ,0.92067224,not_duplicate
шаурмятни,кальян,0.9205402,not_duplicate
проблема вывоза мусора,накопление мусора,0.9205383,not_duplicate
кинопремьера Одесия,премьеры в кино,0.92053556,not_duplicate
процесс возврата товара с браком,возврат товара с браком в ВБ,0.92052513,not_duplicate
мероприятие Филиппа Киркорова,костюмы Филиппа Киркорова,0.92051,not_duplicate
высокая стоимость свадьбы,стоимость свадьбы в будущем,0.9204867,not_duplicate
защита от беспилотной атаки,беспилотная атака,0.92048156,similar_not_duplicate
мероприятие Филиппа Киркорова,Филипп Киркоров - шоу,0.92044413,similar_not_duplicate
закрытие ресторана Бен Холл,кассовые сборы фильма «Чебурашка 2»,0.920434,not_duplicate
военная операция,Специальная военная операция,0.92041105,duplicate
Домашнее питание детей,питание ребенка,0.92038,not_duplicate
фирма по вывозу мусора,работа по вывозу мусора,0.92031294,not_duplicate
электричество в ЖК Вест-Сайд,пересъемка старых фильмов/сказок,0.9202984,not_duplicate
празднование Рождества,празднование Рождества Христова,0.92029023,duplicate
действия инспекторов ГИБДД,премьеры в кино,0.9202881,not_duplicate
платье на Соборном,платье,0.9202474,similar_not_duplicate
работа УК 'Доверие' по вывозу мусора,пересъемка старых фильмов/сказок,0.9202444,not_duplicate
поведение зацеперов,действия зацеперов,0.9202257,duplicate
управление Нового Краснодара,фильм Волшебник Изумрудного города,0.9202144,not_duplicate
стоимость продуктовой корзины,стоимость продуктов питания,0.92019975,duplicate
процесс развода с медиацией,новое правило медиации при разводе,0.920175,not_duplicate
сиквел Короля и Шута,действия инспекторов ГИБДД,0.9201521,not_duplicate
концерт Киркорова,кассовые сборы фильма «Чебурашка 2»,0.92013925,not_duplicate
водитель мужчина,водитель машины,0.920125,not_duplicate
частота ДТП из-за нетрезвых водителей,частота ДТП с участием джипов и автопоездов,0.92010283,not_duplicate
новое законодательство,законодательство,0.92009723,duplicate
состояние дорог,состояние дороги Плотинка,0.9200846,not_duplicate
отключение электричества в районе,отключение электроэнергии в Апшеронском районе,0.92006487,duplicate
концерт Филиппа Киркорова,электричество в ЖК Вест-Сайд,0.9200609,not_duplicate
"питание детей в 1,5 года",питание ребенка,0.9200532,not_duplicate
Участие в концерте ЛЮБЭ,премьеры в кино,0.92005134,not_duplicate
фильм Хроники Нарнии,падение обломков БПЛ,0.9200135,not_duplicate
сиквел Короля и Шута,"сериал «Клуб», Вася",0.9200081,not_duplicate
электричество в ЖК Вест-Сайд,первая часть фильма Чебурашка,0.92000705,not_duplicate
цены на продукты,цены на товары,0.9200023,not_duplicate
кинопремьера Аватар 3,концерт группы «ИНДИИД»,0.9199989,not_duplicate
Филипп Киркоров - шоу,костюмы Филиппа Киркорова,0.9199809,not_duplicate
электричество в ЖК Вест-Сайд,продажа квартир в ЖПЭ,0.9199492,not_duplicate
состояние трассы Ростов-Семикаракорск,состояние дороги на ул. Заводской,0.9199319,not_duplicate
"титул ""Поп-король"" Филиппа Бедросовича",управление Нового Краснодара,0.91992414,not_duplicate
состояние дорог после таяния снега,посыпание дорог зимой,0.91991806,not_duplicate
празднование Рождества и Нового года,Рождественский сочельник и его празднование,0.91990215,not_duplicate
кинопремьера Одесия,автомобиль БЕЛДЖИ,0.91988915,not_duplicate
зацеперы сбор мусора,зацеперы - подбор мусора вне кабины,0.91986513,duplicate
надежность шумозащитных конструкций,ненадежность шумозащитных конструкций,0.91984785,not_duplicate
закон о штрафах за тонировку,штраф за нарушение тонировки,0.91984284,duplicate
Место ДТП,авария на трассе,0.919832,duplicate
воспитание детей,воспитание в семье,0.91982985,not_duplicate
богослужение/вертеп в храме,мероприятия храма,0.91982096,not_duplicate
беспилотный летательный аппарат (БПЛА) и его уничтожение,способ уничтожения беспилотников,0.91980964,not_duplicate
электричество в ЖК Вест-Сайд,управление Нового Краснодара,0.91979325,not_duplicate
участие в концерте Киркорова,концерт поп-короля,0.91979104,not_duplicate
обеспечение безопасности,безопасность при угрозе,0.9197725,duplicate
Участие в концерте ЛЮБЭ,сериал Полиция Дели,0.9197645,not_duplicate
погибшие в ДТП,Жёсткое ДТП,0.9197496,duplicate
концерт поп-короля,музыкальный микс Казакостояния,0.9197495,not_duplicate
работа УК 'Доверие' по вывозу мусора,фильм Волшебник Изумрудного города,0.919744,not_duplicate
Рождество Христово (праздник),Рождественский сочельник и его празднование,0.91971856,not_duplicate
повышение цен на билеты в кинотеатрах,цены на билеты в кинотеатрах,0.9197077,duplicate
кинопремьера Одесия,МУП 'СТЭ',0.91970086,not_duplicate
рекорд кассовых сборов фильма «Чебурашка 2»,пересъемка старых фильмов/сказок,0.9196634,not_duplicate
реагирование на инцидент с газом,инцидент с газом,0.91964734,similar_not_duplicate
поведение водителей,поведение водителей в ДТП,0.9196198,similar_not_duplicate
празднование Рождества Христова,Празднование Рождества Христова под другим именем,0.91959536,duplicate
рост цен на билеты в кино,цены на билеты в кинотеатрах,0.9195947,duplicate
зацеперы,деятельность зацеперов,0.91957664,similar_not_duplicate
поведение жертв ДТП,поведение водителей после аварии,0.91952664,not_duplicate
атака на завод,атака на завод в Стерлитамаке,0.919524,similar_not_duplicate
использование украинских беспилотников,Силы Беспилотных систем Украины,0.9194469,not_duplicate
беспилотная атака,уничтожение беспилотников ПВО,0.91935134,not_duplicate
Ситуация на Украине,действия Украины,0.9192629,not_duplicate
электричество в ЖК Вест-Сайд,действия инспекторов ГИБДД,0.9192372,not_duplicate
концерт Филиппа Киркорова,применение УК РФ,0.9191936,not_duplicate
сбитие беспилотников,уничтожение беспилотников ПВО,0.9191856,not_duplicate
термин водительница в ПДД,пересъемка старых фильмов/сказок,0.9191791,not_duplicate
авария на трассе,автомобильный инцидент,0.91911435,duplicate
концерт SCORPIONS в Ростове,фильм Волшебник Изумрудного города,0.91908157,not_duplicate
фильм Хроники Нарнии,жанр шансон,0.9190606,not_duplicate
карьера Бритни Спирс,пересъемка старых фильмов/сказок,0.9190526,not_duplicate
страшное ДТП,ДТП с погибшими,0.91902053,duplicate
поведение полиции,действия полиции (проведение проверки),0.9189883,not_duplicate
"титул ""Поп-король"" Филиппа Бедросовича",сиквел Короля и Шута,0.91897917,not_duplicate
поведение полиции,поведение сотрудников полиции (PLS),0.9189719,duplicate
ежегодная медкомиссия для водителей,медицинская комиссия для водителей,0.9189669,duplicate
концерт SCORPIONS в Ростове,состояние трассы Ростов-Семикаракорск,0.9189088,not_duplicate
Рождественский сочельник и его празднование,Рождественские богослужения,0.9189056,not_duplicate
ситуация с уборкой мусора,накопление мусора,0.9189044,not_duplicate
автомобиль БЕЛДЖИ,"сериал «Клуб», Вася",0.9189041,not_duplicate
действия властей,реакция властей на дело,0.91889626,similar_not_duplicate
электроснабжение ЖК Вест-Сайд,продажа квартир в ЖПЭ,0.91884565,not_duplicate
сериал Полиция Дели,продажа квартир в ЖПЭ,0.91884506,not_duplicate
ситуация ДТП,авария на трассе,0.9188173,duplicate
заказ шаурмы через Мах,продажа шаурмы через Мах,0.9188115,duplicate
строительство ЖК Вест-Сайд,работа УК 'Доверие' по вывозу мусора,0.9188024,not_duplicate
запирание в парке,запирание людей в парке,0.9187859,duplicate
дорожно-транспортное происшествие,смертельное ДТП,0.91874397,not_duplicate
ситуация с уборкой мусора,решение проблемы мусора,0.9187214,not_duplicate
продажа просроченных продуктов,продажа просроченной пищевой продукции,0.9187186,duplicate
фиксация беспилотных летательных аппаратов,полет беспилотников,0.91871166,not_duplicate
действия ГИБДД,профилактическая акция ГИБДД,0.91868645,not_duplicate
поведение родителей ребенка-виновника,поведение родителей ребенка,0.9186793,similar_not_duplicate
причины повышения цен,повышение цен на товары,0.9186714,not_duplicate
район школы искусств (место события),состояние района школы искусств,0.918645,duplicate
ДТП на трассе,Место ДТП,0.9186439,not_duplicate
концерт Филиппа Киркорова,состояние дороги на ул. Заводской,0.91862965,not_duplicate
дорожно-транспортное происшествие в Свердловской области,ДТП на трассе Ростов – Семикаракорск – Волгодонск,0.91862917,not_duplicate
новые районы Краснодара,географическое положение Нового Краснодара,0.9186157,not_duplicate
опасность из-за атаки беспилотников,беспилотная опасность - взрывы,0.91861236,duplicate
Площадь Советов (Ростов-на-Дону),состояние трассы Ростов-Семикаракорск,0.91857314,not_duplicate
расходы на свадьбу,стоимость свадьбы в будущем,0.91857016,not_duplicate
опасность из-за атаки беспилотников,объявление беспилотной опасности,0.91855866,not_duplicate
концерт Киркорова,состояние дороги на ул. Заводской,0.9185538,not_duplicate
состояние шумозащитных конструкций,качество шумозащитных конструкций,0.91853535,not_duplicate
ДТП на Базовом переулке,ДТП на перекрестке,0.9184873,not_duplicate
ДТП на трассе,автомобильный инцидент,0.91847503,duplicate
образ Филиппа Киркорова в шубе,эпатажный образ Филиппа Киркорова,0.9184722,not_duplicate
поведение автора поста,деятельность автора поста,0.9184691,duplicate
ситуация ДТП,смертельное ДТП,0.9184679,duplicate
дорожно-транспортное происшествие,ДТП и его последствия,0.91839856,duplicate
МУП 'СТЭ',характеристика глав субъектов РФ,0.9183144,not_duplicate
Филипп Киркоров - шоу,стиль Филиппа Киркорова,0.9183118,not_duplicate
действия администрации города,работа мэрии,0.91831064,duplicate
введение штрафов за тонировку,введение единых штрафов,0.9182795,duplicate
деятельность зацеперов,зацеперы и их методы,0.9182346,similar_not_duplicate
Участие в концерте ЛЮБЭ,музыкальный микс Казакостояния,0.9182238,not_duplicate
частые аварии на М5 трассе,ДТП на трассе М4,0.91821754,not_duplicate
строительство метро в Питере и Москве,строительство метро в Новознаменскую,0.91820073,not_duplicate
концерт поп-короля,Джефф Миллз,0.9181714,not_duplicate
метод сбора мусора,вывоз мусора,0.91813874,not_duplicate
застройка Краснодара и Нижнего,Краснодар - деревня,0.9181315,not_duplicate
кинопремьера Аватар 3,сериал Полиция Дели,0.91810775,not_duplicate
"питание детей в 1,5 года",детское питание,0.91809976,not_duplicate
вывоз мусора / подрядчик,организация вывоза мусора,0.91808957,duplicate
концерт Ленинграда,состояние дороги на ул. Заводской,0.9180789,not_duplicate
способ уборки мусора,решение проблемы мусора,0.91805744,not_duplicate
кинопремьера Аватар 3,концерт Ленинграда,0.9180267,not_duplicate
поведение водителя «Нивы»,поведение водителя (Акцента),0.91797924,not_duplicate
перехват беспилотников,источник беспилотников,0.91796243,not_duplicate
применение УК РФ,падение обломков БПЛ,0.91793585,not_duplicate
ЖК Вест-Сайд,кассовые сборы фильма «Чебурашка 2»,0.9179074,not_duplicate
закрытие ворот в парке,закрытие территории парка,0.91785276,duplicate
фильм Рождество на двоих,кассовые сборы фильма «Чебурашка 2»,0.91783005,not_duplicate
действия Украины,действия сторонников Украины,0.91775197,not_duplicate
ДТП,смертельное ДТП на дороге,0.9177404,duplicate
фастфуд из картошки,жареная картошка как альтернатива фастфуду,0.91773033,not_duplicate
автомобиль БЕЛДЖИ,применение УК РФ,0.9177273,not_duplicate
безопасность региона,безопасность района,0.91772455,duplicate
действия инспекторов ГИБДД,спектакли Московского театра,0.9177203,not_duplicate
рекорд кассовых сборов фильма «Чебурашка 2»,успех фильма Чебурашка 2,0.9177183,not_duplicate
строительство дорожной развязки,дорожная инфраструктура,0.91768813,not_duplicate
доставка квитанций ЖКХ,характеристика глав субъектов РФ,0.91767156,not_duplicate
страшное ДТП,Место ДТП,0.9175998,not_duplicate
концерт Филиппа Киркорова,мероприятие Деда Мороза,0.91757745,not_duplicate
деятельность зацеперов по сбору мусора,организация сбора мусора,0.91757125,not_duplicate
масштаб аварии в ЖК Вест Сайд,Проблемы ЖК Вест-Сайд,0.9175711,not_duplicate
сбитие беспилотников,дроновое нападение,0.91751295,not_duplicate
перебои с электричеством,наличие электричества,0.917511,not_duplicate
дорожное движение,дорожная ситуация,0.9175068,not_duplicate
ситуация ДТП,ДТП и его последствия,0.917478,duplicate
фильм Рождество на двоих,премьеры в кино,0.9174565,not_duplicate
уборка снега,качество уборки снега,0.91745186,not_duplicate
концерт SCORPIONS в Ростове,применение УК РФ,0.91742754,not_duplicate
действия зацеперов,характеристика зацеперов,0.9173868,not_duplicate
меры предосторожности МЧС,меры предосторожности,0.9173559,not_duplicate
фильм Рождество на двоих,фильм Хроники Нарнии,0.91731834,not_duplicate
реакция свидетелей,обращение к свидетелям,0.9173061,not_duplicate
жанр шансон,ЖК Июнь,0.91730493,not_duplicate
Участие в концерте ЛЮБЭ,падение обломков БПЛ,0.9172746,not_duplicate
работа по вывозу мусора,Ситуация с вывозом мусора,0.91724604,not_duplicate
объявление беспилотной опасности,распространение информации об угрозе беспилотников,0.91723084,not_duplicate
общественный транспорт,маршрут общественного транспорта,0.9172305,similar_not_duplicate
фильм Хроники Нарнии,участие водителя в конкурсе Голос Стерли,0.9171883,not_duplicate
автомобиль БЕЛДЖИ,продажа квартир в ЖПЭ,0.9171237,not_duplicate
обогреватель в электричке,циферка отопления,0.9171127,not_duplicate
закрытие ресторана Бен Холл,концерт SCORPIONS в Ростове,0.91710114,not_duplicate
погодные условия зимой,наступление зимы,0.9170817,not_duplicate
состояние трассы Ростов-Семикаракорск,управление Нового Краснодара,0.91705084,not_duplicate
шумозащитные конструкции,качество шумозащитных конструкций,0.9170315,not_duplicate
термин водительница в ПДД,действия инспекторов ГИБДД,0.91701007,not_duplicate
причины повышения цен,рост цен,0.9170029,not_duplicate
концерт Филиппа Киркорова,дороги Осипенко/Репин,0.91700244,not_duplicate
Дата празднования Рождества в разных конфессиях,Дата празднования Рождества у католиков и православных,0.9169673,similar_not_duplicate
поведение автора поста,поведение автора поста (решение не ехать),0.91695404,similar_not_duplicate
водитель мужчина,водитель автомобиля,0.9168991,not_duplicate
ремонт газовых котлов,газовые котлы,0.9168985,similar_not_duplicate
работа УК 'Доверие' по вывозу мусора,доставка квитанций ЖКХ,0.9168536,not_duplicate
проблемы города,Ситуация в городе,0.91675603,not_duplicate
отключение электроэнергии,причина отключения электричества,0.91673046,not_duplicate
запрос информации о работе в GSB,работа в GSB,0.91670424,not_duplicate
государственное управление ЖКХ,государственное регулирование ЖКХ,0.91670203,not_duplicate
мероприятие Филиппа Киркорова,состояние трассы Ростов-Волгодонск,0.9166653,not_duplicate
причины повышения цен,частое повышение цен на товары,0.9166475,not_duplicate
фильм Хроники Нарнии,концерт SCORPIONS в Ростове,0.91663945,not_duplicate
выбор песен Деда Мороза,выступление Деда Мороза,0.91663027,not_duplicate
дрифт на ватрушке,пожарные гидранты,0.9165837,not_duplicate
опасность из-за атаки беспилотников,объявление о беспилотной и ракетной опасности,0.9165651,not_duplicate
закрытие ресторана Бен Холл,премьеры в кино,0.91656446,not_duplicate
концерт Киркорова,премьеры в кино,0.91655755,not_duplicate
страшное ДТП,авария на трассе,0.91655254,duplicate
ДТП на тюбинге,страшное ДТП,0.9165441,duplicate
"книга 'Сделано, чтобы прилипать'","книга ""Сделано, чтобы прилипать"", идеи",0.9165065,duplicate
смертельный исход ДТП,результат аварии,0.91649777,duplicate
фильм Волшебник Изумрудного города,продажа квартир в ЖПЭ,0.9164668,not_duplicate
выбор песен Деда Мороза,песня Деда Мороза,0.9164655,not_duplicate
ДТП на трассе,водители в ДТП,0.91644764,not_duplicate
мероприятие у церкви,место проведения богослужений,0.9164287,not_duplicate
ЖК Вест-Сайд,продажа квартир в ЖПЭ,0.91641444,not_duplicate
празднование Рождества,Рождественская служба,0.91635627,not_duplicate
фильм Хроники Нарнии,ЖК Вест-Сайд,0.9163468,not_duplicate
действия полиции/властей,действия полиции (проведение проверки),0.9162978,not_duplicate
Существование Деда Мороза,поведение Деда Мороза,0.9162915,not_duplicate
управление Нового Краснодара,участие водителя в конкурсе Голос Стерли,0.9162494,not_duplicate
поведение хаски в контактном зоопарке,поведение собаки в контактном зоопарке,0.9162481,duplicate
автоматическое удаление сообщений,удаление сообщений,0.91623354,not_duplicate
САХ,ад,0.91623247,not_duplicate
кинопремьера Аватар 3,характеристика глав субъектов РФ,0.91622454,not_duplicate
Джефф Миллз,фильм Волшебник Изумрудного города,0.9162212,not_duplicate
карьера Бритни Спирс,действия инспекторов ГИБДД,0.9162116,not_duplicate
продажа квартир в ЖПЭ,премьеры в кино,0.91613257,not_duplicate
эффективность уборки снега,уборка снега грейдером,0.9160684,not_duplicate
концерт Киркорова,электричество в ЖК Вест-Сайд,0.91606784,not_duplicate
расположение горки и тротуара,пешеходная тропинка,0.91603774,not_duplicate
концерт Филиппа Киркорова,фильм Рождество на двоих,0.91591495,not_duplicate
дроновое нападение,взрывы беспилотников,0.9159101,duplicate
действия инспекторов ГИБДД,работа УК 'Доверие' по вывозу мусора,0.91589093,not_duplicate
кинопремьера Аватар 3,строительство ЖК Вест-Сайд,0.9158821,not_duplicate
образ Филиппа Киркорова в шубе,внешность Филиппа Киркорова,0.9158697,not_duplicate
участие в концерте Киркорова,спектакли Московского театра,0.9158624,not_duplicate
состояние мусорных контейнеров,накопление мусора,0.91585857,not_duplicate
выступление Филиппа Киркорова,стиль Филиппа Киркорова,0.9158503,not_duplicate
Путин,полномочия Путина,0.9158428,similar_not_duplicate
накопление мусора,решение проблемы мусора,0.91583085,not_duplicate
Участие в концерте ЛЮБЭ,концерт группы «ИНДИИД»,0.91580564,not_duplicate
деятельность зацеперов по сбору мусора,уборка мусора в районе,0.9157826,not_duplicate
укладка асфальта,проблемы с асфальтом,0.91577035,not_duplicate
жертва ДТП,ситуация ДТП,0.9157703,not_duplicate
кинопремьера Аватар 3,спектакли Московского театра,0.91575813,not_duplicate
агрессивное поведение,агрессивное поведение в обществе,0.9157468,duplicate
сериал Полиция Дели,доставка квитанций ЖКХ,0.9156925,not_duplicate
строительство ЖК Вест-Сайд,состояние трассы Ростов-Волгодонск,0.9156814,not_duplicate
организация свадьбы,проведение свадебных торжеств,0.9156188,duplicate
карьера Бритни Спирс,"титул ""Поп-король"" Филиппа Бедросовича",0.9156168,not_duplicate
празднование Рождества Христова,крестный ход в Рождество,0.9156132,not_duplicate
ёлка в Миассе,ёлка в Уфе,0.9155963,not_duplicate
поведение украинских сил,Действия украинских военных,0.915573,duplicate
действия зацеперов,зацеперы и их методы,0.9155652,duplicate
беспилотники из Украины,перехват украинских беспилотников,0.91554844,similar_not_duplicate
частые аварии на М5 трассе,авария на трассе М4,0.9155464,not_duplicate
"титул ""Поп-король"" Филиппа Бедросовича",спектакли Московского театра,0.91552734,not_duplicate
распространение мусора,проблема вывоза мусора,0.91552615,not_duplicate
рекорд кассовых сборов фильма «Чебурашка 2»,концерт группы «ИНДИИД»,0.91550493,not_duplicate
участие в концерте Киркорова,управление Нового Краснодара,0.915465,not_duplicate
ЖК Вест-Сайд,жанр шансон,0.91542304,not_duplicate
альтернативное детское питание,детское питание,0.9154212,not_duplicate
концерт SCORPIONS в Ростове,автомобиль БЕЛДЖИ,0.91541606,not_duplicate
концерт поп-короля,кассовые сборы фильма «Чебурашка 2»,0.9154081,not_duplicate
отключение света в ЖК Вест-Сайд,перебои с электричеством в ЖК Вест-Сайд,0.91538846,duplicate
размер штрафа за нарушение тонировки,штрафы за неправильную тонировку,0.91536534,duplicate
закрытие ресторана Бен Холл,управление Нового Краснодара,0.915365,not_duplicate
поведение родителей,поведение родителя (несоблюдение присмотра),0.9153622,similar_not_duplicate
вывоз мусора,ситуация с уборкой мусора,0.9153514,not_duplicate
состояние дома после обвала крыши,состояние крыши дома,0.91534317,duplicate
рождаемость в семье,рождаемость детей,0.91533756,duplicate
концерт SCORPIONS в Ростове,премьеры в кино,0.91532755,not_duplicate
Участие в концерте ЛЮБЭ,сиквел Короля и Шута,0.9153087,not_duplicate
соблюдение ГОСТа на шаурму,введение ГОСТа на шаурму,0.9152924,not_duplicate
рекламная кампания,наличие рекламы,0.915241,not_duplicate
жёсткое ДТП с большегрузами,ДТП легковушки под грузовиком,0.91522056,not_duplicate
строительство шумозащитных конструкций,ненадежность шумозащитных конструкций,0.9151849,not_duplicate
ДТП на трассе,страшное ДТП,0.91511464,duplicate
концерт Филиппа Киркорова,продажа квартир в ЖПЭ,0.9150786,not_duplicate
кинопремьера Аватар 3,кассовые сборы фильма «Чебурашка 2»,0.91507816,not_duplicate
дерево на проезжей части,дерево на проводах,0.9150655,not_duplicate
факт повреждения машины,происшествие с машиной,0.9150582,duplicate
отключение электричества,аварийное отключение электроэнергии,0.915044,duplicate
Площадь Советов (Ростов-на-Дону),состояние дороги Ростов-Волгодонск,0.9150206,not_duplicate
стоимость входа на каток,цена проезда,0.9149988,not_duplicate
празднование Рождества Христова,Рождественский сочельник и его празднование,0.9149576,not_duplicate
описание Башкирии,географическое положение Башкирии,0.91484463,not_duplicate
застройка в Краснодаре,Краснодар - деревня,0.91482544,not_duplicate
жертва ДТП,ДТП с погибшими,0.9148036,not_duplicate
соблюдение ГОСТа на шаурму,внедрение ГОСТа на шаурму,0.9147987,not_duplicate
"титул ""Поп-король"" Филиппа Бедросовича",автомобиль БЕЛДЖИ,0.9147817,not_duplicate
фиксация беспилотных летательных аппаратов,источник беспилотников,0.9147795,not_duplicate
сиквел Короля и Шута,термин водительница в ПДД,0.91477674,not_duplicate
кинопремьера Аватар 3,пересъемка старых фильмов/сказок,0.9147669,not_duplicate
концерт Ленинграда,МУП 'СТЭ',0.91476107,not_duplicate
бегание зайцев во дворе,наличие кроликов во дворе,0.91475,not_duplicate
поведение зацеперов,деятельность зацеперов,0.9147419,similar_not_duplicate
обязательная процедура медиации при разводе,новая система медиации при разводе,0.91467214,not_duplicate
Рождество Христово (праздник),Празднование Рождества Христова под другим именем,0.9146403,duplicate
запуск беспилотников,перехват беспилотников,0.9146218,not_duplicate
колхозное водительское мнение,поведение водителей за рулем,0.914606,not_duplicate
частые перебои с электричеством,причина отключения электричества,0.9145729,not_duplicate
безопасность в ДТП,дорожная безопасность,0.9145724,not_duplicate
закрытие ресторана Бен Холл,фильм Рождество на двоих,0.9145396,not_duplicate
продажа квартир в ЖПЭ,падение обломков БПЛ,0.914514,not_duplicate
застройка в Краснодаре,место события в Краснодаре,0.91450834,not_duplicate
опасность из-за атаки беспилотников,беспилотная атака,0.91439414,similar_not_duplicate
наплыв туристов в Сочи,туристический поток в Сочи,0.9143827,duplicate
звук взрывов в городе,взрывы в городе,0.91438127,duplicate
качество отечественного кино,качество российских фильмов,0.9143743,duplicate
первая часть фильма Чебурашка,продажа квартир в ЖПЭ,0.9143715,not_duplicate
проблема с вывозом мусора,решение проблемы мусора,0.91436756,not_duplicate
качество шумозащитных конструкций,ненадежность шумозащитных конструкций,0.91435724,not_duplicate
ДТП на тюбинге,ДТП,0.9143406,duplicate
празднование Рождества Христова,Рождественская литургия,0.9142972,not_duplicate
метод сбора мусора,решение проблемы мусора,0.9142967,not_duplicate
строительство метро в Краснодаре,маршрут метро в Краснодаре,0.91424423,not_duplicate
сериал Полиция Дели,электричество в ЖК Вест-Сайд,0.9142399,not_duplicate
использование левого ряда для поворота,поворот налево из среднего ряда,0.9142279,not_duplicate
кинопремьера Аватар 3,премьеры в кино,0.91422427,not_duplicate
концерт поп-короля,термин водительница в ПДД,0.9142087,not_duplicate
Домашнее питание детей,прикорм для детей,0.91418016,not_duplicate
термин водительница в ПДД,строительство ЖК Вест-Сайд,0.9141675,not_duplicate
запрет горок,кража сочинца,0.9141642,not_duplicate
состояние трассы Ростов-Волгодонск,расписание маршруток Апшеронск-Кубанская,0.9141618,not_duplicate
кинопремьера Аватар 3,концерт поп-короля,0.9141532,not_duplicate
наплыв туристов в Сочи,наплыв туристов в Москву,0.91413903,not_duplicate
концерт SCORPIONS в Ростове,действия инспекторов ГИБДД,0.91406226,not_duplicate
первая часть фильма Чебурашка,успех фильма Чебурашка 2,0.9140092,not_duplicate
поведение водителей в ДТП,поведение водителей за рулем,0.91399896,not_duplicate
взрывчатка,взрывы,0.9139702,not_duplicate
реализация проекта метро в Краснодаре,маршрут метро в Краснодаре,0.9139687,not_duplicate
пересъемка старых фильмов/сказок,продажа квартир в ЖПЭ,0.9139613,not_duplicate
дорожная обстановка,загораживание проездов,0.91395557,not_duplicate
Жёсткое ДТП,результат аварии,0.91394186,duplicate
дроновое нападение,сбитый беспилотник,0.91391444,not_duplicate
"сериал «Клуб», Вася",продажа квартир в ЖПЭ,0.91391075,not_duplicate
ДТП на трассе,ситуация ДТП,0.9139084,duplicate
туристический сервис в Сочи,туристический поток в Сочи,0.9138951,not_duplicate
поведение водителей,поведение владельцев автомобилей,0.91386396,similar_not_duplicate
работа по вывозу мусора,проблема вывоза мусора,0.9138412,not_duplicate
авария ребенка,ДТП с жертвами детей,0.91383564,duplicate
место аварии,результат аварии,0.9138342,not_duplicate
реакция полиции,поведение полиции,0.9138315,not_duplicate
проблема с чисткой проездов в карманах,чистка дорог в карманах,0.91382414,duplicate
выпечка пирога на праздник,желание испечь пирог,0.91381556,not_duplicate
отдых за границей,путешествие за границу,0.9138035,duplicate
проблема с вывозом мусора,нерешенная проблема с мусором,0.9137902,duplicate
Проблемы ЖК Вест-Сайд,автомобиль БЕЛДЖИ,0.9137751,not_duplicate
Рождественская служба,Рождество Христово,0.9137638,not_duplicate
Рождественская служба,крестный ход в Рождество,0.9137178,not_duplicate
падение БПЛА,место падения БПЛА,0.91365546,not_duplicate
карьера Бритни Спирс,фильм Волшебник Изумрудного города,0.9136096,not_duplicate
состояние дорог в Челябинской области,состояние дороги под Новороссийском,0.9136095,not_duplicate
пробка,загораживание проездов,0.91360915,duplicate
продажа квартир в ЖПЭ,характеристика глав субъектов РФ,0.91357565,not_duplicate
кинопремьера Одесия,продажа квартир в ЖПЭ,0.9135751,not_duplicate
поведение водителей,колхозное водительское мнение,0.91357434,not_duplicate
концерт поп-короля,продажа квартир в ЖПЭ,0.91354424,not_duplicate
Действия по защите побережья от мазута,эффективность защиты побережья,0.91352344,not_duplicate
вывоз мусора,вывоз мусора в городе,0.91346407,duplicate
стоимость билетов,информация о ценах на билеты,0.91344196,not_duplicate
работа по обеспечению безопасности,обеспечение безопасности,0.91334224,duplicate
ЖК Вест-Сайд,состояние трассы Ростов-Волгодонск,0.9133235,not_duplicate
Участие в концерте ЛЮБЭ,строительство ЖК Вест-Сайд,0.9133218,not_duplicate
кинопремьера Одесия,сиквел Короля и Шута,0.91331947,not_duplicate
ДТП,происшествие с машиной,0.91329616,duplicate
Поведение Филиппа Киркорова на концерте,посещение концерта Филиппа Киркорова,0.913283,not_duplicate
Участие в концерте ЛЮБЭ,автомобиль БЕЛДЖИ,0.91326594,not_duplicate
место съемки,место действия,0.9132657,not_duplicate
ситуация с уборкой мусора,проблема вывоза мусора,0.9132574,not_duplicate
мероприятие Деда Мороза,первая часть фильма Чебурашка,0.9132153,not_duplicate
Площадь Советов (Ростов-на-Дону),спектакли Московского театра,0.913197,not_duplicate
надпись МОРЕ,перевод говнотечки,0.91317904,not_duplicate
контроль вывоза мусора,система управления мусором,0.9131764,duplicate
концерт Ленинграда,расписание маршруток Апшеронск-Кубанская,0.9131339,not_duplicate
причина ДТП,ДТП и его последствия,0.913125,not_duplicate
Жёсткое ДТП,происшествие с машиной,0.9130862,duplicate
концерт поп-короля,электричество в ЖК Вест-Сайд,0.913086,not_duplicate
застройка Краснодара и Нижнего,застройка Новознаменского,0.91306955,not_duplicate
Проблемы ЖК Вест-Сайд,применение УК РФ,0.9129937,not_duplicate
электричество в ЖК Вест-Сайд,концерт группы «ИНДИИД»,0.9129754,not_duplicate
дорога Ростов-Семикаракорск-Волгодонск,расписание маршруток Апшеронск-Кубанская,0.9129648,not_duplicate
частота ДТП с участием джипов и автопоездов,частота ДТП,0.91294515,not_duplicate
Место ДТП,место инцидента,0.9129325,duplicate
сбитые БПЛА,падение обломков БПЛ,0.91279954,not_duplicate
введение штрафов за тонировку,штрафы за неправильную тонировку,0.9127696,duplicate
сбитие беспилотников,работа ПВО по сбитым беспилотникам,0.9127585,not_duplicate
песня/стихотворение о бродяге,перевод говнотечки,0.9127486,not_duplicate
качество дорог,качество ремонта дороги,0.9127444,not_duplicate
закрытие ресторана Бен Холл,продажа квартир в ЖПЭ,0.91273034,not_duplicate
электроснабжение,электроснабжение на Промышленной,0.9127193,not_duplicate
обсуждение красивых дат для свадьбы,выбор даты свадьбы,0.9126851,not_duplicate
Продление работы транспорта,реализация распорядка работы транспорта,0.9126733,duplicate
Силы Беспилотных систем Украины,беспилотники из Украины,0.9126705,not_duplicate
Участие в концерте ЛЮБЭ,пересъемка старых фильмов/сказок,0.9126659,not_duplicate
работа в GSB на Хвойной,работа в GSB через Ситик,0.91264904,not_duplicate
физическое насилие мужчин над женщинами,насилие против мужчин,0.9126127,not_duplicate
концерт Филиппа Киркорова,кинопремьера Аватар 3,0.9125991,not_duplicate
действия инспекторов ГИБДД,профилактическая акция ГИБДД,0.9125561,not_duplicate
водитель получает штраф за тонировку,Применение штрафов к водителям,0.912555,duplicate
вывоз мусора,вывоз мусора в Гэсе,0.9125364,not_duplicate
Москва - лицо страны,Москва,0.91253376,similar_not_duplicate
участие в концерте Киркорова,концерт Ленинграда,0.9125235,not_duplicate
примета дарения цветов артистам,подаренные цветы артистам,0.91251296,not_duplicate
эффективность уничтожения дронов,уничтожение беспилотников ПВО,0.9125073,not_duplicate
восстановление железнодорожной инфраструктуры,железнодорожная инфраструктура,0.91244453,similar_not_duplicate
пение в комментариях,призыв петь в комментариях,0.91244274,not_duplicate
автомобиль БЕЛДЖИ,спектакли Московского театра,0.91243434,not_duplicate
ледовый городок,ледовый дворец,0.9124158,not_duplicate
выдача штрафа,штраф за нарушение тонировки,0.91241294,duplicate
электричество в ЖК Вест-Сайд,состояние дороги на ул. Заводской,0.91232044,not_duplicate
состояние дороги Ростов-Волгодонск,состояние дороги на ул. Заводской,0.9123126,not_duplicate
карьера Бритни Спирс,МУП 'СТЭ',0.91231185,not_duplicate
пенсионерка-пострадавшая,инцидент с пенсионеркой,0.91227347,duplicate
электричество в ЖК Вест-Сайд,работа УК 'Доверие' по вывозу мусора,0.91222245,not_duplicate
"сериал «Клуб», Вася",премьеры в кино,0.9121779,not_duplicate
продажа квартир в ЖПЭ,состояние дороги на ул. Заводской,0.9121735,not_duplicate
американский беспилотник,сбитый беспилотник,0.9121672,not_duplicate
кинопремьера Одесия,применение УК РФ,0.9121296,not_duplicate
концерт поп-короля,применение УК РФ,0.91212654,not_duplicate
посыпание дорог зимой,состояние дорог после снегопада,0.9120979,not_duplicate
жертва ДТП,смертельный исход ДТП,0.9120834,not_duplicate
фильм Рождество на двоих,концерт Ленинграда,0.91204774,not_duplicate
сиквел Короля и Шута,управление Нового Краснодара,0.912011,not_duplicate
фильм Рождество на двоих,строительство ЖК Вест-Сайд,0.91198695,not_duplicate
ЖК Вест-Сайд,доставка квитанций ЖКХ,0.9119457,not_duplicate
продажа квартир в ЖПЭ,спектакли Московского театра,0.9119399,not_duplicate
содержание сообщений,информация в сообщении,0.9119206,duplicate
отключение электроэнергии,отсутствие электричества,0.911911,duplicate
сброс нечистот в реку,сброс нечистот в реку Белекес,0.91185176,similar_not_duplicate
Рождественский сочельник и его празднование,крестный ход в Рождество,0.9118478,not_duplicate
опасность из-за атаки беспилотников,объявление беспилотной и ракетной опасности,0.9118384,not_duplicate
обязательная медиация перед разводом,новая система медиации при разводе,0.9118308,not_duplicate
поведение пешеходов в ДТП,поведение водителей в ДТП,0.9118245,not_duplicate
Беспилотники уничтоженные,способ уничтожения беспилотников,0.91182244,not_duplicate
проблема с вывозом мусора,накопление мусора,0.9118214,not_duplicate
дорога Ростов-Семикаракорск-Волгодонск,состояние дороги на ул. Заводской,0.9118203,not_duplicate
взрывы беспилотников,перехват беспилотников,0.9118068,not_duplicate
организация свадьбы,организация свадьбы дома,0.9117522,not_duplicate
меры чиновников,поведение чиновников,0.9117407,not_duplicate
перебои с электричеством в ЖК Вест-Сайд,масштаб аварии в ЖК Вест Сайд,0.911695,not_duplicate
предложение работы/подработки,предложение разовой работы,0.91168815,duplicate
страшное ДТП,результат аварии,0.9116826,duplicate
предпосылки преступлений,Преступность,0.9116818,not_duplicate
выступление Деда Мороза с песней,голос Деда Мороза,0.9116702,not_duplicate
Филипп Киркоров,стиль Филиппа Киркорова,0.9116635,similar_not_duplicate
празднование Рождества,Рождество Христово,0.9116567,duplicate
концерт Киркорова,продажа квартир в ЖПЭ,0.9116118,not_duplicate
зацеперы и их методы,характеристика зацеперов,0.9115887,not_duplicate
термин водительница в ПДД,электроснабжение ЖК Вест-Сайд,0.9115825,not_duplicate
рост цен на продукты,повышение цен на товары,0.9115605,not_duplicate
Участие в концерте ЛЮБЭ,электроснабжение ЖК Вест-Сайд,0.91154504,not_duplicate
концерт Филиппа Киркорова,рекорд кассовых сборов фильма «Чебурашка 2»,0.91152805,not_duplicate
Дед Мороз,мероприятие Деда Мороза,0.9115062,similar_not_duplicate
закрытие ресторана Бен Холл,доставка квитанций ЖКХ,0.9114988,not_duplicate
чистка карманов дорог,чистка проездов в карманах,0.9114771,duplicate
жанр шансон,сбитые БПЛА,0.91147476,not_duplicate
Рождество Христово,Рождественский сочельник и его празднование,0.9114497,not_duplicate
ситуация с уборкой мусора,Метод утилизации мусора,0.9114493,not_duplicate
работа по обеспечению безопасности,обеспечение безопасности сотрудниками,0.91144824,not_duplicate
"титул ""Поп-король"" Филиппа Бедросовича",концерт SCORPIONS в Ростове,0.9114097,not_duplicate
кинопремьера Одесия,электричество в ЖК Вест-Сайд,0.91140246,not_duplicate
деятельность зацеперов по сбору мусора,организация вывоза мусора,0.9113705,not_duplicate
закрытие парков раньше времени,закрытие парка в неурочное время,0.911368,duplicate
Участие в концерте ЛЮБЭ,концерт SCORPIONS в Ростове,0.9113523,not_duplicate
голос Деда Мороза,пение Деда Мороза,0.9113333,duplicate
непонятные звуки,звуковые явления,0.9113332,duplicate
бумажный город,бумажная модель города,0.91131914,duplicate
состояние дорог,состояние дорог в Уфе,0.91129607,not_duplicate
стоимость продуктовой корзины,цены на продукты,0.91127455,duplicate
сериал Полиция Дели,жанр шансон,0.911268,not_duplicate
дорогая организация свадьбы,затраты на свадьбу,0.91124225,duplicate
Джефф Миллз,спектакли Московского театра,0.9112326,not_duplicate
действия при обнаружении дрона,фиксация беспилотных летательных аппаратов,0.9112309,not_duplicate
эффективность уборки снега,Неэффективная уборка снега,0.9112285,not_duplicate
Джефф Миллз,управление Нового Краснодара,0.9112072,not_duplicate
закрытие ресторана Бен Холл,фильм Хроники Нарнии,0.91120195,not_duplicate
кинопремьера Аватар 3,электроснабжение ЖК Вест-Сайд,0.91116476,not_duplicate
состояние трассы Ростов-Волгодонск,концерт группы «ИНДИИД»,0.91116154,not_duplicate
магазины-пятёрочка,перевод говнотечки,0.91114366,not_duplicate
вывоз мусора на Первомайской,вывоз мусора на ГРЭС,0.9111399,not_duplicate
способ уборки мусора,уборка мусора в районе,0.911064,not_duplicate
мера по увеличению работы транспорта,Продление работы транспорта,0.9110134,duplicate
действия чиновников,поведение властей,0.91100335,not_duplicate
эпатажный образ Филиппа Киркорова,стиль Филиппа Киркорова,0.91096437,not_duplicate
проблема с вывозом мусора,распространение мусора,0.91096,not_duplicate
ремонт газовых котлов,работа газового котла,0.91093713,similar_not_duplicate
рождественские традиции/колядование,Рождество Христово (праздник),0.91090095,not_duplicate
работа УК 'Доверие' по вывозу мусора,первая часть фильма Чебурашка,0.9108758,not_duplicate
мероприятие Деда Мороза,фильм Волшебник Изумрудного города,0.9108694,not_duplicate
мероприятие Филиппа Киркорова,автомобиль БЕЛДЖИ,0.9108262,not_duplicate
Недвижимость в Краснодаре,рынок недвижимости в Краснодаре,0.9108174,duplicate
зацеперы,сирены,0.91081387,not_duplicate
сериал Полиция Дели,фильм Рождество на двоих,0.9108116,not_duplicate
кинопремьера Аватар 3,действия инспекторов ГИБДД,0.91077936,not_duplicate
борьба с зацеперами,методы борьбы с зацеперами,0.91073525,duplicate
кинопремьера Одесия,Участие в концерте ЛЮБЭ,0.91069674,not_duplicate
спасённая собака,спасение собак,0.9106773,not_duplicate
Джефф Миллз,электричество в ЖК Вест-Сайд,0.91065335,not_duplicate
фестиваль Мандарин,открытие фестиваля Мандарин,0.91059005,similar_not_duplicate
концерт Ленинграда,Проблемы ЖК Вест-Сайд,0.9105647,not_duplicate
состояние дорог,состояние тротуаров,0.910552,not_duplicate
меры безопасности,информация о мерах безопасности,0.9105278,not_duplicate
кассовые сборы фильма «Чебурашка 2»,премьеры в кино,0.9105269,not_duplicate
ДТП на тюбинге,ситуация ДТП,0.9104754,duplicate
цена пирожков,стоимость продуктовой корзины,0.9104512,not_duplicate
термин водительница в ПДД,ЖК Вест-Сайд,0.9104218,not_duplicate
Рождественская служба,Рождественская литургия,0.9103944,duplicate
кинопремьера Аватар 3,ЖК Вест-Сайд,0.9103865,not_duplicate
мероприятие Деда Мороза,пересъемка старых фильмов/сказок,0.91037077,not_duplicate
Джефф Миллз,жанр шансон,0.9103268,not_duplicate
фильм Хроники Нарнии,действия инспекторов ГИБДД,0.91031265,not_duplicate
ремонт Futuro,прошлое состояние Futuro,0.91030455,not_duplicate
частота уборки мусора,ситуация с уборкой мусора,0.910303,not_duplicate
Площадь Советов (Ростов-на-Дону),состояние дороги на ул. Заводской,0.9102566,not_duplicate
электроснабжение ЖК Вест-Сайд,МУП 'СТЭ',0.9102525,not_duplicate
вывоз мусора,контроль вывоза мусора,0.91021824,similar_not_duplicate
информация о беспилотниках,фиксация беспилотных летательных аппаратов,0.91018045,not_duplicate
электричество в ЖК Вест-Сайд,применение УК РФ,0.9101657,not_duplicate
деятельность зацеперов по сбору мусора,работа компании по вывозу мусора,0.9101628,not_duplicate
мероприятие Филиппа Киркорова,стиль Филиппа Киркорова,0.91016006,not_duplicate
электроснабжение ЖК Вест-Сайд,рекорд кассовых сборов фильма «Чебурашка 2»,0.9101386,not_duplicate
ДТП на трассе Ростов – Семикаракорск – Волгодонск,ДТП в Новороссийске,0.9101114,not_duplicate
Существование Деда Мороза,образ Деда Мороза и репертуар,0.9101014,not_duplicate
беспилотная атака,способ уничтожения беспилотников,0.9100465,not_duplicate
снег через сетку,снежная обстановка,0.9100397,not_duplicate
фильм Хроники Нарнии,кассовые сборы фильма «Чебурашка 2»,0.9100317,not_duplicate
Филипп Киркоров,внешность Филиппа Киркорова,0.91001725,similar_not_duplicate
смертельное ДТП,результат аварии,0.9099783,duplicate
военные действия,военная ситуация,0.90997136,duplicate
чистка карманов на дорогах,проблема с чисткой проездов в карманах,0.90996766,duplicate
ДТП на тюбинге,Жёсткое ДТП,0.909965,duplicate
фильм Хроники Нарнии,Джефф Миллз,0.9099402,not_duplicate
концерт Ленинграда,жанр шансон,0.9099391,not_duplicate
место события в Краснодаре,Краснодар - деревня,0.9099357,not_duplicate
отечественное кино,перевод говнотечки,0.9099355,not_duplicate
поведение украинских сил,действия Украины,0.90992856,duplicate
дорожная обстановка,состояние дорог и тротуаров,0.9099277,not_duplicate
Участие в концерте ЛЮБЭ,"сериал «Клуб», Вася",0.9098853,not_duplicate
ситуация с уборкой мусора,ухудшение качества уборки мусора,0.90988046,not_duplicate
канун Рождества Христова,Рождественские богослужения,0.90984404,not_duplicate
ремонт школы,ремонт школы в рамках национального проекта,0.90983224,not_duplicate
действия инспекторов ГИБДД,рекорд кассовых сборов фильма «Чебурашка 2»,0.90982556,not_duplicate
МУП 'СТЭ',участие водителя в конкурсе Голос Стерли,0.9098165,not_duplicate
карьера Бритни Спирс,падение обломков БПЛ,0.90980804,not_duplicate
автомобиль БЕЛДЖИ,доставка квитанций ЖКХ,0.90979725,not_duplicate
термин водительница в ПДД,Джефф Миллз,0.90977657,not_duplicate
поведение участников тусовки,поведение гостей на мероприятии,0.90975773,duplicate
ситуация ДТП,смертельное ДТП на дороге,0.9097256,duplicate
рекорд кассовых сборов фильма «Чебурашка 2»,характеристика глав субъектов РФ,0.90971726,not_duplicate
участие в ДТП,смертельное ДТП,0.9096837,not_duplicate
перехват беспилотников,Действия в РБ связанные с беспилотниками,0.90967643,not_duplicate
помощь животным в Судже,спасение домашних животных в Судже,0.90966916,not_duplicate
электроснабжение ЖК Вест-Сайд,премьеры в кино,0.9096619,not_duplicate
информация о ценах на билеты,ценник на билеты,0.90964204,duplicate
кинопремьера Одесия,рекорд кассовых сборов фильма «Чебурашка 2»,0.9095852,not_duplicate
рекорд кассовых сборов фильма «Чебурашка 2»,фильм Волшебник Изумрудного города,0.9095132,not_duplicate
рекорд кассовых сборов фильма «Чебурашка 2»,падение обломков БПЛ,0.9094841,not_duplicate
зацеперы,миньетчицы,0.90946615,not_duplicate
участие в концерте Киркорова,музыкальный микс Казакостояния,0.90944517,not_duplicate
необходимость асфальта,проблемы с асфальтом,0.9094362,not_duplicate
счет за квартиру,высокий счет за квартиру,0.90943563,duplicate
Проблемы ЖК Вест-Сайд,состояние дороги на ул. Заводской,0.90935785,not_duplicate
состояние ледового городка,проблема с ледяными глыбами,0.9093504,not_duplicate
дорожная безопасность,меры безопасности в ДТП,0.90933603,not_duplicate
электричество в ЖК Вест-Сайд,спектакли Московского театра,0.9093276,not_duplicate
семейное насилие,насилие в отношениях,0.90922254,not_duplicate
обсуждение красивых дат для свадьбы,выбор дат для свадеб,0.90919155,not_duplicate
обеспечение безопасности,меры личной безопасности,0.9091688,not_duplicate
отключение электричества в ЖК Вест-Сайд,фильм Волшебник Изумрудного города,0.9091088,not_duplicate
жанр шансон,магазины-пятёрочка,0.9091029,not_duplicate
жанр шансон,первая часть фильма Чебурашка,0.90910125,not_duplicate
поведение родителей ребенка,поведение родителя (несоблюдение присмотра),0.9090918,similar_not_duplicate
проблемы с мобильным интернетом,мобильный интернет,0.9090284,similar_not_duplicate
Дед Мороз как переодетые взрослые,Дед Мороз как переодетый родитель,0.90901166,duplicate
отключение электроэнергии,аварийное отключение электроэнергии,0.9090024,duplicate
зацеперы сбор мусора,уборка мусора,0.9089941,not_duplicate
качество обслуживания Билайн,качество услуг МТС,0.908984,not_duplicate
дорога Ростов-Семикаракорск-Волгодонск,состояние дороги от Магнитогорска до Челябинска,0.90894234,not_duplicate
доставка квитанций ЖКХ,первая часть фильма Чебурашка,0.9089141,not_duplicate
действия администрации города,внимание властей к городу,0.9088474,not_duplicate
безопасность района Красноармейская,безопасность улицы Красноармейская,0.9088381,duplicate
первая часть фильма Чебурашка,применение УК РФ,0.9088329,not_duplicate
электричество в ЖК Вест-Сайд,участие водителя в конкурсе Голос Стерли,0.9088033,not_duplicate
жанр шансон,новогодняя ёлка от ЧМЗ,0.9087666,not_duplicate
рынок недвижимости Ростова,рынок недвижимости в Краснодаре,0.90876406,not_duplicate
концерт SCORPIONS в Ростове,состояние дороги на ул. Заводской,0.90872216,not_duplicate
строительство шумозащитных конструкций,надежность шумозащитных конструкций,0.9087217,not_duplicate
Джефф Миллз,премьеры в кино,0.90871125,not_duplicate
повторные судимости и пожизненные наказания,применение пожизненного наказания без суда,0.9087088,not_duplicate
термин водительница в ПДД,первая часть фильма Чебурашка,0.90869015,not_duplicate
кот на дереве,спасение кота из-за деревьев,0.90868664,duplicate
введение ГОСТа на шаурму,ГОСТ на шаурму,0.90865785,duplicate
качество ремонта остановки,качество ремонта,0.90865475,not_duplicate
теракты и беспилотники,информация о беспилотной атаке,0.9085588,not_duplicate
информация о стоимости свадьбы,средние затраты на свадьбу,0.90855396,not_duplicate
термин водительница в ПДД,фильм Волшебник Изумрудного города,0.9085423,not_duplicate
мероприятие балаган,мероприятие,0.90853965,similar_not_duplicate
ребенок-виновник ДТП,авария ребенка,0.9085038,duplicate
инцидент на горке,ДТП на тюбинге,0.90849733,not_duplicate
управление Нового Краснодара,кассовые сборы фильма «Чебурашка 2»,0.9084832,not_duplicate
состояние трассы Ростов-Семикаракорск,применение УК РФ,0.90847373,not_duplicate
отключение электричества в районе,отсутствие электричества в населенных пунктах,0.90846336,not_duplicate
участие в концерте Киркорова,концерт SCORPIONS в Ростове,0.90845376,not_duplicate
расходы на свадьбу,дорогая организация свадьбы,0.9084251,duplicate
Джефф Миллз,продажа квартир в ЖПЭ,0.9084183,not_duplicate
свадьбы как показуха,проведение свадебных торжеств,0.90840787,not_duplicate
кража ёлки,лист жести,0.9083668,not_duplicate
падение обломков БПЛ,премьеры в кино,0.9083445,not_duplicate
мероприятие Филиппа Киркорова,первая часть фильма Чебурашка,0.90833694,not_duplicate
состояние дороги Плотинка,состояние дорог в Уфе,0.90827304,not_duplicate
фильм Рождество на двоих,концерт группы «ИНДИИД»,0.90826476,not_duplicate
действия инспекторов ГИБДД,применение УК РФ,0.90823275,not_duplicate
перебои с электричеством,причина отключения электричества,0.9081861,not_duplicate
кинопремьеры 2026 года,премьеры в кино,0.9081683,not_duplicate
победа Салавата Юлаева,успех Салавата Юлаева,0.90815514,duplicate
фильм Хроники Нарнии,термин водительница в ПДД,0.9081506,not_duplicate
новое правило о штрафах за тонировку,штрафы за неправильную тонировку,0.9081365,duplicate
строительство ЖК Вест-Сайд,рекорд кассовых сборов фильма «Чебурашка 2»,0.90813285,not_duplicate
проверка ресторана,проверка силовиков в ресторане,0.90813106,not_duplicate
метод сбора мусора,уборка мусора в районе,0.90808934,not_duplicate
частота гибели людей на дорогах,частота ДТП с летальным исходом,0.9080603,duplicate
дорожное движение,загораживание проездов,0.90804696,not_duplicate
термин водительница в ПДД,"сериал «Клуб», Вася",0.9080233,not_duplicate
повторные судимости и пожизненные наказания,пожизненное заключение,0.9080221,duplicate
концерт поп-короля,доставка квитанций ЖКХ,0.9079892,not_duplicate
метод сбора мусора,зацеперы сбор мусора,0.9079797,not_duplicate
применение УК РФ,уголовное дело по ст.213 УК РФ,0.9079795,not_duplicate
концерт Ленинграда,рекорд кассовых сборов фильма «Чебурашка 2»,0.9079734,not_duplicate
мероприятие Филиппа Киркорова,"титул ""Поп-король"" Филиппа Бедросовича",0.9079652,not_duplicate
наплыв туристов в Москву,влияние туристов на Москву,0.9079528,not_duplicate
поведение детей (поджог кустов),поведение детей с огнём,0.90794224,duplicate
закрытие ресторана Бен Холл,термин водительница в ПДД,0.90794015,not_duplicate
"титул ""Поп-король"" Филиппа Бедросовича",термин водительница в ПДД,0.9079375,not_duplicate
медицинская помощь при инсульте,спасение человека с инсультом,0.907905,duplicate
кинопремьера Аватар 3,"сериал «Клуб», Вася",0.9078958,not_duplicate
Продление работы транспорта,развитие транспорта,0.9078406,not_duplicate
костюмы Филиппа Киркорова,деятельность Филиппа Киркорова,0.90784043,not_duplicate
автомобиль БЕЛДЖИ,деятельность Первого оконного завода,0.90782964,not_duplicate
характеристика повода нападения,ситуация с нападением,0.90776503,not_duplicate
концерт Киркорова,дороги Осипенко/Репин,0.90775406,not_duplicate
частота ДТП из-за нетрезвых водителей,количество ДТП,0.9077267,not_duplicate
туризм в Краснодарском крае,туризм в Башкирии,0.9077266,not_duplicate
карьера Бритни Спирс,сиквел Короля и Шута,0.90770406,not_duplicate
реагирование на инцидент с газом,авария с газом,0.9076971,similar_not_duplicate
участие в боевых действиях против России,действия ПВО в РФ,0.90768415,not_duplicate
перебои с электричеством,отключение электричества,0.9076286,duplicate
закрытие ресторана Бен Холл,отключение электричества в ЖК Вест-Сайд,0.9075975,not_duplicate
МУП 'СТЭ',применение УК РФ,0.90757114,not_duplicate
действия инспекторов ГИБДД,продажа квартир в ЖПЭ,0.90756756,not_duplicate
состояние железнодорожной инфраструктуры,восстановление железнодорожной инфраструктуры,0.9075605,similar_not_duplicate
военные действия в РФ,военные действия Украина-Россия,0.90755254,not_duplicate
меры принуждения при разводе,процесс развода при изменах,0.9075475,not_duplicate
термин водительница в ПДД,премьеры в кино,0.9075103,not_duplicate
способ уборки мусора,зацеперы сбор мусора,0.907478,not_duplicate
инцидент на тюбинге,новость об аварии на тюбинге,0.9074723,duplicate
концерт Киркорова,фильм Рождество на двоих,0.90746725,not_duplicate
праздничные дни,Святки как праздник,0.9074638,not_duplicate
отключение электричества в ЖК Вест-Сайд,масштаб аварии в ЖК Вест Сайд,0.907454,not_duplicate
Площадь Советов (Ростов-на-Дону),дорога Ростов-Семикаракорск-Волгодонск,0.9074424,not_duplicate
выпечка пирога на праздник,приготовление пирогов,0.90741533,not_duplicate
контроль вывоза мусора,Ситуация с вывозом мусора,0.9074091,not_duplicate
сбитый беспилотник,полет беспилотников,0.90739024,not_duplicate
участие в концерте Киркорова,участие водителя в конкурсе Голос Стерли,0.90738356,not_duplicate
проблема вывоза мусора,организация вывоза мусора,0.90737975,not_duplicate
Участие в концерте ЛЮБЭ,жанр шансон,0.90737635,not_duplicate
Участие в концерте ЛЮБЭ,ЖК Вест-Сайд,0.9073705,not_duplicate
ракетная опасность и вероятность угрозы,реакция на ракетную опасность,0.9073508,not_duplicate
продажа квартир в ЖПЭ,концерт группы «ИНДИИД»,0.9073283,not_duplicate
фильм Рождество на двоих,участие водителя в конкурсе Голос Стерли,0.9072998,not_duplicate
организация свадебного банкета,свадьба как мероприятие,0.9072691,not_duplicate
опасность из-за транспорта,опасность трассы,0.9072606,duplicate
применение УК РФ,концерт группы «ИНДИИД»,0.9072484,not_duplicate
концерт поп-короля,МУП 'СТЭ',0.90719986,not_duplicate
рождественские традиции/колядование,Рождественская служба,0.90719825,not_duplicate
укладка асфальта,необходимость асфальта,0.9071905,not_duplicate
"титул ""Поп-король"" Филиппа Бедросовича",кассовые сборы фильма «Чебурашка 2»,0.90717745,not_duplicate
сиквел Короля и Шута,электричество в ЖК Вест-Сайд,0.90708673,not_duplicate
реакция полиции,действия полиции/властей,0.90705127,not_duplicate
термин водительница в ПДД,падение обломков БПЛ,0.90704894,not_duplicate
накопление мусора,нерешенная проблема с мусором,0.90704405,duplicate
туристический наплыв в Москву,влияние туристов на Москву,0.90703434,not_duplicate
религиозное мероприятие (Рождество в храме),религиозное мероприятие,0.9069521,similar_not_duplicate
закрытие ресторана Бен Холл,рекорд кассовых сборов фильма «Чебурашка 2»,0.9069282,not_duplicate
Проблемы ЖК Вест-Сайд,характеристика глав субъектов РФ,0.90690994,not_duplicate
состояние ледового городка,небезопасность ледового городка,0.9069079,duplicate
поведение родителей ребенка-виновника,поведение родителя (несоблюдение присмотра),0.9068849,similar_not_duplicate
уголовное дело по ст.213 УК РФ,характеристика глав субъектов РФ,0.9068827,not_duplicate
зацеперы,характеристика зацеперов,0.9068466,similar_not_duplicate
работа ПВО по сбитым беспилотникам,перехват беспилотников,0.90684485,not_duplicate
концерт Ленинграда,состояние трассы Ростов-Семикаракорск,0.9068123,not_duplicate
жанр шансон,доставка квитанций ЖКХ,0.90680623,not_duplicate
термин водительница в ПДД,работа УК 'Доверие' по вывозу мусора,0.9068007,not_duplicate
строительство шумозащитных конструкций,качество установки шумозащитных конструкций,0.9067955,not_duplicate
фильм Рождество на двоих,спектакли Московского театра,0.9067849,not_duplicate
жанр шансон,деятельность Первого оконного завода,0.9067329,not_duplicate
использование левого ряда для поворота,использование левой полосы,0.90672255,duplicate
работа УК 'Доверие' по вывозу мусора,концерт группы «ИНДИИД»,0.9067209,not_duplicate
поведение мужчин в отношениях,поведение мужчин,0.9065679,not_duplicate
обогреватель в электричке,отопление/котлы,0.90656614,not_duplicate
карьера Бритни Спирс,кассовые сборы фильма «Чебурашка 2»,0.90653527,not_duplicate
работа коммунальных служб,работа мэрии,0.906533,not_duplicate
управление Нового Краснодара,продажа квартир в ЖПЭ,0.906525,not_duplicate
концерт поп-короля,мероприятие Деда Мороза,0.90650964,not_duplicate
строительство дорожной развязки,ремонт дороги,0.9064454,not_duplicate
выборы депутатов Госдумы,выборы Государственной Думы,0.906406,duplicate
фильм Волшебник Изумрудного города,состояние дороги на ул. Заводской,0.9063821,not_duplicate
закрытие ресторана Бен Холл,работа УК 'Доверие' по вывозу мусора,0.90636814,not_duplicate
общая ситуация с парковкой,состояние парковки и дороги,0.9063521,not_duplicate
первая часть фильма Чебурашка,состояние дороги на ул. Заводской,0.9063517,not_duplicate
перехват беспилотников,беспилотники и ПВО,0.90634084,not_duplicate
зима и её восприятие,наступление зимы,0.9063386,not_duplicate
мероприятие Рождество,канун Рождества Христова,0.90633637,not_duplicate
клиенты магазинов,магазины,0.90631956,not_duplicate
фильм Рождество на двоих,электроснабжение ЖК Вест-Сайд,0.9062648,not_duplicate
Плотинка,ПВО,0.90620697,not_duplicate
концерт Киркорова,состояние трассы Ростов-Семикаракорск,0.90617985,not_duplicate
меры безопасности,работа по обеспечению безопасности,0.9061325,duplicate
кинопремьера Одесия,термин водительница в ПДД,0.90612924,not_duplicate
беспилотники,сбитие беспилотников,0.906054,similar_not_duplicate
поведение администрации,поведение чиновников,0.90605235,duplicate
религиозная активность,религиозное мероприятие,0.90603876,duplicate
процесс развода с медиацией,обязательная процедура медиации при разводе,0.9060284,not_duplicate
безопасность горки,безопасность гособъектов,0.9060148,not_duplicate
реклама в канале,наличие рекламы,0.9060004,not_duplicate
рождаемость в семье,рождение детей,0.9059981,duplicate
инцидент на улице Ростова,ДТП в Ростовской области,0.9059365,not_duplicate
Рождественская служба,Рождество Христово (праздник),0.9059348,not_duplicate
меры безопасности,безопасность при угрозе,0.9059216,duplicate
работа УК 'Доверие' по вывозу мусора,участие водителя в конкурсе Голос Стерли,0.90589774,not_duplicate
Проблемы ЖК Вест-Сайд,пересъемка старых фильмов/сказок,0.9058967,not_duplicate
информация о беспилотниках,источник беспилотников,0.90589106,not_duplicate
работа полиции,действия полиции (проведение проверки),0.90586716,not_duplicate
наличие рекламы,расклейщики объявлений,0.9058512,not_duplicate
термин водительница в ПДД,МУП 'СТЭ',0.9058452,not_duplicate
развитие событий,развитие ситуации,0.9058361,duplicate
отключение электричества,ситуация с отключением света,0.9058275,duplicate
Действия украинских военных,военные действия Украина-Россия,0.90577984,not_duplicate
наличие интернета,работоспособность интернета,0.90576136,duplicate
отключение электричества,отключение электричества в районе,0.9057435,not_duplicate
безопасность в ДТП,безопасность на дорогах,0.90574,not_duplicate
дорожно-транспортное происшествие,ДТП на перекрестке,0.9057324,not_duplicate
метод сбора мусора,работа по вывозу мусора,0.9057108,not_duplicate
происшествие в Краснодаре,ДТП в Краснодаре,0.9056554,duplicate
желание испечь пирог,приготовление пирогов,0.905645,not_duplicate
ситуация с уборкой мусора,Ситуация с вывозом мусора,0.9056312,duplicate
фильм Хроники Нарнии,состояние трассы Ростов-Волгодонск,0.9055978,not_duplicate
проблема с вывозом мусора,работа по вывозу мусора,0.9055891,not_duplicate
ДТП с погибшими детьми и взрослыми,гибель ребенка и женщины в ДТП,0.90558845,not_duplicate
Проблемы ЖК Вест-Сайд,доставка квитанций ЖКХ,0.905585,not_duplicate
запуск беспилотников,источник беспилотников,0.90557903,not_duplicate
дорожно-транспортное происшествие,ДТП с погибшими,0.90551627,not_duplicate
беспилотники,способ уничтожения беспилотников,0.9055132,not_duplicate
Участие в концерте ЛЮБЭ,фильм Волшебник Изумрудного города,0.9055073,not_duplicate
мероприятие Филиппа Киркорова,концерт SCORPIONS в Ростове,0.90548074,not_duplicate
повышение цен на продукты,частое повышение цен на товары,0.9054292,not_duplicate
закрытие территории парка,закрытие парка до официального времени,0.9053943,duplicate
эпатажный образ Филиппа Киркорова,образ Киркорова,0.9053937,similar_not_duplicate
ЖК Вест-Сайд,работа УК 'Доверие' по вывозу мусора,0.90536654,not_duplicate
закрытие ресторана Бен Холл,Участие в концерте ЛЮБЭ,0.9053494,not_duplicate
труд коммунальщиков,труд коммунальщиков в экстренных условиях,0.90533215,duplicate
метод сбора мусора,организация сбора мусора,0.90531963,not_duplicate
применение УК РФ,премьеры в кино,0.90531325,not_duplicate
задержка поездов и компенсация за билеты,задержка поезда и условия для пассажиров,0.9052862,not_duplicate
дорожно-транспортное происшествие,погибшие в ДТП,0.9052843,duplicate
зацеперы,САХ,0.905244,not_duplicate
перебои с электричеством,перебои с электричеством в центре,0.9052368,not_duplicate
карьера Бритни Спирс,спектакли Московского театра,0.9052121,not_duplicate
Дата празднования Рождества в разных конфессиях,Дата Рождества,0.90517676,not_duplicate
строительство ЖК Вест-Сайд,состояние дороги на ул. Заводской,0.9051611,not_duplicate
концерт Киркорова,мероприятие Деда Мороза,0.9051583,not_duplicate
Джефф Миллз,кассовые сборы фильма «Чебурашка 2»,0.9051286,not_duplicate
кинопремьера Одесия,дороги Осипенко/Репин,0.90511286,not_duplicate
Методы противодействия дронам,эффективность ПВО против дронов,0.905079,not_duplicate
накопление мусора,производство мусора людьми,0.90506613,not_duplicate
поведение администрации,действия чиновников,0.9050536,not_duplicate
гибель ребенка и женщины в ДТП,гибель детей в ДТП,0.9050339,not_duplicate
действия электриков,работа электриков,0.90501606,duplicate
Проблемы ЖК Вест-Сайд,управление Нового Краснодара,0.905016,not_duplicate
состояние дороги Ростов-Волгодонск,состояние дороги от Магнитогорска до Челябинска,0.9050014,not_duplicate
жанр шансон,участие водителя в конкурсе Голос Стерли,0.9049873,not_duplicate
отключение электричества в районе,отключение электроэнергии на улицах,0.9049479,duplicate
капитальный ремонт школы,ремонт школы в рамках национального проекта,0.9049403,not_duplicate
дело по хулиганству,хулиганство и его повторяемость,0.90493315,similar_not_duplicate
отключение воды в Ростове,перебои с водой в Ростове,0.9049214,duplicate
поведение автора и зацеперов,поведение автора/издания,0.9049199,not_duplicate
беспилотники,американский беспилотник,0.904904,not_duplicate
сиквел Короля и Шута,мероприятие Деда Мороза,0.90485144,not_duplicate
воспитание в семье,подход к воспитанию детей,0.9047855,not_duplicate
доставка квитанций ЖКХ,концерт группы «ИНДИИД»,0.90477633,not_duplicate
сбитие беспилотников,беспилотная атака,0.90476644,not_duplicate
отключение электричества в ЖК Вест-Сайд,доставка квитанций ЖКХ,0.90475416,not_duplicate
автомобиль БЕЛДЖИ,работа УК 'Доверие' по вывозу мусора,0.9047506,not_duplicate
проблема с вывозом мусора,контроль вывоза мусора,0.9047505,not_duplicate
отключение электричества в ЖК Вест-Сайд,продажа квартир в ЖПЭ,0.90474415,not_duplicate
действия чиновников,действия администрации,0.90473825,duplicate
презик рядом с мусоркой,найденные предметы возле мусорного бака,0.9047284,not_duplicate
статья,статья в БашДТП,0.90472484,similar_not_duplicate
состояние города,городская среда,0.9047203,not_duplicate
сиквел Короля и Шута,продажа квартир в ЖПЭ,0.9046711,not_duplicate
доставка квитанций ЖКХ,премьеры в кино,0.90467083,not_duplicate
Рождественская литургия,крестный ход в Рождество,0.9046539,not_duplicate
кинопремьера Аватар 3,концерт Киркорова,0.9046515,not_duplicate
"сериал «Клуб», Вася",МУП 'СТЭ',0.9046309,not_duplicate
решение проблемы вывоза мусора,ситуация с уборкой мусора,0.904611,not_duplicate
ДТП и его последствия,автомобильный инцидент,0.9045844,duplicate
поведение обвиняемого,поведение обвиняемого после приговора,0.9045744,similar_not_duplicate
новые районы Краснодара,застройка в Краснодаре,0.9045577,not_duplicate
опасная горка,опасная яма,0.9045433,not_duplicate
работа УК 'Доверие' по вывозу мусора,продажа квартир в ЖПЭ,0.90450996,not_duplicate
контроль вывоза мусора,решение проблемы вывоза мусора,0.9045039,not_duplicate
состояние дороги на ул. Заводской,спектакли Московского театра,0.9044862,not_duplicate
повышение цен на ЖКУ,повышение цен на товары,0.9044829,not_duplicate
фильм Рождество на двоих,ЖК Вест-Сайд,0.9044828,not_duplicate
новые районы Краснодара,Краснодар - деревня,0.904461,not_duplicate
закрытие ресторана Бен Холл,МУП 'СТЭ',0.9044219,not_duplicate
состояние дороги от Магнитогорска до Челябинска,состояние дороги под Новороссийском,0.9044119,not_duplicate
опасность из-за атаки беспилотников,защита от беспилотной атаки,0.90440214,similar_not_duplicate
жанр шансон,музыкальный микс Казакостояния,0.9043992,not_duplicate
действия инспекторов ГИБДД,МУП 'СТЭ',0.9043897,not_duplicate
Участие в концерте ЛЮБЭ,фильм Хроники Нарнии,0.9043876,not_duplicate
зацеперы,ПВО,0.9043854,not_duplicate
концерт Филиппа Киркорова,Проблемы ЖК Вест-Сайд,0.90437263,not_duplicate
наряд автобусов,наличие автобуса,0.9043663,not_duplicate
лучшие времена РФ,история Новороссийска,0.90435606,not_duplicate
дорожно-транспортное происшествие,трагедия на дорогах,0.9042981,duplicate
причина ДТП,Жёсткое ДТП,0.9042764,not_duplicate
состояние трассы Ростов-Волгодонск,участие водителя в конкурсе Голос Стерли,0.9042712,not_duplicate
участие в ДТП,ДТП и его последствия,0.90426373,not_duplicate
расписание маршруток Апшеронск-Кубанская,характеристика глав субъектов РФ,0.9042606,not_duplicate
Проблемы ЖК Вест-Сайд,первая часть фильма Чебурашка,0.9042401,not_duplicate
перебои с электричеством,отключение электроэнергии,0.9042393,duplicate
миньетчицы,сирены,0.9042308,not_duplicate
качество уборки снега,уборка снега грейдером,0.9042091,not_duplicate
фильм Хроники Нарнии,состояние дороги на ул. Заводской,0.9042025,not_duplicate
ад,ПВО,0.9041693,not_duplicate
Преступность,поведение преступников,0.90415347,similar_not_duplicate
концерт Киркорова,рекорд кассовых сборов фильма «Чебурашка 2»,0.90413713,not_duplicate
концерт Киркорова,Проблемы ЖК Вест-Сайд,0.90411925,not_duplicate
ДТП на трассе,ДТП на перекрестке,0.90411544,not_duplicate
туристическая нагрузка,наплыв туристов,0.9040943,duplicate
отключение электричества в ЖК Вест-Сайд,состояние дороги на ул. Заводской,0.90406036,not_duplicate
решение проблемы вывоза мусора,нерешенная проблема с мусором,0.9040092,duplicate
использование реагентов на ледовом городке,состояние ледового городка,0.9039804,similar_not_duplicate
Участие в концерте ЛЮБЭ,характеристика глав субъектов РФ,0.9039451,not_duplicate
поведение водителей в ДТП,поведение водителей (ДТП),0.9039387,duplicate
жилищные условия,жилищные и социальные условия,0.9039152,not_duplicate
фильм Рождество на двоих,новогодняя ёлка от ЧМЗ,0.9039018,not_duplicate
шумозащитные конструкции,метод крепления шумозащитных конструкций,0.90382,similar_not_duplicate
применение статьи УК РФ,уголовное дело по ст.213 УК РФ,0.9038193,not_duplicate
расписание маршруток Апшеронск-Кубанская,состояние дороги на ул. Заводской,0.9038059,not_duplicate
жертва ДТП,погибшие в ДТП,0.90378964,not_duplicate
выступление Деда Мороза с песней,Дед Мороз,0.9037861,similar_not_duplicate
дорожно-транспортное происшествие,жёсткое ДТП с большегрузами,0.90376127,not_duplicate
контроль вывоза мусора,организация вывоза мусора,0.9037568,not_duplicate
поведение владельцев автомобилей,поведение водителей за рулем,0.90375555,similar_not_duplicate
уборка мусора,решение проблемы мусора,0.9037535,not_duplicate
место происшествия,адрес места происшествия,0.90374434,similar_not_duplicate
сиквел Короля и Шута,работа УК 'Доверие' по вывозу мусора,0.90374243,not_duplicate
беспилотники,действия при обнаружении дрона,0.9037262,not_duplicate
помощь волонтеров,выплаты добровольцам,0.90371954,not_duplicate
автомобиль БЕЛДЖИ,ЖК Июнь,0.90369093,not_duplicate
наличие электричества,электроснабжение,0.9036887,duplicate
новогодняя ёлка от ЧМЗ,ЖК Июнь,0.9036804,not_duplicate
Джефф Миллз,применение УК РФ,0.9036532,not_duplicate
список школ с ремонтом,ремонт школы,0.90364295,similar_not_duplicate
работа по вывозу мусора,решение проблемы вывоза мусора,0.9036233,not_duplicate
мероприятие Деда Мороза,участие водителя в конкурсе Голос Стерли,0.9036015,not_duplicate
реакция на ракетную атаку,ракетная атака - провокация,0.9035976,not_duplicate
поведение участников обсуждения,поведение автора/участников дискуссии,0.9035971,not_duplicate
состояние дороги во время ремонта,состояние дороги после уборки,0.90358394,not_duplicate
метод сбора мусора,система управления мусором,0.9035827,not_duplicate
отсутствие электричества,отсутствие электричества в населенных пунктах,0.9035591,not_duplicate
фильм Рождество на двоих,жанр шансон,0.90355486,not_duplicate
состояние трассы Ростов-Волгодонск,кассовые сборы фильма «Чебурашка 2»,0.9034748,not_duplicate
электроснабжение ЖК Вест-Сайд,состояние дороги на ул. Заводской,0.9034638,not_duplicate
эпатажный образ Филиппа Киркорова,деятельность Филиппа Киркорова,0.9033828,not_duplicate
рекорд кассовых сборов фильма «Чебурашка 2»,участие водителя в конкурсе Голос Стерли,0.90338,not_duplicate
частое повышение цен на товары,повышение цен/НДС,0.90337217,not_duplicate
Оплата ЖКХ,оплата ЖКХ (учет праздничных дней),0.90336347,similar_not_duplicate
отключение электричества в ЖК Вест-Сайд,отключение света в ЖК Вест-Сайд,0.903332,duplicate
доставка квитанций ЖКХ,участие водителя в конкурсе Голос Стерли,0.9033194,not_duplicate
система водоотведения,подача питьевой воды,0.90330064,not_duplicate
участие в концерте Киркорова,первая часть фильма Чебурашка,0.9032984,not_duplicate
работа УК 'Доверие' по вывозу мусора,характеристика глав субъектов РФ,0.9032824,not_duplicate
тонировка автомобиля,неправильная тонировка автомобилей,0.90326136,duplicate
управление Нового Краснодара,дороги Осипенко/Репин,0.9032445,not_duplicate
автомобиль БЕЛДЖИ,состояние трассы Ростов-Волгодонск,0.9032261,not_duplicate
Рождественская служба,Рождественский сочельник и его празднование,0.90320003,not_duplicate
беспилотники,Действия в РБ связанные с беспилотниками,0.90319467,not_duplicate
фильм Рождество на двоих,"сериал «Клуб», Вася",0.90318805,not_duplicate
уголовное дело по ст.213 УК РФ,падение обломков БПЛ,0.9031799,not_duplicate
проект Нового Краснодара,застройка Новознаменского,0.9031768,not_duplicate
поведение водителя во время ДТП,поведение водителей на дороге,0.90315443,not_duplicate
концерт SCORPIONS в Ростове,продажа квартир в ЖПЭ,0.9031527,not_duplicate
общественное поведение,поведение общества,0.9031509,duplicate
Место ДТП,автомобильный инцидент,0.9030952,not_duplicate
беспилотники,взрывы беспилотников,0.90307474,not_duplicate
поведение бизнесмена,судьба бизнесмена,0.9030697,not_duplicate
фильм Рождество на двоих,концерт SCORPIONS в Ростове,0.9030652,not_duplicate
обращение в прокуратуру,обращение в Генеральную Прокуратуру,0.9030358,not_duplicate
вывоз мусора,решение проблемы мусора,0.90299654,not_duplicate
состояние города и работа администрации,работа мэрии,0.9029958,not_duplicate
использование реагентов в ледовом городке,состояние ледового городка,0.9029936,similar_not_duplicate
Ситуация с вывозом мусора,накопление мусора,0.90299034,not_duplicate
фильм Хроники Нарнии,продажа квартир в ЖПЭ,0.9029778,not_duplicate
действия чиновников,действия властей,0.9029648,duplicate
объявление о беспилотной и ракетной опасности,Беспилотная опасность,0.9029548,not_duplicate
реклама имплантации зубов,услуги имплантации зубов,0.9029523,not_duplicate
Место ДТП,ДТП в регионе,0.90294844,not_duplicate
кинопремьера Одесия,фильм Рождество на двоих,0.90293133,not_duplicate
вывоз мусора,фирма по вывозу мусора,0.90292233,similar_not_duplicate
ДТП на трассе,ДТП и его последствия,0.9029019,duplicate
Плотинка,жестяной лист,0.9028801,not_duplicate
причина ДТП,ДТП,0.90283275,not_duplicate
мероприятие Деда Мороза,концерт группы «ИНДИИД»,0.9028004,not_duplicate
дорожная обстановка на Базовом переулке,состояние тротуаров на улице Автолюбителей,0.9027746,not_duplicate
концерт Филиппа Киркорова,состояние трассы Ростов-Семикаракорск,0.902755,not_duplicate
рождественские традиции/колядование,празднование Рождества Христова,0.9027473,not_duplicate
празднование Рождества и Нового года,рождественские традиции/колядование,0.902747,not_duplicate
празднование Рождества,крестный ход в Рождество,0.9027215,not_duplicate
перебои с электричеством в ЖК Вест-Сайд,электроснабжение ЖК Вест-Сайд,0.9027164,duplicate
метод сбора мусора,решение проблемы вывоза мусора,0.90271294,not_duplicate
электричество в ЖК Вест-Сайд,концерт SCORPIONS в Ростове,0.90270376,not_duplicate
повышение цен на общественный транспорт,повышение стоимости проезда,0.9026842,duplicate
"сериал «Клуб», Вася",применение УК РФ,0.90268,not_duplicate
поведение родителей ребенка,воспитательный стиль родителей,0.9026772,not_duplicate
рекорд кассовых сборов фильма «Чебурашка 2»,спектакли Московского театра,0.9026711,not_duplicate
блюдо,готовка пищи,0.9026631,not_duplicate
работа коммунальных служб,работа администрации города как временщиков,0.90266037,not_duplicate
погодные условия зимой,холодная погода,0.9026576,duplicate
поведение сотрудников ГАИ,поведение сотрудников УК,0.9026433,not_duplicate
состояние тротуаров на улице Автолюбителей,тротуары на улице Автолюбителей,0.9026185,duplicate
концерт SCORPIONS в Ростове,рекорд кассовых сборов фильма «Чебурашка 2»,0.9026037,not_duplicate
фильм Хроники Нарнии,электричество в ЖК Вест-Сайд,0.9026035,not_duplicate
фильм Рождество на двоих,падение обломков БПЛ,0.90258825,not_duplicate
концерт Ленинграда,мероприятие Деда Мороза,0.90257114,not_duplicate
организация сбора мусора,ситуация с уборкой мусора,0.90253925,not_duplicate
поведение украинских сил,Действия Украины (нападение),0.90252715,duplicate
повышение цен на продукты,повышение цен на продукты и коммунальные услуги,0.90252084,not_duplicate
концерт поп-короля,Проблемы ЖК Вест-Сайд,0.9024941,not_duplicate
продажа квартир в ЖПЭ,применение УК РФ,0.90249026,not_duplicate
дорожно-транспортное происшествие,происшествие с машиной,0.9024677,duplicate
насилие над девушками,насилие над женщинами,0.9024562,not_duplicate
контроль вывоза мусора,проблема вывоза мусора,0.9024445,not_duplicate
Рождественский сочельник и его празднование,канун Рождества Христова,0.9024377,duplicate
поведение зоозащитников,поведение зоозащитницы/волонтёрки,0.90242356,not_duplicate
цена на товары/услуги,ценники на товары,0.90242344,not_duplicate
частота ДТП из-за нетрезвых водителей,частота ДТП с летальным исходом,0.9024111,not_duplicate
направление атаки БПЛА,специальные подразделения для атак БПЛА,0.9024067,not_duplicate
состояние Запорожской улицы,состояние улицы Чайковского,0.90238065,not_duplicate
посыпание дорог зимой,состояние дорог после уборки снега,0.9023595,not_duplicate
фильм Рождество на двоих,автомобиль БЕЛДЖИ,0.90234596,not_duplicate
мероприятие Филиппа Киркорова,состояние дороги на ул. Заводской,0.9023119,not_duplicate
городской общественный транспорт,маршрут общественного транспорта,0.90228385,similar_not_duplicate
Джефф Миллз,концерт SCORPIONS в Ростове,0.9022709,not_duplicate
лист жести,жестяной лист,0.9022527,duplicate
"титул ""Поп-король"" Филиппа Бедросовича",фильм Хроники Нарнии,0.9022208,not_duplicate
мероприятие Филиппа Киркорова,кинопремьера Одесия,0.90222055,not_duplicate
цены на билеты в кино,рост цен на билеты в кино,0.9022204,similar_not_duplicate
магическое место,волшебная страна,0.9021501,not_duplicate
применение УК РФ,ЖК Июнь,0.9021444,not_duplicate
новое правило медиации при разводе,процесс развода при изменах,0.9021336,not_duplicate
Площадь Советов (Ростов-на-Дону),управление Нового Краснодара,0.9021075,not_duplicate
поведение зацеперов,характеристика зацеперов,0.9021044,similar_not_duplicate
концерт Ленинграда,термин водительница в ПДД,0.90210325,not_duplicate
место аварии,ДТП,0.902103,not_duplicate
застройка Краснодара и Нижнего,реализация проекта Нового Краснодара,0.902066,not_duplicate
костюмы Филиппа Киркорова,исполнение Филиппа Киркорова,0.9020523,not_duplicate
частота отключений электричества,частые перебои с электричеством,0.9020481,duplicate
сериал Полиция Дели,мероприятие Деда Мороза,0.9020434,not_duplicate
взрывы беспилотников,способ уничтожения беспилотников,0.90201694,not_duplicate
реклама,расклейщики объявлений,0.90201545,not_duplicate
реклама,рекламная стратегия,0.9020128,not_duplicate
закрытие ресторана Бен Холл,мероприятие Деда Мороза,0.90199935,not_duplicate
смертельное ДТП на дороге,трагедия на дорогах,0.90196395,duplicate
поведение водителя во время ДТП,поведение водителей,0.90195346,duplicate
семейная ипотека,ужесточение семейной ипотеки,0.9019508,similar_not_duplicate
Проблемы ЖК Вест-Сайд,ЖК Июнь,0.9019386,not_duplicate
количество смен костюмов Филиппа Киркорова,количество костюмов Киркорова,0.9019269,duplicate
пересъемка старых фильмов/сказок,применение УК РФ,0.90190125,not_duplicate
санитарное состояние Сочи,уровень уборки в Сочи,0.90185666,duplicate
американский беспилотник,перехват беспилотников,0.90183765,not_duplicate
отключение электричества в ЖК Вест-Сайд,автомобиль БЕЛДЖИ,0.90181494,not_duplicate
беспилотная атака,перехват беспилотников,0.9017589,not_duplicate
проблема с вывозом мусора,организация вывоза мусора,0.90172625,not_duplicate
задержка поездов,задержка поездов и питание пассажиров,0.9017215,not_duplicate
зацеперы сбор мусора,накопление мусора,0.9017037,not_duplicate
обилие и доступность алкоголя,потребление алкоголя,0.90163875,not_duplicate
концерт Киркорова,музыкальный микс Казакостояния,0.9015744,not_duplicate
сериал Полиция Дели,рекорд кассовых сборов фильма «Чебурашка 2»,0.9015647,not_duplicate
мероприятие Деда Мороза,новогодняя ёлка от ЧМЗ,0.901559,not_duplicate
ДТП с погибшими детьми,гибель ребенка и женщины в ДТП,0.90155363,not_duplicate
Мошенничество с картами,кража денег с карты,0.9015522,duplicate
безопасность на улицах,дорожная безопасность,0.90154266,duplicate
предложение по семейной ипотеке,условия семейной ипотеки,0.9015082,not_duplicate
загораживание проездов,дорожная ситуация,0.90149355,not_duplicate
сиквел Короля и Шута,применение УК РФ,0.9014887,not_duplicate
ДТП,ДТП с погибшими,0.9014747,duplicate
реакция свидетелей,приём сообщений от свидетелей,0.90147084,duplicate
состояние дороги от Магнитогорска до Челябинска,качество дорог в Челябинской области,0.90143436,not_duplicate
Рождественская служба,празднование Рождества Христова,0.9014341,not_duplicate
ГОСТ на шаурму,шаурмятни,0.90142685,not_duplicate
туристический наплыв в Москву,проблема туристов в Москве,0.90142447,not_duplicate
запуск беспилотников,информация о беспилотниках,0.901419,not_duplicate
угроза беспилотной опасности,распространение информации об угрозе беспилотников,0.90141296,not_duplicate
смертельное ДТП на дороге,участие в ДТП,0.9014002,not_duplicate
состояние трассы Ростов-Семикаракорск,характеристика глав субъектов РФ,0.90139425,not_duplicate
ДТП как безумный трюк,Жёсткое ДТП,0.9013906,not_duplicate
кинопремьера Аватар 3,падение обломков БПЛ,0.90137136,not_duplicate
поведение водителя во время ДТП,поведение водителей за рулем,0.9013574,not_duplicate
концерт SCORPIONS в Ростове,доставка квитанций ЖКХ,0.90135396,not_duplicate
состояние трассы Ростов-Волгодонск,действия инспекторов ГИБДД,0.9012941,not_duplicate
бюджетные средства,распределение бюджетных средств,0.90128344,similar_not_duplicate
внешность Филиппа Киркорова,исполнение Филиппа Киркорова,0.90125245,not_duplicate
шаурмятни,САХ,0.9012366,not_duplicate
дроновое нападение,перехват беспилотников,0.9011938,not_duplicate
туалеты в электричках,проблема с туалетом в электричке,0.9011845,similar_not_duplicate
Беспилотная и Ракетная опасность,ракеты и сравнение с беспилотниками,0.90117055,not_duplicate
строительство жилья,строительство высотных домов,0.9011613,not_duplicate
обращение в прокуратуру,помощь от прокуратуры,0.90111274,not_duplicate
поведение водителя во время ДТП,поведение водителя (Акцента),0.90110433,not_duplicate
причины пожаров - электропроводка,причины пожара,0.9010827,not_duplicate
беспилотный летательный аппарат (БПЛА) и его уничтожение,сбитый беспилотник,0.90108114,not_duplicate
угроза беспилотной опасности,Метафорическое описание беспилотной угрозы,0.9010778,similar_not_duplicate
расписание маршруток Апшеронск-Кубанская,спектакли Московского театра,0.90105623,not_duplicate
жертва ДТП,ДТП,0.9010455,not_duplicate
религиозная вера,личная вера и религиозные атрибуты,0.90099114,not_duplicate
кинопремьера Аватар 3,фильм Хроники Нарнии,0.90096515,not_duplicate
жанр шансон,фестиваль «Бирские пельмени»,0.90095943,not_duplicate
реакция Следственного комитета,действия следственного комитета,0.90090984,duplicate
Проблемы ЖК Вест-Сайд,действия инспекторов ГИБДД,0.9009022,not_duplicate
свадьбы как явление,свадьба как способ жить вместе,0.9008717,not_duplicate
поведение преступников,преступники-насильники,0.9008593,not_duplicate
условия на дорогах,дорожно-транспортная ситуация,0.90084904,duplicate
Призыв к пению в комментариях,призыв петь в комментариях,0.9008425,duplicate
состояние дороги Плотинка,состояние дорог и тротуаров,0.90075386,not_duplicate
сбитый беспилотник,источник беспилотников,0.90074927,not_duplicate
участие в концерте Киркорова,состояние трассы Ростов-Волгодонск,0.90073264,not_duplicate
строительство балкона-особняка,строительство гигантского балкона,0.9006976,duplicate
поведение автора,поведение автора/издания,0.90068185,not_duplicate
концерт поп-короля,работа УК 'Доверие' по вывозу мусора,0.90065885,not_duplicate
состояние шумозащитных конструкций,надежность шумозащитных конструкций,0.90063524,not_duplicate
кинопремьера Аватар 3,фильм Волшебник Изумрудного города,0.9006228,not_duplicate
страшное ДТП,автомобильный инцидент,0.9006176,duplicate
применение статьи УК РФ,характеристика глав субъектов РФ,0.900597,not_duplicate
применение УК РФ,ООО РПЦ как посредник,0.9005757,not_duplicate
отключение электроэнергии,частота отключений электричества,0.90056705,not_duplicate
рождественские традиции/колядование,Рождественский Сочельник,0.90055346,not_duplicate
сиквел Короля и Шута,доставка квитанций ЖКХ,0.90055066,not_duplicate
зацеперы сбор мусора,организация сбора мусора,0.90054315,not_duplicate
помощь животным в Судже,спасение животных в Судже,0.9005428,not_duplicate
авария ребенка,ДТП с погибшими детьми,0.900541,duplicate
участие в концерте Киркорова,кинопремьера Одесия,0.9005394,not_duplicate
мероприятие Филиппа Киркорова,концерт Ленинграда,0.9005354,not_duplicate
жанр шансон,фильм Волшебник Изумрудного города,0.90053236,not_duplicate
мероприятие Деда Мороза,характеристика глав субъектов РФ,0.9005252,not_duplicate
отключение электричества в ЖК Вест-Сайд,управление Нового Краснодара,0.90050304,not_duplicate
мероприятие Филиппа Киркорова,характеристика глав субъектов РФ,0.90050256,not_duplicate
кража ёлки,лист жести на дереве,0.90047187,not_duplicate
сериал Полиция Дели,Проблемы ЖК Вест-Сайд,0.900452,not_duplicate
"титул ""Поп-король"" Филиппа Бедросовича",состояние трассы Ростов-Волгодонск,0.9004432,not_duplicate
опасность из-за атаки беспилотников,дроновое нападение,0.9004384,similar_not_duplicate
состояние льда,проблема с ледяными глыбами,0.9004215,not_duplicate
Проблемы ЖК Вест-Сайд,концерт SCORPIONS в Ростове,0.90041274,not_duplicate
Задержка поезда Москва-Адлер,задержка поездов в Воронежской области,0.9004114,not_duplicate
начисление пени за просрочку,начисление пени за просрочку оплаты ЖКХ,0.90039295,not_duplicate
управление Нового Краснодара,премьеры в кино,0.90039194,not_duplicate
сбитие беспилотников,дрон сбитый,0.90038496,duplicate
предложение услуг/заработка,предложение услуги/работы,0.9003801,duplicate
работа по вывозу мусора,уборка мусора,0.9003303,duplicate
вывоз мусора,работа компании по вывозу мусора,0.9003286,not_duplicate
проект строительства метро в Краснодаре,строительство метро в Питере и Москве,0.90028524,not_duplicate
празднование Рождества,Рождественская ярмарка,0.9002743,not_duplicate
поведение автора комментария,поведение автора комментария - отсутствие в обсуждении,0.90024936,similar_not_duplicate
рассказ о пожизненно осужденных,пожизненно осужденные преступники,0.9002423,not_duplicate
электричество в ЖК Вест-Сайд,"сериал «Клуб», Вася",0.9002374,not_duplicate
объявление беспилотной и ракетной опасности,Беспилотная опасность,0.9001216,not_duplicate
электричество в ЖК Вест-Сайд,масштаб аварии в ЖК Вест Сайд,0.9000739,not_duplicate
состояние дорог зимой,состояние дорог после уборки снега,0.9000681,not_duplicate
шумозащитные конструкции,шумозащитные конструкции некачественные,0.90006006,duplicate
строительство ЖК Вест-Сайд,мероприятие Деда Мороза,0.90004903,not_duplicate
безопасность района Красноармейская,меры безопасности на улице Красноармейской,0.90003884,not_duplicate
Метод утилизации мусора,решение проблемы мусора,0.9000358,not_duplicate
адрес места происшествия,место инцидента,0.90001315,duplicate
карьера Бритни Спирс,Участие в концерте ЛЮБЭ,0.89995533,not_duplicate
применение УК РФ,состояние дороги на ул. Заводской,0.89994675,not_duplicate
карьера Бритни Спирс,альбом Бритни Спирс,0.89992446,not_duplicate
спасение домашних животных в Судже,спасение собак,0.89991677,not_duplicate
поведение агрессора,агрессивное поведение в обществе,0.89989215,not_duplicate
зацеперы сбор мусора,ситуация с уборкой мусора,0.8998827,not_duplicate
повышение цен на проезд,повышение цен на общественный транспорт,0.8998825,duplicate
сирены,САХ,0.89987665,not_duplicate
проект Нового Краснодара,применение УК РФ,0.89983344,not_duplicate
состояние дороги на ул. Заводской,характеристика глав субъектов РФ,0.8998073,not_duplicate
голос Деда Мороза,выступление Деда Мороза,0.89979124,duplicate
повреждение железнодорожного полотна,Железнодорожное полотно повреждено,0.8997832,duplicate
качество фильма/сериала,отечественное кино,0.899775,not_duplicate
доставка квитанций ЖКХ,применение УК РФ,0.8997569,not_duplicate
дорожно-транспортная ситуация,загораживание проездов,0.89973825,not_duplicate
Джефф Миллз,мероприятие Деда Мороза,0.8997037,not_duplicate
сбитый беспилотник,беспилотная атака,0.8996824,not_duplicate
мероприятие Филиппа Киркорова,выступление Филиппа Киркорова,0.89967453,similar_not_duplicate
предложение работы/подработки,работа / предложение работы,0.89965653,duplicate
выступление Деда Мороза,мероприятие Деда Мороза,0.8996305,similar_not_duplicate
причины повышения цен,повышение цен/НДС,0.8996245,not_duplicate
состояние шумозащитных конструкций,новые шумозащитные конструкции,0.8996114,not_duplicate
Джефф Миллз,доставка квитанций ЖКХ,0.89958906,not_duplicate
состояние ледового городка,ледовый дворец,0.89957327,not_duplicate
кинопремьеры 2026 года,пересъемка старых фильмов/сказок,0.8995706,not_duplicate
строительство метро в Краснодаре,строительство метро в Питере и Москве,0.8995629,not_duplicate
Преступность,преступники-насильники,0.8995451,not_duplicate
применение УК РФ,расписание маршруток Апшеронск-Кубанская,0.8995216,not_duplicate
концерт Ленинграда,отключение электричества в ЖК Вест-Сайд,0.89951813,not_duplicate
перебои с электричеством в центре,перебои с электричеством в Апшеронском районе,0.8995006,not_duplicate
жертва ДТП,Жёсткое ДТП,0.899464,not_duplicate
запрет горок,лист жести,0.8994571,not_duplicate
миграция талантов,эмигрантские таланты,0.8994367,duplicate
отключение электричества в ЖК Вест-Сайд,пересъемка старых фильмов/сказок,0.8994078,not_duplicate
поведение коммунальных служб,проблемы коммунальных служб,0.89939964,not_duplicate
управление Нового Краснодара,расписание маршруток Апшеронск-Кубанская,0.8993708,not_duplicate
"сериал «Клуб», Вася",рекорд кассовых сборов фильма «Чебурашка 2»,0.8993641,not_duplicate
качество дорог,качество работ по обслуживанию дороги,0.8993578,not_duplicate
закон о штрафах за тонировку,введение единых штрафов,0.8992982,duplicate
термин водительница в ПДД,доставка квитанций ЖКХ,0.89928985,not_duplicate
сериал Полиция Дели,состояние трассы Ростов-Волгодонск,0.89926136,not_duplicate
снос домов,снос аварийных домов,0.89924353,not_duplicate
Неэффективная уборка снега,уборка снега,0.8992268,duplicate
состояние трассы Ростов-Семикаракорск,спектакли Московского театра,0.8992088,not_duplicate
концерт поп-короля,рекорд кассовых сборов фильма «Чебурашка 2»,0.8991995,not_duplicate
труд коммунальщиков,труд коммунальщиков в экстремальных условиях,0.8991821,duplicate
ДТП,смертельный исход ДТП,0.8991788,duplicate
предложение посетить Сочи,отдых в Сочи,0.8991784,duplicate
значение места для переосмысления жизни,переосмысление жизни,0.8991673,similar_not_duplicate
сериал Полиция Дели,МУП 'СТЭ',0.8991473,not_duplicate
приём сообщений от свидетелей,сбор информации от свидетелей,0.8991295,duplicate
МУП 'СТЭ',первая часть фильма Чебурашка,0.8991136,not_duplicate
ЖК Вест-Сайд,рекорд кассовых сборов фильма «Чебурашка 2»,0.89908427,not_duplicate
жанр шансон,применение УК РФ,0.89902174,not_duplicate
отключение электричества в ЖК Вест-Сайд,первая часть фильма Чебурашка,0.89900684,not_duplicate
участие в концерте Киркорова,"сериал «Клуб», Вася",0.89895743,not_duplicate
коррупция проверяющих,меры против коррупции,0.8989569,not_duplicate
жанр шансон,падение обломков БПЛ,0.8989378,not_duplicate
управление Нового Краснодара,уголовное дело по ст.213 УК РФ,0.898924,not_duplicate
призыв к подписке,Предложение подписки,0.8988799,duplicate
концерт Ленинграда,доставка квитанций ЖКХ,0.89886737,not_duplicate
Проблемы ЖК Вест-Сайд,продажа квартир в ЖПЭ,0.8988608,not_duplicate
свадьба и количество гостей,проведение свадебных торжеств,0.8988562,not_duplicate
фильм Хроники Нарнии,применение УК РФ,0.89885217,not_duplicate
поведение пешеходов в ДТП,поведение участников ДТП,0.8988506,not_duplicate
падение обломков БПЛ,состояние дороги на ул. Заводской,0.89883167,not_duplicate
кинопремьера Аватар 3,участие водителя в конкурсе Голос Стерли,0.89881074,not_duplicate
состояние трассы Ростов-Волгодонск,дороги Осипенко/Репин,0.8987996,not_duplicate
российское вмешательство,действия России,0.89875865,duplicate
действия полиции по расследованию,действия полиции (проведение проверки),0.8987565,duplicate
"сериал «Клуб», Вася",работа УК 'Доверие' по вывозу мусора,0.89875466,not_duplicate
кинопремьера Одесия,состояние дороги на ул. Заводской,0.89873767,not_duplicate
концерт Киркорова,жанр шансон,0.89871204,not_duplicate
ребенок-виновник ДТП,ДТП с жертвами детей,0.8986994,not_duplicate
канал ЧП Таганрог,автомобиль БЕЛДЖИ,0.89868206,not_duplicate
закрытие ресторана Бен Холл,жанр шансон,0.89868015,not_duplicate
дорогая организация свадьбы,стоимость свадьбы,0.89865774,duplicate
решение проблемы вывоза мусора,накопление мусора,0.89863205,not_duplicate
меры по организации транспорта на Рождество,работа общественного транспорта на Рождество,0.8986164,duplicate
ёлка в Рыбинске,ёлка в Снежинске,0.8986137,not_duplicate
жертва ДТП,смертельное ДТП на дороге,0.89861286,not_duplicate
Испеченный пирог,желание испечь пирог,0.8986056,not_duplicate
фильм Хроники Нарнии,мероприятие Деда Мороза,0.89859354,not_duplicate
опасность из-за атаки беспилотников,сбитие беспилотников,0.89855325,similar_not_duplicate
наличие кроликов во дворе,зайцы во дворе дома,0.8985184,not_duplicate
клиенты магазинов,действия сотрудников магазинов,0.89851576,not_duplicate
факт повреждения машины,поврежденный автомобиль в Дтп,0.89851254,duplicate
ситуация в регионе,общее состояние страны и региона,0.89850813,not_duplicate
Проблемы ЖК Вест-Сайд,спектакли Московского театра,0.8984952,not_duplicate
Место ДТП,смертельное ДТП на дороге,0.89848435,not_duplicate
электроснабжение ЖК Вест-Сайд,мероприятие Деда Мороза,0.8984814,not_duplicate
концерт SCORPIONS в Ростове,дороги Осипенко/Репин,0.89846045,not_duplicate
взрывы беспилотников,беспилотная атака,0.8984512,not_duplicate
концерт Филиппа Киркорова,отключение электричества в ЖК Вест-Сайд,0.89842784,not_duplicate
жанр шансон,продажа квартир в ЖПЭ,0.8984246,not_duplicate
работа пенсионеров,возможность заработка для пенсионеров,0.8984131,duplicate
управление Нового Краснодара,рекорд кассовых сборов фильма «Чебурашка 2»,0.89841217,not_duplicate
проблема с вывозом мусора,ситуация с уборкой мусора,0.89840984,duplicate
электроснабжение ЖК Вест-Сайд,жанр шансон,0.8983812,not_duplicate
карьера Бритни Спирс,фильм Хроники Нарнии,0.8983765,not_duplicate
состояние территории после демонтажа дома,снос домов,0.8983546,similar_not_duplicate
состояние трассы Ростов-Волгодонск,фильм Волшебник Изумрудного города,0.8983534,not_duplicate
обсуждение красивых дат для свадьбы,проведение свадебных торжеств,0.8983464,not_duplicate
вывоз мусора в Гэсе,вывоз мусора на ГРЭС,0.8983107,not_duplicate
название города,название населённого пункта,0.8983019,duplicate
работа по вывозу мусора,ситуация с уборкой мусора,0.898283,duplicate
наказание за критику властей,наказание за оскорбление властей,0.89826775,not_duplicate
уборка мусора в районе,работа по вывозу мусора,0.8982643,duplicate
празднование Рождества в Ростове,Рождественские богослужения в Каменске,0.89824104,not_duplicate
погодные условия зимой,зима и её восприятие,0.8982394,not_duplicate
концерт SCORPIONS в Ростове,мероприятие Деда Мороза,0.898231,not_duplicate
происшествие в Краснодаре,ситуация в Краснодарском крае,0.8982231,not_duplicate
фильм Хроники Нарнии,доставка квитанций ЖКХ,0.8982185,not_duplicate
мероприятие Филиппа Киркорова,падение обломков БПЛ,0.8982079,not_duplicate
повреждение железнодорожной инфраструктуры,Железнодорожное полотно повреждено,0.8981669,duplicate
фильм Рождество на двоих,продажа квартир в ЖПЭ,0.8981449,not_duplicate
уборка мусора в Екатеринбурге,управление мусором в Сочи,0.89813673,not_duplicate
отключение электричества в ЖК Вест-Сайд,работа УК 'Доверие' по вывозу мусора,0.89806175,not_duplicate
закрытие ресторана Бен Холл,кинопремьера Аватар 3,0.8980141,not_duplicate
новые штрафы за тонировку,штраф за нарушение тонировки,0.89799625,duplicate
поведение автора/участников дискуссии,поведение участников дискуссии,0.89799476,not_duplicate
фильм Хроники Нарнии,Проблемы ЖК Вест-Сайд,0.89797556,not_duplicate
фильм Рождество на двоих,успех фильма Чебурашка 2,0.89796484,not_duplicate
ситуация ДТП,смертельный исход ДТП,0.8979585,duplicate
изменения в ресторанном бизнесе,проблемы ресторанного бизнеса,0.89792067,not_duplicate
взрывы беспилотников,теракты и беспилотники,0.8979096,not_duplicate
карьера Бритни Спирс,премьеры в кино,0.8978748,not_duplicate
рождаемость в Башкортостане,рождение детей в Башкирии,0.89787453,duplicate
Военные действия против Украины,Действия украинских военных,0.8978733,not_duplicate
повышение цен на проезд в автобусе,повышение цен на общественный транспорт,0.8978097,duplicate
авария на трассе,происшествие с машиной,0.8977806,duplicate
жанр шансон,концерт группы «ИНДИИД»,0.89770764,not_duplicate
Участие в концерте ЛЮБЭ,управление Нового Краснодара,0.8976837,not_duplicate
религиозная активность,религиозные практики,0.89767766,duplicate
пожизненное заключение,пожизненно осужденные преступники,0.89761233,not_duplicate
ДТП на тюбинге,происшествие с машиной,0.8975904,duplicate
медицинская система,состояние учреждения здравоохранения,0.89752555,not_duplicate
концерт Филиппа Киркорова,уголовное дело по ст.213 УК РФ,0.8975037,not_duplicate
действия при обнаружении дрона,сбитый беспилотник,0.89750123,not_duplicate
МУП 'СТЭ',пересъемка старых фильмов/сказок,0.8974792,not_duplicate
Проблемы ЖК Вест-Сайд,фильм Волшебник Изумрудного города,0.89745724,not_duplicate
состояние дороги Ростов-Волгодонск,расписание маршруток Апшеронск-Кубанская,0.89743507,not_duplicate
безопасность в ДТП,безопасность автомобиля HAVAL,0.89742106,not_duplicate
жанр шансон,характеристика глав субъектов РФ,0.89738584,not_duplicate
организация питания при задержке поездов,задержка поездов и питание пассажиров,0.89737123,duplicate
решение проблемы вывоза мусора,Метод утилизации мусора,0.8973681,not_duplicate
поведение мужчин,поведение мужчин/женщин,0.8973551,not_duplicate
отключение электричества,частота отключений электричества,0.89733094,not_duplicate
сериал Полиция Дели,отключение электричества в ЖК Вест-Сайд,0.89732885,not_duplicate
содержание поста,Фраза из текста поста,0.8972908,not_duplicate
новое правило о штрафах за тонировку,увеличение штрафов за тонировку,0.89727,duplicate
концерт поп-короля,состояние трассы Ростов-Волгодонск,0.8972637,not_duplicate
концерт Филиппа Киркорова,доставка квитанций ЖКХ,0.89724654,not_duplicate
водители в ДТП,Жёсткое ДТП,0.8972194,not_duplicate
работа ПВЗ,работа ПВО в Стерлитамаке,0.89721304,not_duplicate
закрытие ресторана Бен Холл,состояние трассы Ростов-Волгодонск,0.8972099,not_duplicate
Рождество Христово,Рождественская литургия,0.89719915,not_duplicate
эксплуатация аттракционов,деятельность Первого оконного завода,0.8971731,not_duplicate
строительство ЖК Вест-Сайд,расписание маршруток Апшеронск-Кубанская,0.89714986,not_duplicate
личная жизнь автора,жизненный подход автора,0.8971022,not_duplicate
Рождественский Сочельник,Рождество Христово,0.8970894,not_duplicate
Участие в концерте ЛЮБЭ,действия инспекторов ГИБДД,0.89706266,not_duplicate
объявление беспилотной опасности,беспилотная опасность - взрывы,0.89706135,not_duplicate
поведение водителя «Нивы»,поведение водителей,0.8970375,not_duplicate
электроснабжение ЖК Вест-Сайд,расписание маршруток Апшеронск-Кубанская,0.8970273,not_duplicate
ДТП на трассе Ростов – Семикаракорск – Волгодонск,трагедия на трассе Ростов-Волгодонск,0.89697474,not_duplicate
потребление алкоголя,доступность алкоголя,0.8969307,not_duplicate
коррупция проверяющих,действия властей/коррупция,0.89692444,duplicate
работа общественного транспорта,маршрут общественного транспорта,0.8969192,similar_not_duplicate
действия при обнаружении дрона,дроновое нападение,0.89690846,not_duplicate
работа полиции,действия полиции/властей,0.896855,not_duplicate
вывоз мусора,уборка мусора в районе,0.8968509,not_duplicate
музыкальный микс Казакостояния,автомобиль БЕЛДЖИ,0.8968394,not_duplicate
Участие в концерте ЛЮБЭ,фильм Рождество на двоих,0.8968378,not_duplicate
состояние дорог и тротуаров,состояние дорог в Уфе,0.8968361,not_duplicate
медицинская комиссия для водителей,медицинские проверки водителей,0.8968285,duplicate
мероприятие в Ростове,ОПГ в Ростове,0.8968009,not_duplicate
стоимость свадеб в 2026 году,стоимость свадьбы в будущем,0.8967819,duplicate
кинопремьера Аватар 3,сиквел Короля и Шута,0.89677507,not_duplicate
дорожно-транспортное происшествие,ДТП в регионе,0.8967437,not_duplicate
высокие затраты на свадьбу,стоимость свадьбы в будущем,0.8967412,not_duplicate
городской бор - дорога,состояние дорог и тротуаров,0.8967352,not_duplicate
решение проблемы вывоза мусора,организация вывоза мусора,0.89671254,not_duplicate
ДТП с погибшими,результат аварии,0.8967092,duplicate
Рождественская литургия,Празднование Рождества православными церквями,0.8966931,not_duplicate
"сериал «Клуб», Вася",доставка квитанций ЖКХ,0.89669096,not_duplicate
мероприятие Деда Мороза,управление Нового Краснодара,0.89668167,not_duplicate
характеристика повода нападения,источник атаки,0.89665866,not_duplicate
действия ГИБДД,сбитые БПЛА,0.89664924,not_duplicate
поведение украинских сил,военные действия Украина-Россия,0.8966136,not_duplicate
отключение электричества в общагах ЮФУ,отключение электричества в кампусе ЮФУ,0.89659715,duplicate
отключение электричества в общагах,отключение электричества,0.89659166,not_duplicate
отключение электричества в общежитии,электроснабжение общежития,0.896573,similar_not_duplicate
опасность из-за атаки беспилотников,распространение информации об угрозе беспилотников,0.8965633,not_duplicate
карьера Бритни Спирс,управление Нового Краснодара,0.8965557,not_duplicate
миграция в Россию,миграционная политика России,0.8965457,not_duplicate
дроновое нападение,дрон сбитый,0.8965347,not_duplicate
ледовый городок,ёлки на ледовом городке,0.89652747,similar_not_duplicate
страхование жизни при поездке за границу,медицинская страховка для отдыха за рубежом,0.89650345,duplicate
наказание за оскорбление губернатора,оскорбление губернатора,0.89648885,similar_not_duplicate
исчезновение Милы Яковлевой,пропажа Милены Яковлевой,0.8964801,duplicate
сериал Полиция Дели,уголовное дело по ст.213 УК РФ,0.8964636,not_duplicate
страшное ДТП,происшествие с машиной,0.89644825,duplicate
условия на дорогах,дорожное движение,0.89634275,not_duplicate
проект Нового Краснодара,Краснодар - деревня,0.89632213,not_duplicate
поведение мусоров,распространение мусора,0.89631057,not_duplicate
жанр шансон,действия инспекторов ГИБДД,0.89629954,not_duplicate
сиквел Короля и Шута,Проблемы ЖК Вест-Сайд,0.89629215,not_duplicate
фильм Рождество на двоих,Джефф Миллз,0.8962594,not_duplicate
начисление пени за просрочку оплаты ЖКХ,срок оплаты ЖКХ,0.8962505,not_duplicate
Место ДТП,результат аварии,0.8962355,not_duplicate
Проблемы ЖК Вест-Сайд,жанр шансон,0.89623183,not_duplicate
отключение электричества в ЖК Вест-Сайд,действия инспекторов ГИБДД,0.89621186,not_duplicate
ситуация в ЖК Вест-Сайд,повторяющиеся проблемы ЖК Вест-Сайд,0.8962003,not_duplicate
предпосылки преступлений,поведение преступников,0.89616215,not_duplicate
уборка снега,уборка снега вокруг ТЦ Дуван,0.8961513,similar_not_duplicate
безопасность высотных зданий,безопасность на высоких этажах,0.8961469,duplicate
крестный ход в Рождество,рождественские мероприятия,0.8961445,not_duplicate
празднование Рождества и Нового года,рождественские мероприятия,0.8961264,not_duplicate
путешествия,поездка и её последствия,0.8961214,not_duplicate
счет за квартплату,коммунальные платежи за непроживаемую квартиру,0.8961202,not_duplicate
новая модель рождаемости,рождаемость детей,0.89611834,not_duplicate
деятельность зацеперов по сбору мусора,фирма по вывозу мусора,0.8961166,not_duplicate
мероприятие Филиппа Киркорова,дороги Осипенко/Репин,0.8961059,not_duplicate
написание слова 'кутёй',перевод говнотечки,0.89607465,not_duplicate
ракетная опасность,план действий при ракетной опасности,0.89604956,similar_not_duplicate
строительство ЖК Вест-Сайд,перебои с электричеством в ЖК Вест-Сайд,0.8960215,not_duplicate
мероприятие (выставка и экскурсия),место проведения выставки,0.8959958,similar_not_duplicate
мероприятие Филиппа Киркорова,спектакли Московского театра,0.8959873,not_duplicate
электричество в ЖК Вест-Сайд,жанр шансон,0.89597696,not_duplicate
рождественские традиции/колядование,крестный ход в Рождество,0.8959486,not_duplicate
мероприятие Деда Мороза,автомобиль БЕЛДЖИ,0.89591706,not_duplicate
реакция общества на акцию,общественная реакция,0.8958843,not_duplicate
объявление о беспилотной и ракетной опасности,беспилотная опасность - взрывы,0.89587474,not_duplicate
"сериал «Клуб», Вася",состояние дороги на ул. Заводской,0.8958728,not_duplicate
требования к тонировке,ограничения на тонировку,0.89587235,duplicate
снежная обстановка,отсутствие снега,0.8958707,not_duplicate
реакция администрации,действия администрации,0.89586145,duplicate
общественное поведение,общество и его поведение,0.8958304,duplicate
концерт Филиппа Киркорова,термин водительница в ПДД,0.8958016,not_duplicate
электричество в ЖК Вест-Сайд,состояние трассы Ростов-Волгодонск,0.89575565,not_duplicate
меры безопасности в ДТП,безопасность на дорогах,0.8957136,not_duplicate
способ уборки мусора,решение проблемы вывоза мусора,0.8957126,not_duplicate
беспилотники,беспилотные аппараты (БПЛА),0.8957069,duplicate
отсутствие электричества,причина отключения электричества,0.8956969,not_duplicate
государственные меры безопасности,обеспечение безопасности,0.89569163,duplicate
Рождество Христово (праздник),рождественские мероприятия,0.89565396,not_duplicate
время проведения причастия в храме,богослужение/вертеп в храме,0.89564264,not_duplicate
частота ДТП с участием джипов и автопоездов,количество ДТП,0.89559144,not_duplicate
повышение цен на продукты,повышение цен,0.8955733,not_duplicate
отключение электричества в ЖК Вест-Сайд,характеристика глав субъектов РФ,0.8955699,not_duplicate
поведение водителей в ДТП,поведение водителя (Акцента),0.89549536,not_duplicate
колхозное водительское мнение,поведение водителя (Акцента),0.8954819,not_duplicate
уборка снега в Екатеринбурге,уборка снега,0.895475,not_duplicate
рекламный призыв,расклейщики объявлений,0.89546835,not_duplicate
сериал Полиция Дели,состояние дороги на ул. Заводской,0.89544576,not_duplicate
кинопремьера Аватар 3,концерт SCORPIONS в Ростове,0.89542896,not_duplicate
состояние льда,ледовый городок,0.8954218,similar_not_duplicate
реализация проекта метро в Краснодаре,строительство метро в Питере и Москве,0.8953882,not_duplicate
проект Нового Краснодара,состояние дороги на ул. Заводской,0.895388,not_duplicate
кинопремьера Аватар 3,управление Нового Краснодара,0.895384,not_duplicate
песня Деда Мороза,новогодняя ёлка от ЧМЗ,0.89536464,not_duplicate
Джефф Миллз,работа УК 'Доверие' по вывозу мусора,0.8953448,not_duplicate
мероприятие Деда Мороза,падение обломков БПЛ,0.8953247,not_duplicate
процесс взятия пробы асфальта,проблемы с асфальтом,0.89529073,not_duplicate
Площадь Советов (Ростов-на-Дону),расписание маршруток Апшеронск-Кубанская,0.89528906,not_duplicate
новое правило с медиаторами при разводе,процесс развода при изменах,0.895272,not_duplicate
дорожно-транспортное происшествие,смертельный исход ДТП,0.89525354,duplicate
ДТП на тюбинге,авария на трассе,0.89524394,not_duplicate
концерт Ленинграда,уголовное дело по ст.213 УК РФ,0.89523005,not_duplicate
увеличение штрафов за тонировку,новый закон о штрафах за тонировку,0.89521176,duplicate
мероприятие Рождество,крестный ход в Рождество,0.895199,not_duplicate
способ уничтожения беспилотников,Методы противодействия дронам,0.89517117,duplicate
график работы уборки мусора,график работы компании по вывозу мусора,0.89516723,not_duplicate
опыт автора,жизненный подход автора,0.89516383,not_duplicate
дорожно-транспортное происшествие в Свердловской области,ДТП в Ростовской области,0.8951532,not_duplicate
власть имущие,цепочка власти,0.8951391,not_duplicate
зацеперы,подработка/шабашка,0.89510393,not_duplicate
проблемы с общественным транспортом,общественный транспорт,0.89506865,similar_not_duplicate
объявление беспилотной и ракетной опасности,беспилотная опасность - взрывы,0.89505225,not_duplicate
уборка снега,работа коммунальных служб по уборке снега,0.8950326,not_duplicate
меры чиновников,действия властей,0.89502764,duplicate
продажа квартир в ЖПЭ,участие водителя в конкурсе Голос Стерли,0.8950263,not_duplicate
национальность Филиппа Киркорова,Филипп Киркоров,0.8950245,similar_not_duplicate
бюджетные меры по сбору налогов,косвенные налоги,0.895017,not_duplicate
Дед Мороз как обман,Существование Деда Мороза,0.8950129,similar_not_duplicate
чистка карманов дорог,чистка проездов,0.89500225,duplicate
погибшие в ДТП,страшное ДТП,0.89500165,duplicate
информация о беспилотниках,Действия в РБ связанные с беспилотниками,0.8949614,not_duplicate
поведение водителя во время ДТП,поведение пешеходов в ДТП,0.89495,not_duplicate
кража ёлки,ёлки в области,0.8948393,not_duplicate
авария на Базовом переулке,инцидент на Красноармейской улице,0.894827,not_duplicate
действия электриков,наличие электричества,0.89480746,not_duplicate
зацеперы,Плотинка,0.8947999,not_duplicate
дорожно-транспортное происшествие,ДТП легковушки под грузовиком,0.8947903,not_duplicate
концерт Киркорова,отключение электричества в ЖК Вест-Сайд,0.89477444,not_duplicate
новые штрафы за тонировку,штрафы за неправильную тонировку,0.8947666,duplicate
новое правило о медиаторах при разводе,новое правило медиации при разводе,0.8947586,duplicate
Ситуация с вывозом мусора,работа компании по вывозу мусора,0.8947368,not_duplicate
деятельность зацеперов по сбору мусора,ситуация с уборкой мусора,0.89471126,not_duplicate
туристический поток в Сочи,туристический наплыв в Москву,0.8946857,not_duplicate
поведение жертв ДТП,участие в ДТП,0.8946754,not_duplicate
поведение женщины,странное поведение женщины,0.8946464,duplicate
состояние дорог и тротуаров,состояние парковки и дороги,0.8946403,not_duplicate
реакция на громкие звуки,причина громкого звука,0.8946167,not_duplicate
сбитые БПЛА,профилактическая акция ГИБДД,0.89461327,not_duplicate
концерт SCORPIONS в Ростове,уголовное дело по ст.213 УК РФ,0.89458084,not_duplicate
сбитие беспилотников,беспилотный летательный аппарат (БПЛА) и его уничтожение,0.89458025,not_duplicate
термин водительница в ПДД,продажа квартир в ЖПЭ,0.8945761,not_duplicate
точка зрения автора комментария,предположения авторов комментариев,0.89456844,not_duplicate
предложение помощи,Обращение за помощью,0.8945672,not_duplicate
беспилотники,работа ПВО по сбитым беспилотникам,0.8945421,not_duplicate
реклама в канале,реклама,0.8945235,not_duplicate
политика РФ по нерабочим дням,действия России,0.89451134,not_duplicate
использование ремней безопасности в ДТП,эффективность ремней безопасности,0.89449877,not_duplicate
отключение электричества в общагах,отсутствие электричества в районе,0.89449525,not_duplicate
кинопремьера Одесия,мероприятие Деда Мороза,0.89449257,not_duplicate
меры против коррупции,взяточничество - действия власти,0.8944907,not_duplicate
Освещение инцидента,факты происшествия,0.89448535,not_duplicate
концерт Филиппа Киркорова,работа УК 'Доверие' по вывозу мусора,0.89447635,not_duplicate
действия властей/коррупция,коррупция и растраты бюджетных средств,0.89447,duplicate
действия при обнаружении дрона,Методы противодействия дронам,0.8944658,not_duplicate
применение СВО к нападавшему,ситуация с нападением,0.8944425,not_duplicate
проверка ресторана,проверка ресторанов силовиками,0.894439,not_duplicate
Рождественский Сочельник,крестный ход в Рождество,0.89440495,not_duplicate
организация сбора мусора,уборка мусора,0.89439905,duplicate
возврат бракованного товара,процесс возврата товара,0.8943615,duplicate
состояние дорог в Челябинске,состояние дороги под Новороссийском,0.8943547,not_duplicate
сбор налогов,налогообложение граждан,0.8943547,duplicate
меры чиновников,поведение властей,0.894334,not_duplicate
празднование Рождества Христова,Празднование Рождества православными церквями,0.89431006,not_duplicate
страшное ДТП,тяжелые последствия аварии,0.89427614,duplicate
"титул ""Поп-король"" Филиппа Бедросовича",Участие в концерте ЛЮБЭ,0.894274,not_duplicate
организация свадьбы,свадьба как мероприятие,0.89426523,duplicate
состояние ледового городка,ёлки на ледовом городке,0.8942587,similar_not_duplicate
вера ребенка в Деда Мороза,вера в Деда Мороза,0.8942517,not_duplicate
участие в концерте Киркорова,характеристика глав субъектов РФ,0.89422643,not_duplicate
повреждение железнодорожного полотна,остановка поездов из-за повреждения полотна,0.89422596,similar_not_duplicate
дроновое нападение,уничтожение беспилотников ПВО,0.8942065,not_duplicate
"титул ""Поп-король"" Филиппа Бедросовича",мероприятие Деда Мороза,0.89419717,not_duplicate
перевод говнотечки,ЖК Июнь,0.89418864,not_duplicate
применение УК РФ,участие водителя в конкурсе Голос Стерли,0.8941659,not_duplicate
реклама ЖК «Родные Просторы»,продажа квартир в ЖПЭ,0.8941386,not_duplicate
новые районы Краснодара,застройка Краснодара и Нижнего,0.8941161,not_duplicate
поведение мусоров,накопление мусора,0.8940963,not_duplicate
маршруты автобусов,наряд автобусов,0.8940956,not_duplicate
действие автора комментария,точка зрения автора комментария,0.8940775,duplicate
поведение сотрудника ПВЗ,поведение сотрудников ГИБДД,0.8940693,not_duplicate
новочеркасский кафедральный собор,кафедральный статус собора,0.8940657,similar_not_duplicate
запуск беспилотников,действия при обнаружении дрона,0.89406556,not_duplicate
термин водительница в ПДД,электричество в ЖК Вест-Сайд,0.89405805,not_duplicate
работа по вывозу мусора,вывоз мусора в городе,0.89404345,duplicate
инцидент на улице Ростова,инцидент на Красноармейской улице,0.8940392,not_duplicate
сбитие беспилотников,теракты и беспилотники,0.89401877,not_duplicate
состояние шумозащитных конструкций,шумозащитные конструкции некачественные,0.8939727,duplicate
проведение проверки силовиками,поведение силовиков при проверке,0.893955,duplicate
ситуация с уборкой мусора,нерешенная проблема с мусором,0.89394087,duplicate
запуск беспилотников,Действия в РБ связанные с беспилотниками,0.8939373,not_duplicate
состояние дорог,ремонт дороги,0.89393276,similar_not_duplicate
автомобиль БЕЛДЖИ,кассовые сборы фильма «Чебурашка 2»,0.8939276,not_duplicate
взрывы,количество взрывов,0.8939251,similar_not_duplicate
успех фильма Чебурашка 2,премьеры в кино,0.8939248,not_duplicate
концерт Киркорова,расписание маршруток Апшеронск-Кубанская,0.89389217,not_duplicate
доставка квитанций ЖКХ,кассовые сборы фильма «Чебурашка 2»,0.8938484,not_duplicate
состояние трассы Ростов-Волгодонск,пересъемка старых фильмов/сказок,0.89382684,not_duplicate
авария на трассе,смертельное ДТП,0.893826,duplicate
действия при обнаружении дрона,дрон сбитый,0.8938043,not_duplicate
кассовые сборы фильма «Чебурашка 2»,применение УК РФ,0.8937958,not_duplicate
авария на трассе,ДТП и его последствия,0.8937886,duplicate
проблемы с общественным транспортом,транспортные проблемы,0.893772,not_duplicate
условия на дорогах,состояние областных дорог,0.89374286,not_duplicate
ДТП в Ростовской области,трагедия на трассе Ростов-Волгодонск,0.89372927,not_duplicate
количество смен костюмов Филиппа Киркорова,костюмы Филиппа Киркорова,0.89372665,duplicate
мусор на контейнерной площадке,переполненные контейнеры и мусор на улицах,0.893716,not_duplicate
управление Нового Краснодара,доставка квитанций ЖКХ,0.89365935,not_duplicate
отключение мобильного интернета,отключение интернета,0.8936583,not_duplicate
ЖК Вест-Сайд,расписание маршруток Апшеронск-Кубанская,0.8936322,not_duplicate
мероприятие Рождество,Рождество в Стерлитамаке,0.89361614,not_duplicate
свадьба и количество гостей,свадьба как мероприятие,0.8936038,not_duplicate
меры чиновников,действия администрации,0.89360005,duplicate
термин водительница в ПДД,состояние дороги на ул. Заводской,0.8935725,not_duplicate
цена на автомобиль,расходы в Авто запчастях,0.89356726,not_duplicate
смертельное ДТП на дороге,происшествие с машиной,0.8935572,duplicate
ДТП на тюбинге,ДТП под Нижним Тагилом,0.8935259,not_duplicate
вход на выставку,расположение выставки,0.8935214,not_duplicate
"титул ""Поп-король"" Филиппа Бедросовича",работа УК 'Доверие' по вывозу мусора,0.8934947,not_duplicate
концерт Киркорова,термин водительница в ПДД,0.8934728,not_duplicate
празднование Рождества и Нового года,празднование Рождества Христова,0.8934627,not_duplicate
мероприятие в Ростове,барахолка в Ростове,0.89346117,not_duplicate
концерт Ленинграда,дороги Осипенко/Репин,0.8934506,not_duplicate
работа коммунальных служб,труд коммунальщиков,0.8934336,duplicate
работа камер видеонаблюдения,эффективность камер видеонаблюдения,0.89342856,duplicate
новое правило правительства о медиаторах при разводе,новое правило с медиаторами при разводе,0.8933885,duplicate
питание ребенка,малоежка - недоедание ребенка,0.8933863,similar_not_duplicate
участие в ДТП,смертельный исход ДТП,0.8933666,not_duplicate
личная жизнь автора,опыт автора,0.89334524,not_duplicate
ДТП на перекрестке,Место ДТП,0.8933346,not_duplicate
ёлки в области,деревья в уфимском дворе (неухоженные),0.89332736,not_duplicate
Рождество Христово,Празднование Рождества Христова под другим именем,0.8933022,duplicate
концерт Киркорова,проект Нового Краснодара,0.893287,not_duplicate
концерт Филиппа Киркорова,музыкальный микс Казакостояния,0.89327776,not_duplicate
автомобиль БЕЛДЖИ,профилактическая акция ГИБДД,0.8932768,not_duplicate
система власти РФ,политическая система РФ,0.8932519,duplicate
мероприятие Филиппа Киркорова,исполнение Филиппа Киркорова,0.89322364,similar_not_duplicate
ЖК Вест-Сайд,мероприятие Деда Мороза,0.89321053,not_duplicate
сбитый беспилотник,беспилотники и ПВО,0.893198,not_duplicate
состояние дороги во время ремонта,качество ремонта дороги,0.89319605,not_duplicate
кинопремьера Одесия,работа УК 'Доверие' по вывозу мусора,0.8931719,not_duplicate
перехват беспилотников,Методы противодействия дронам,0.89316136,not_duplicate
карьера Бритни Спирс,концерт SCORPIONS в Ростове,0.8931449,not_duplicate
фиксация беспилотных летательных аппаратов,беспилотные аппараты (БПЛА),0.8931395,not_duplicate
политика РФ,действия России,0.8931389,duplicate
Дед Мороз как символ,Существование Деда Мороза,0.8931376,similar_not_duplicate
закон о штрафах за тонировку,увеличение штрафов за тонировку,0.8931346,duplicate
ДТП на тюбинге,смертельное ДТП,0.89311695,duplicate
рождественские традиции/колядование,Рождество Христово,0.8930905,not_duplicate
состояние тротуаров на улице Автолюбителей,состояние тротуаров,0.893064,not_duplicate
профилактическая акция ГИБДД,специальные подразделения для атак БПЛА,0.89305454,not_duplicate
поведение водителя (Акцента),поведение владельцев автомобилей,0.89304477,not_duplicate
место события в Краснодаре,ситуация в Краснодарском крае,0.89303976,not_duplicate
кинопремьера Одесия,доставка квитанций ЖКХ,0.8930026,not_duplicate
запуск беспилотников,беспилотники и ПВО,0.89299065,not_duplicate
жанр шансон,спектакли Московского театра,0.89298415,not_duplicate
политика чиновников,Государственная политика,0.8929819,not_duplicate
действия инспекторов ГИБДД,уголовное дело по ст.213 УК РФ,0.89296025,not_duplicate
ДТП на трассе Семикаракорск-Волгодонск,трагедия на трассе Ростов-Волгодонск,0.89294255,not_duplicate
Действия Украины (нападение),Действия украинских военных,0.8928877,duplicate
система управления мусором,организация вывоза мусора,0.89286494,duplicate
место аварии,ситуация ДТП,0.8928584,not_duplicate
мусор на контейнерной площадке,накопление мусора,0.8928323,not_duplicate
управление городом,работа мэрии,0.892801,duplicate
причина ДТП,результат аварии,0.89279926,not_duplicate
частота ДТП на участке Екатеринбург-Нижний Тагил,ДТП на трассе Ростов – Семикаракорск – Волгодонск,0.8927853,not_duplicate
поведение водителя «Нивы»,поведение водителя «Ниссана»,0.8927853,not_duplicate
работа железнодорожных служб,состояние железной дороги,0.8927677,not_duplicate
предложение услуги/работы,предложение работы/подработки,0.89273983,duplicate
состояние мусорных контейнеров,проблема вывоза мусора,0.892728,not_duplicate
маршрут Красноярск-Москва-Геленджик,маршрут метро в Краснодаре,0.8927102,not_duplicate
