"object_1,object_2,connection",object_1,object_2,connection
,водитель автомобиля,водитель машины,duplicate
,использование реагентов в ледовом городке,использование реагентов на ледовом городке,duplicate
,цена на автомобиль,цена автомобиля,duplicate
,расходы на свадьбу,затраты на свадьбу,duplicate
,проблема с вывозом мусора,проблема вывоза мусора,duplicate
,объявление беспилотной и ракетной опасности,объявление о беспилотной и ракетной опасности,duplicate
,Сотрудничество России и Китая,Сотрудничество Китай-Россия,duplicate
,затраты на украшения города,расходы на украшение города,duplicate
,налог на авто по габаритам,налог на авто за габариты,duplicate
,атака беспилотников на Россию,атаки беспилотниками по России,duplicate
,миграционная политика,политика по миграции,duplicate
,состояние дорог после таяния снега,состояние дорог после снегопада,not_duplicate
,цены на услуги,цена услуг,duplicate
,поведение участников обсуждения,поведение участников дискуссии,duplicate
,отключение электроэнергии,отключение электричества,duplicate
,инцидент с детьми на льду,происшествие с детьми на льду,duplicate
,козье молоко как альтернатива детским смесям,использование козьего молока как альтернатива детским смесям,duplicate
,Дата Рождества,Дата празднования Рождества,duplicate
,качество установки шумозащитных конструкций,качество шумозащитных конструкций,not_duplicate
,ЖК Вест-Сайд,строительство ЖК Вест-Сайд,similar_not_duplicate
,стоимость билетов,цены на билеты,duplicate
,насилие над женщинами,насилие против женщин,duplicate
,строительство ЖК Вест-Сайд,электроснабжение ЖК Вест-Сайд,not_duplicate
,насилие над девушками,насилие против девушки,duplicate
,отключение электричества в ЖК Вест-Сайд,электричество в ЖК Вест-Сайд,similar_not_duplicate
,повышение цен на проезд,повышение стоимости проезда,duplicate
,повышение цен на продукты,рост цен на продукты,duplicate
,обязательная медиация перед разводом,обязательная медиация при разводе,duplicate
,уборка снега в Екатеринбурге,чистка снега в Екатеринбурге,duplicate
,действия пожарных по тушению,Действия пожарных при тушении пожара,duplicate
,повышение цен,рост цен,duplicate
,состояние дорог в Челябинской области,состояние дорог в Челябинске,not_duplicate
,стоимость свадьбы,затраты на свадьбу,duplicate
,проект строительства метро в Краснодаре,строительство метро в Краснодаре,duplicate
,экономическая ситуация,экономическая обстановка,duplicate
,политика США,политика США (Трамп),duplicate
,действия пожарных при ликвидации пожара,Действия пожарных при тушении пожара,duplicate
,смертельный исход ДТП,смертельное ДТП,duplicate
,концерт Филиппа Киркорова,концерт Киркорова,duplicate
,чистка карманов на дорогах,чистка карманов дорог,duplicate
,Удары украинскими беспилотниками,атака украинских беспилотников,duplicate
,дорожная безопасность,безопасность на дорогах,duplicate
,работа в медицине,работа в медицинской сфере,duplicate
,цены на билеты в кино,цены на билеты в кинотеатрах,duplicate
,обилие и доступность алкоголя,доступность алкоголя,duplicate
,проблема с вывозом мусора,Ситуация с вывозом мусора,duplicate
,выбор даты свадьбы,выбор дат для свадеб,not_duplicate
,проблема вывоза мусора,Ситуация с вывозом мусора,duplicate
,запрет тонировки,запрет на тонировку,duplicate
,авария с газом,инцидент с газом,duplicate
,безопасность в ДТП,меры безопасности в ДТП,not_duplicate
,процесс проверки учителей-мужчин,проверка учителей-мужчин,duplicate
,новые штрафы за тонировку,введение новых штрафов за тонировку,duplicate
,проект строительства метро в Краснодаре,реализация проекта метро в Краснодаре,duplicate
,демографические показатели Башкирии,демографическая ситуация в Башкирии,not_duplicate
,поведение водителя во время ДТП,поведение водителей в ДТП,duplicate
,высокая стоимость свадьбы,высокие затраты на свадьбу,duplicate
,ЖК Вест-Сайд,электроснабжение ЖК Вест-Сайд,not_duplicate
,новые правила по тонировке,новые правила тонировки,duplicate
,действия пожарных по тушению,действия пожарных при ликвидации пожара,duplicate
,повышение цен на билеты в кинотеатрах,рост цен на билеты в кино,duplicate
,деятельность зацеперов по сбору мусора,зацеперы сбор мусора,duplicate
,происшествие с пенсионеркой,инцидент с пенсионеркой,duplicate
,канал MAX,канал в Max,duplicate
,наличие туалетов в электричках,туалеты в электричках,duplicate
,обязательная медиация при разводе,обязательная процедура медиации при разводе,duplicate
,ракетная опасность,ракетная опасность и вероятность угрозы,duplicate
,работа коммунальщиков в экстремальных условиях,труд коммунальщиков в экстремальных условиях,duplicate
,Рождество Христово (праздник),Рождество Христово,duplicate
,поведение нападавшего,поведение напавшего,duplicate
,поведение животного в контактном зоопарке,поведение хаски в контактном зоопарке,duplicate
,поведение водителей,поведение водителей за рулем,similar_not_duplicate
,процесс возврата товара с браком,возврат товара с браком,duplicate
,авиаперевозки задержка рейса,задержка авиаперелета,duplicate
,Беспилотная опасность,угроза беспилотной опасности,duplicate
,ДТП на трассе,авария на трассе,duplicate
,качество строительства конструкций,качество строительства,duplicate
,демографическая яма и рынок труда,демографическая проблема и рынок труда,duplicate
,расходы на свадьбу,стоимость свадьбы,duplicate
,фирма по вывозу мусора,работа компании по вывозу мусора,similar_not_duplicate
,агрессивное поведение мужчин к женщинам,агрессия мужчин к женщинам,duplicate
,рейтинг влияния глав субъектов РФ,место в рейтинге влияния глав субъектов РФ,duplicate
,отключение электричества в ЖК Вест-Сайд,перебои с электричеством в ЖК Вест-Сайд,duplicate
,новогодние праздники,новогодние гулянья,similar_not_duplicate
,процесс развода с медиацией,медиация при разводе,duplicate
,предложение о покупке платья за 100 руб,покупка платья за 100 рублей,duplicate
,празднование Рождества,Рождественский сочельник и его празднование,not_duplicate
,закрытие парка досрочно,закрытие парка в неурочное время,duplicate
,труд коммунальщиков в экстремальных условиях,труд коммунальщиков в экстренных условиях,duplicate
,перебои с электричеством,частые перебои с электричеством,duplicate
,состояние железнодорожной инфраструктуры,железнодорожная инфраструктура,duplicate
,кинопремьера Одесия,концерт группы «ИНДИИД»,not_duplicate
,падение дерева,падающие деревья,duplicate
,реклама,рекламная акция,similar_not_duplicate
,состояние дорог после уборки снега,состояние дорог после снегопада,not_duplicate
,концерт Филиппа Киркорова,кинопремьера Одесия,not_duplicate
,реализация проекта метро в Краснодаре,строительство метро в Краснодаре,duplicate
,страшное ДТП,Жёсткое ДТП,duplicate
,запирание в парке беременной девушки,запирание беременной в парке,duplicate
,распространение искусственного интеллекта,внедрение искусственного интеллекта,not_duplicate
,способ уборки мусора,уборка мусора,not_duplicate
,ДТП с жертвами детей,ДТП с погибшими детьми,duplicate
,помойка после НГ,уборка после НГ,not_duplicate
,концерт Ленинграда,спектакли Московского театра,not_duplicate
,бездействие властей,бездействие властей/бригад,duplicate
,качество продукции,товар качество,duplicate
,событие в ресторане,мероприятие в ресторане,duplicate
,процесс возврата товара,процедура возврата товара,duplicate
,ДТП с погибшими детьми,гибель детей в ДТП,duplicate
,рост цен на продукты,повышение цен на продукты питания,duplicate
,порывы ветра,ветер,similar_not_duplicate
,выступление Деда Мороза с песней,пение Деда Мороза,duplicate
,поведение общества,общество и его поведение,duplicate
,решение проблемы вывоза мусора,проблема вывоза мусора,not_duplicate
,состояние дорог в Челябинской области,дорожная обстановка в Челябинской области,duplicate
,задержка поездов,задержки пассажирских поездов,not_duplicate
,чистка карманов на дорогах,чистка дорог в карманах,duplicate
,работа администрации города,работа мэрии,duplicate
,поведение Трампа,поведение Дональда Трампа,duplicate
,Рождественская служба,Рождественские богослужения,duplicate
,состояние дорог после таяния снега,состояние дорог после уборки снега,not_duplicate
,поджог детей,сжигание детей,duplicate
,питание ребенка,детское питание,not_duplicate
,введение ГОСТа на шаурму,внедрение ГОСТа на шаурму,duplicate
,обучение пенсионеров удалёнке,удалённое обучение пенсионеров,duplicate
,прикорм у детей,прикорм для детей,duplicate
,судебное решение,решение суда,duplicate
,действия полиции,поведение полиции,not_duplicate
,точность данных о рождаемости,точность статистики рождаемости,duplicate
,задержки пассажирских поездов,задержка поезда и условия для пассажиров,not_duplicate
,исполнение Филиппа Киркорова,деятельность Филиппа Киркорова,similar_not_duplicate
,информация о беспилотниках,получение информации о беспилотниках,duplicate
,стоимость свадьбы,средние затраты на свадьбу,not_duplicate
,закон о штрафах за тонировку,новый закон о штрафах за тонировку,duplicate
,информация в посте,информация из поста,duplicate
,метод уборки снега,уборка снега грейдером,not_duplicate
,расположение выставки,место проведения выставки,duplicate
,Участие Филиппа Киркорова в концерте,Филипп Киркоров на концерте,duplicate
,ситуация с уборкой мусора,уборка мусора,duplicate
,дорога Ростов-Семикаракорск-Волгодонск,состояние дороги Ростов-Волгодонск,not_duplicate
,ремонт летающей тарелки,реставрация летающей тарелки,duplicate
,посыпание дорог зимой,состояние дорог зимой,not_duplicate
,концерт Филиппа Киркорова,первая часть фильма Чебурашка,not_duplicate
,затраты на свадьбу,средние затраты на свадьбу,not_duplicate
,ДТП на Базовом переулке,авария на Базовом переулке,duplicate
,ДТП,Жёсткое ДТП,duplicate
,повышение цен на продукты,повышение цен на продукты питания,duplicate
,погибшие в ДТП,ДТП с погибшими,duplicate
,уборка снега,метод уборки снега,not_duplicate
,действия чиновников,меры чиновников,duplicate
,дорожно-транспортное происшествие,ДТП на трассе,not_duplicate
,кассовые сборы фильма «Чебурашка 2»,рекорд кассовых сборов фильма «Чебурашка 2»,duplicate
,празднование Рождества,рождественские мероприятия,duplicate
,ДТП под Нижним Тагилом,смертельное ДТП под Нижним Тагилом,duplicate
,контактный зоопарк,контактный зоопарк специализация на хаски,duplicate
,продажа просроченных продуктов,продажа просроченных товаров,not_duplicate
,правовая защита женщин при разводе,правовые гарантии женщин при разводе,duplicate
,отсутствие электричества в районе,отсутствие электричества в населенных пунктах,not_duplicate
,повышение цен на товары,частое повышение цен на товары,not_duplicate
,введение штрафов за тонировку,новые штрафы за тонировку,duplicate
,информация о мониторинге береговой линии,мониторинг береговой линии,not_duplicate
,дорожная обстановка,дорожная ситуация,duplicate
,состояние трассы Ростов-Семикаракорск,состояние дороги Ростов-Волгодонск,not_duplicate
,призыв к подписке,призыв подписаться,duplicate
,место аварии,место инцидента,duplicate
,национальный проект ремонта школ,ремонт школы в рамках национального проекта,not_duplicate
,дорожная обстановка в Челябинской области,состояние дорог в Челябинске,not_duplicate
,введение ГОСТа на шаурму,введение ГОСТа на шаверму,duplicate
,дорожно-транспортное происшествие,авария на трассе,not_duplicate
,чистка Екатеринбурга от снега,чистка снега в Екатеринбурге,duplicate
,рассказ о пожизненно осужденных,рассказы о пожизненном заключении,not_duplicate
,электричество в ЖК Вест-Сайд,электроснабжение ЖК Вест-Сайд,duplicate
,введение штрафов за тонировку,закон о штрафах за тонировку,duplicate
,чистка карманов дорог,чистка дорог в карманах,duplicate
,количество сбитых БПЛА,количество перехваченных БПЛА,not_duplicate
,проблема с вывозом мусора,решение проблемы вывоза мусора,not_duplicate
,рекламный призыв,рекламная акция,not_duplicate
,расходы на свадьбу,средние затраты на свадьбу,not_duplicate
,поведение водителей,поведение водителя (Акцента),not_duplicate
,ДТП,ситуация ДТП,duplicate
,состояние трассы Ростов-Семикаракорск,состояние трассы Ростов-Волгодонск,not_duplicate
,смертельное ДТП на дороге,смертельное ДТП,duplicate
,ситуация в регионе,обстановка в регионе,duplicate
,концерт Киркорова,концерт Ленинграда,not_duplicate
,кинопремьера Одесия,концерт Ленинграда,not_duplicate
,соблюдение закона о тишине,закон о тишине,similar_not_duplicate
,фашизм в России,Россия как фашистская страна,duplicate
,проект строительства метро в Краснодаре,строительство метро на ул.Крупской,not_duplicate
,проект Нового Краснодара,реализация проекта Нового Краснодара,duplicate
,концерт Филиппа Киркорова,концерт Ленинграда,not_duplicate
,закрытие парков на ночь,закрытие парка ночью,duplicate
,реклама в канале,реклама каналов,not_duplicate
,закрытие парка в неурочное время,закрытие парка до официального времени,duplicate
,досрочное закрытие парка Пушкина,закрытие парка Пушкина,duplicate
,повышение цен на питьевую воду,повышение цен на воду,not_duplicate
,Рождество Христово (праздник),празднование Рождества Христова,duplicate
,расписание транспорта на Рождество,расписание общественного транспорта на Рождество,duplicate
,состояние тротуаров,состояние дорог и тротуаров,not_duplicate
,безопасность улицы Красноармейская,меры безопасности на улице Красноармейской,not_duplicate
,воспитание детей,подход к воспитанию детей,not_duplicate
,ДТП с погибшими детьми,ДТП с погибшими детьми и взрослыми,not_duplicate
,роль СМИ в освещении проблем,освещение проблемы через СМИ,duplicate
,состояние дорог,состояние дорог и тротуаров,not_duplicate
,предложение помощи подруге,помощь подруге,not_duplicate
,работа коммунальщиков в экстремальных условиях,труд коммунальщиков в экстренных условиях,duplicate
,строительство Калины,строительство развязки у Калины,not_duplicate
,статистика ДТП по возрасту водителей,статистика ДТП с пожилыми водителями,not_duplicate
,рекламный призыв,реклама,similar_not_duplicate
,мебельная компания,деятельность мебельной компании,similar_not_duplicate
,дорожно-транспортная ситуация,дорожная ситуация,duplicate
,дорога Ростов-Семикаракорск-Волгодонск,состояние трассы Ростов-Семикаракорск,not_duplicate
,рекламная акция,рекламная кампания,duplicate
,поведение водителей,поведение водителей на дороге,similar_not_duplicate
,качество дорожных работ,качество работ по обслуживанию дороги,not_duplicate
,размер штрафа за нарушение тонировки,штраф за нарушение тонировки,duplicate
,строительство ЖК Вест-Сайд,электричество в ЖК Вест-Сайд,not_duplicate
,место аварии,Место ДТП,duplicate
,детские игры 90-х,детские игры/забавы 80-х/90-х,not_duplicate
,ДТП с погибшими,смертельное ДТП,duplicate
,вырубленный свет,перебои со светом,duplicate
,первая часть фильма Чебурашка,концерт группы «ИНДИИД»,not_duplicate
,поведение агрессора,агрессивное поведение,duplicate
,электроснабжение ЖК Вест-Сайд,падение обломков БПЛ,not_duplicate
,концерт Ленинграда,характеристика глав субъектов РФ,not_duplicate
,применение статьи УК РФ,применение УК РФ,duplicate
,ЖК Вест-Сайд,концерт группы «ИНДИИД»,not_duplicate
,опасность из-за атаки беспилотников,угроза беспилотной опасности,duplicate
,концерт Филиппа Киркорова,концерт группы «ИНДИИД»,not_duplicate
,закрытие ресторана Бен Холл,электроснабжение ЖК Вест-Сайд,not_duplicate
,атеизм как мировоззрение,атеизм как форма веры,not_duplicate
,обязательная медиация перед разводом,обязательная процедура медиации при разводе,duplicate
,обязательная медиация при разводе,медиация при разводе,not_duplicate
,новое правило о штрафах за тонировку,новые штрафы за тонировку,duplicate
,Новый Краснодар и транспортная инфраструктура,транспортная инфраструктура Краснодара,not_duplicate
,закрытие ресторана Бен Холл,концерт группы «ИНДИИД»,not_duplicate
,поведение водителей на дороге,поведение водителей за рулем,duplicate
,работа медиков скорой помощи,работа скорой помощи,duplicate
,решение проблемы вывоза мусора,решение проблемы мусора,duplicate
,высокие затраты на свадьбу,затраты на свадьбу,duplicate
,автомобильный инцидент,происшествие с машиной,duplicate
,влияние фастфуда на мозг,фастфуд и его вред для мозга,duplicate
,причина пожара на 25-м этаже,пожар на 25-м этаже,not_duplicate
,меры безопасности,обеспечение безопасности,duplicate
,реклама,наличие рекламы,duplicate
,первая часть фильма Чебурашка,фильм Волшебник Изумрудного города,not_duplicate
,поведение нарушающих ПДД,поведение нарушителей ПДД,duplicate
,введение штрафов за тонировку,введение новых штрафов за тонировку,duplicate
,электроснабжение ЖК Вест-Сайд,концерт группы «ИНДИИД»,not_duplicate
,кинопремьера Одесия,первая часть фильма Чебурашка,not_duplicate
,новое правило о штрафах за тонировку,введение штрафов за тонировку,duplicate
,электроснабжение ЖК Вест-Сайд,первая часть фильма Чебурашка,not_duplicate
,электричество в ЖК Вест-Сайд,перебои с электричеством в ЖК Вест-Сайд,similar_not_duplicate
,взяточничество - действия власти,действия властей/коррупция,duplicate
,поведение автора комментария,поведение автора комментария (сохранение стихов),similar_not_duplicate
,избиение девушки,факт избиения девушки,duplicate
,городской общественный транспорт,общественный транспорт,not_duplicate
,место происшествия,место инцидента,duplicate
,Филипп Киркоров,деятельность Филиппа Киркорова,similar_not_duplicate
,кинопремьера Одесия,характеристика глав субъектов РФ,not_duplicate
,Геополитическая ситуация в Гренландии,политическая ситуация вокруг Гренландии,duplicate
,захват Гренландии США,возможный захват Гренландии США,not_duplicate
,мероприятие Деда Мороза,песня Деда Мороза,similar_not_duplicate
,закрытие ресторана Бен Холл,строительство ЖК Вест-Сайд,not_duplicate
,угроза атаки БПЛА,опасность атаки БПЛА,duplicate
,кинопремьера Одесия,концерт Киркорова,not_duplicate
,концерт Филиппа Киркорова,управление Нового Краснодара,not_duplicate
,повышение цен/эксплуатация,повышение цен,not_duplicate
,ДТП с погибшими,смертельный исход ДТП,duplicate
,поведение участников ДТП,поведение жертв ДТП,not_duplicate
,Не указан четко,Не указано явно,duplicate
,работа коммунальщиков в экстремальных условиях,работа коммунальных служб в экстремальных условиях,duplicate
,Крым,Крым чей,similar_not_duplicate
,современное искусство,новое направление современного искусства,not_duplicate
,религиозное событие,религиозное мероприятие,duplicate
,действия пожарных по тушению,работа пожарных,similar_not_duplicate
,введение новых штрафов за тонировку,новый закон о штрафах за тонировку,duplicate
,свадьба как мероприятие,проведение свадебных торжеств,duplicate
,действия спасателей,помощь спасателей,duplicate
,первая часть фильма Чебурашка,пересъемка старых фильмов/сказок,not_duplicate
,мусор на контейнерной площадке,состояние мусорных контейнеров,not_duplicate
,концерт Ленинграда,концерт группы «ИНДИИД»,not_duplicate
,кинопремьера Одесия,электроснабжение ЖК Вест-Сайд,not_duplicate
,наказание за оскорбление губернатора,судебное решение - наказание за оскорбление губернатора,duplicate
,проблема с чисткой проездов в карманах,чистка проездов в карманах,not_duplicate
,концерт Киркорова,управление Нового Краснодара,not_duplicate
,действия зацеперов,деятельность зацеперов,duplicate
,характеристика глав субъектов РФ,концерт группы «ИНДИИД»,not_duplicate
,концерт Ленинграда,ЖК Вест-Сайд,not_duplicate
,концерт Филиппа Киркорова,электроснабжение ЖК Вест-Сайд,not_duplicate
,электроснабжение ЖК Вест-Сайд,характеристика глав субъектов РФ,not_duplicate
,работа системы блокировки ботов,блокировка ботов,duplicate
,чистка карманов на улице Ленина,очистка проездов в карманах на улице Ленина,duplicate
,новое правило о штрафах за тонировку,новый закон о штрафах за тонировку,duplicate
,действия полиции,действия полиции/властей,duplicate
,ледовый городок Екатеринбурга,ледовый рокерский городок Екатеринбурга,not_duplicate
,сбитие беспилотников,сбитый беспилотник,not_duplicate
,сериал Полиция Дели,концерт группы «ИНДИИД»,not_duplicate
,работа автора,деятельность автора,duplicate
,долг за лечение и хранение тела,долг за лечение и тело,duplicate
,поведение женщины,поведение женщины в ПВЗ,similar_not_duplicate
,выбросы мазута на побережье,загрязнение мазутом побережья,duplicate
,поведение водителей,поведение водителей (ДТП),similar_not_duplicate
,время начала причастия в храме,время проведения причастия в храме,duplicate
,ЖК Вест-Сайд,характеристика глав субъектов РФ,not_duplicate
,меры по улучшению безопасности на дорогах,безопасность на дорогах,not_duplicate
,энергоснабжение населенных пунктов,энергоснабжение в районе,not_duplicate
,управление Нового Краснодара,характеристика глав субъектов РФ,not_duplicate
,ДТП с жертвами детей,гибель детей в ДТП,duplicate
,высокая стоимость свадьбы,затраты на свадьбу,duplicate
,строительство ЖК Вест-Сайд,концерт группы «ИНДИИД»,not_duplicate
,сбитые беспилотники в Башкирии,сбитые беспилотники над Башкирией,duplicate
,концерт Ленинграда,первая часть фильма Чебурашка,not_duplicate
,работа пенсионеров на удалёнке,работа пенсионеров,not_duplicate
,уборка снега,уборка снега грейдером,not_duplicate
,высокая стоимость свадьбы,стоимость свадьбы,duplicate
,участие в концерте Киркорова,концерт Киркорова,duplicate
,ограничения мобильной связи,ограничения мобильного интернета,not_duplicate
,поджог кустов детьми,сжигание детей,not_duplicate
,туристический наплыв в Москву,наплыв туристов в Москву,duplicate
,строительство ЖК Вест-Сайд,первая часть фильма Чебурашка,not_duplicate
,повторяющиеся проблемы ЖК Вест-Сайд,проблемы в ЖК Вест-Сайд,not_duplicate
,сериал Полиция Дели,первая часть фильма Чебурашка,not_duplicate
,новогодние праздники,празднование Рождества и Нового года,not_duplicate
,мероприятие Филиппа Киркорова,концерт Филиппа Киркорова,similar_not_duplicate
,действия инспекторов ГИБДД,концерт группы «ИНДИИД»,not_duplicate
,выбор красивой даты для свадьбы,выбор дат для свадеб,not_duplicate
,застройка в Краснодаре,строительство в Новом Краснодаре,not_duplicate
,пропажа Милы Яковлевой,пропажа Милены Яковлевой,duplicate
,ДТП,страшное ДТП,duplicate
,Рождество Христово,празднование Рождества Христова,duplicate
,кинопремьера Одесия,"сериал «Клуб», Вася",not_duplicate
,выступление Деда Мороза,пение Деда Мороза,similar_not_duplicate
,новое правило о штрафах за тонировку,закон о штрафах за тонировку,duplicate
,"сериал «Клуб», Вася",концерт группы «ИНДИИД»,not_duplicate
,безопасность в ДТП,безопасность пассажиров в ДТП,not_duplicate
,работа администрации города,действия администрации города,duplicate
,поведение аудитории,поведение публики,duplicate
,концерт Филиппа Киркорова,характеристика глав субъектов РФ,not_duplicate
,строительство дорожной развязки,строительство дорог и развязок,not_duplicate
,повышение цен/эксплуатация,рост цен,not_duplicate
,установка камер в раздевалках,камеры в раздевалках,duplicate
,выступление Деда Мороза с песней,выступление Деда Мороза,similar_not_duplicate
,метод сбора мусора,уборка мусора,similar_not_duplicate
,метод сбора мусора,способ уборки мусора,duplicate
,новые шумозащитные конструкции,шумозащитные конструкции,not_duplicate
,поджог кустов детьми,поджог детей,not_duplicate
,деревья прилегающие к проводам,дерево на проводах,not_duplicate
,счет за квартиру,счет за квартплату,duplicate
,новое правило о медиаторах при разводе,новое правило с медиаторами при разводе,duplicate
,повышение цен,повышение цен на товары,not_duplicate
,поведение автора,поведение автора (водителя),similar_not_duplicate
,выбор красивой даты для свадьбы,выбор даты свадьбы,duplicate
,посещение концерта Филиппа Киркорова,Участие Филиппа Киркорова в концерте,not_duplicate
,штрафы за неправильную тонировку,штраф за нарушение тонировки,duplicate
,Рождественский Сочельник,Рождественский сочельник и его празднование,duplicate
,состояние дорог,условия на дорогах,duplicate
,поведение детей,поведение детей (вредительство),similar_not_duplicate
,закрытие ресторана Бен Холл,первая часть фильма Чебурашка,not_duplicate
,состояние дороги во время ремонта,ремонт дороги,not_duplicate
,страшное ДТП,смертельное ДТП,duplicate
,метод сбора мусора,Метод утилизации мусора,not_duplicate
,отключение электричества в ЖК Вест-Сайд,Проблемы ЖК Вест-Сайд,not_duplicate
,цены на билеты,ценник на билеты,duplicate
,расходы на свадьбу,высокие затраты на свадьбу,duplicate
,состояние здоровья автора поста,здоровье автора поста,duplicate
,Действия по защите побережья от мазута,меры защиты побережья,duplicate
,дорожная безопасность,меры по улучшению безопасности на дорогах,not_duplicate
,кинопремьера Одесия,ЖК Вест-Сайд,not_duplicate
,дорожно-транспортное происшествие,Жёсткое ДТП,duplicate
,прикорм у детей,детское питание,not_duplicate
,поведение властей,действия властей,duplicate
,ситуация в ЖК Вест-Сайд,проблемы в ЖК Вест-Сайд,duplicate
,строительство ЖК Вест-Сайд,характеристика глав субъектов РФ,not_duplicate
,причина смерти - лихорадка денге,смерть от лихорадки денге,duplicate
,рекламная акция,наличие рекламы,not_duplicate
,поведение участников ДТП,поведение водителей в ДТП,not_duplicate
,ретро-вещи 80-х и 90-х,ретро-вещи 80-х/90-х,duplicate
,участие в церковных мероприятиях,участие в богослужении,not_duplicate
,электричество в ЖК Вест-Сайд,Проблемы ЖК Вест-Сайд,not_duplicate
,Рождество Христово,канун Рождества Христова,not_duplicate
,мероприятие Филиппа Киркорова,концерт Киркорова,similar_not_duplicate
,проблемы с мобильной связью,проблемы с мобильным интернетом,not_duplicate
,повышение цен/эксплуатация,повышение цен на товары,not_duplicate
,Пожар в квартире,пожар в квартире - местоположение,duplicate
,электроснабжение ЖК Вест-Сайд,действия инспекторов ГИБДД,not_duplicate
,наплыв туристов в Сочи,наплыв туристов в Сочи зимой,not_duplicate
,состояние льда,состояние ледового городка,not_duplicate
,работоспособность камер видеонаблюдения,эффективность камер видеонаблюдения,duplicate
,концерт Киркорова,первая часть фильма Чебурашка,not_duplicate
,состояние тротуаров на улице Автолюбителей,состояние тротуаров на Автолюбителей,duplicate
,количество ДТП,частота ДТП,not_duplicate
,вывоз мусора,проблема вывоза мусора,not_duplicate
,действия инспекторов ГИБДД,характеристика глав субъектов РФ,not_duplicate
,стоимость билетов,ценник на билеты,duplicate
,маркетинговая кампания,рекламная кампания,not_duplicate
,проект строительства метро в Краснодаре,строительство метро в Новознаменскую,not_duplicate
,поведение автора поста,действия автора поста,duplicate
,новые штрафы за тонировку,новый закон о штрафах за тонировку,duplicate
,ледовый городок,состояние ледового городка,duplicate
,загрязнение речки Белекес,сброс нечистот в реку Белекес,duplicate
,удалённое обучение пенсионеров,программа обучения пенсионеров удалёнке,duplicate
,распределение подарков детям,получение подарков детьми,duplicate
,концерт Ленинграда,строительство ЖК Вест-Сайд,not_duplicate
,обучение пенсионеров удалёнке,программа обучения пенсионеров удалёнке,duplicate
,организация сбора мусора,организация вывоза мусора,duplicate
,политика РФ по нерабочим дням,политика РФ,not_duplicate
,смертельное ДТП на дороге,смертельный исход ДТП,duplicate
,условия на дорогах,дорожная обстановка,duplicate
,поведение сотрудников,поведение сотрудников УК,not_duplicate
,сбитие беспилотников,взрывы беспилотников,not_duplicate
,концерт Филиппа Киркорова,"титул ""Поп-король"" Филиппа Бедросовича",not_duplicate
,задержка поездов,Железнодорожные задержки,duplicate
,действия электриков,поведение электриков,duplicate
,рекламный призыв,наличие рекламы,not_duplicate
,существование Деда Мороза как символа праздника,Дед Мороз как символ,duplicate
,решение проблемы вывоза мусора,Ситуация с вывозом мусора,not_duplicate
,первая часть фильма Чебурашка,падение обломков БПЛ,not_duplicate
,ситуация в Башкирии,обстановка в Башкирии,duplicate
,состояние дорог в Челябинской области,качество дорог в Челябинской области,duplicate
,отключение электричества в районе,отсутствие электричества в районе,duplicate
,угроза безопасности,безопасность при угрозе,duplicate
,исполнение Филиппа Киркорова,стиль Филиппа Киркорова,not_duplicate
,участие водителя в конкурсе Голос Стерли,концерт группы «ИНДИИД»,not_duplicate
,выполнение обещаний чиновников,реализация обещаний властей,duplicate
,применение УК РФ,характеристика глав субъектов РФ,not_duplicate
,действия украинцев по применению дронов,использование украинских беспилотников,duplicate
,горнолыжный курорт,отдых в горнолыжных курортах,similar_not_duplicate
,закрытие ресторанов,рестораны (закрываются),duplicate
,концерт Филиппа Киркорова,спектакли Московского театра,not_duplicate
,парковка во дворах,парковка автомобилей во дворах,duplicate
,знания об истории СССР,история СССР,not_duplicate
,закрытие ресторана Бен Холл,ЖК Вест-Сайд,not_duplicate
,сериал Полиция Дели,фильм Волшебник Изумрудного города,not_duplicate
,"титул ""Поп-король"" Филиппа Бедросовича",концерт группы «ИНДИИД»,not_duplicate
,Участие в концерте ЛЮБЭ,концерт поп-короля,not_duplicate
,повышение цен на товары,рост цен,not_duplicate
,ситуация ДТП,Жёсткое ДТП,duplicate
,предложение квартир в ЖК,покупка квартиры в ЖК Ривьера,not_duplicate
,характеристика глав субъектов РФ,спектакли Московского театра,not_duplicate
,судебное наказание за мошенничество,наказание за мошенничество,duplicate
,действия чиновников,поведение чиновников,duplicate
,концерт Филиппа Киркорова,концерт поп-короля,duplicate
,введение штрафов за тонировку,новый закон о штрафах за тонировку,duplicate
,призыв подписаться,предложение подписаться,duplicate
,строительство ЖК Вест-Сайд,действия инспекторов ГИБДД,not_duplicate
,выступление Филиппа Киркорова,исполнение Филиппа Киркорова,duplicate
,строительство ЖК Вест-Сайд,пересъемка старых фильмов/сказок,not_duplicate
,ЖК Вест-Сайд,первая часть фильма Чебурашка,not_duplicate
,сериал Полиция Дели,действия инспекторов ГИБДД,not_duplicate
,эффективность ремней безопасности,использование ремней безопасности,not_duplicate
,строительство метро на ул.Крупской,строительство метро в Новознаменскую,not_duplicate
,опыт посещения кинотеатра,посещение кинотеатра,duplicate
,работа по вывозу мусора,работа компании по вывозу мусора,not_duplicate
,деятельность Филиппа Киркорова,стиль Филиппа Киркорова,not_duplicate
,действия спасателей,работа спасателей,duplicate
,кинопремьера Одесия,строительство ЖК Вест-Сайд,not_duplicate
,беспилотники,перехват беспилотников,similar_not_duplicate
,правовая защита женщин при разводе,права женщин при разводе,duplicate
,способ уборки мусора,ситуация с уборкой мусора,not_duplicate
,новые штрафы за тонировку,увеличение штрафов за тонировку,not_duplicate
,сиквел Короля и Шута,пересъемка старых фильмов/сказок,not_duplicate
,введение ГОСТа на шаверму,внедрение ГОСТа на шаурму,duplicate
,дорожная обстановка,дорожное движение,not_duplicate
,кинопремьера Одесия,спектакли Московского театра,not_duplicate
,безопасность горки,безопасность на горке,duplicate
,сериал Полиция Дели,электроснабжение ЖК Вест-Сайд,not_duplicate
,карьера Бритни Спирс,концерт группы «ИНДИИД»,not_duplicate
,кассовые сборы фильма «Чебурашка 2»,первая часть фильма Чебурашка,not_duplicate
,действия инспекторов ГИБДД,падение обломков БПЛ,not_duplicate
,первая часть фильма Чебурашка,характеристика глав субъектов РФ,not_duplicate
,концерт Филиппа Киркорова,строительство ЖК Вест-Сайд,not_duplicate
,дорожно-транспортное происшествие,смертельное ДТП на дороге,not_duplicate
,контент без искусственного интеллекта,контент без ИИ,duplicate
,угроза беспилотной опасности,объявление беспилотной опасности,similar_not_duplicate
,концерт Филиппа Киркорова,падение обломков БПЛ,not_duplicate
,дроновое нападение,беспилотная атака,duplicate
,электроснабжение ЖК Вест-Сайд,фильм Волшебник Изумрудного города,not_duplicate
,Отсутствие электричества у Зазулина,отключение электроэнергии в Зазулине,duplicate
,состояние дороги Ростов-Волгодонск,состояние трассы Ростов-Волгодонск,duplicate
,электроснабжение ЖК Вест-Сайд,пересъемка старых фильмов/сказок,not_duplicate
,способ уничтожения беспилотников,уничтожение беспилотников ПВО,not_duplicate
,состояние трассы Ростов-Волгодонск,управление Нового Краснодара,not_duplicate
,взрывы над Стерлитамаком,взрывы в Стерлитамаке,duplicate
,фильм Волшебник Изумрудного города,пересъемка старых фильмов/сказок,not_duplicate
,качество воды,поведение УК и качество воды,not_duplicate
,гибель ребенка и женщины в ДТП,страшное ДТП с ребенком и женщиной,duplicate
,работа в GSB,работа в GSB на Хвойной,not_duplicate
,концерт Филиппа Киркорова,состояние трассы Ростов-Волгодонск,not_duplicate
,беспилотники,фиксация беспилотных летательных аппаратов,similar_not_duplicate
,парковка автомобилей во дворах,парковка машин на газоне,not_duplicate
,строительство ЖК Вест-Сайд,падение обломков БПЛ,not_duplicate
,фильм Рождество на двоих,мероприятие Деда Мороза,not_duplicate
,качество отечественного кино,качество фильма/сериала,not_duplicate
,ДТП с жертвами детей,ДТП с погибшими детьми и взрослыми,not_duplicate
,поведение родителей,поведение родителей ребенка,not_duplicate
,состояние дороги от Магнитогорска до Челябинска,состояние дорог в Челябинской области,not_duplicate
,кинопремьера Одесия,управление Нового Краснодара,not_duplicate
,концерт Филиппа Киркорова,ЖК Вест-Сайд,not_duplicate
,концерт Филиппа Киркорова,концерт SCORPIONS в Ростове,not_duplicate
,пение Деда Мороза,песня Деда Мороза,duplicate
,"сериал «Клуб», Вася",первая часть фильма Чебурашка,not_duplicate
,Жёсткое ДТП,смертельное ДТП,duplicate
,участие в концерте,сцена на концерте,not_duplicate
,Джефф Миллз,ЖК Вест-Сайд,not_duplicate
,рождение детей,рождаемость детей,duplicate
,организация вывоза мусора,работа компании по вывозу мусора,not_duplicate
,расходы на свадьбу,высокая стоимость свадьбы,duplicate
,празднование Рождества,рождественские традиции/колядование,not_duplicate
,сбитый беспилотник,перехват беспилотников,not_duplicate
,реклама,рекламная кампания,similar_not_duplicate
,концерт Ленинграда,электроснабжение ЖК Вест-Сайд,not_duplicate
,рождественские традиции/колядование,Рождественский сочельник и его празднование,not_duplicate
,первая часть фильма Чебурашка,спектакли Московского театра,not_duplicate
,концерт Киркорова,характеристика глав субъектов РФ,not_duplicate
,атака украинских беспилотников,перехват украинских беспилотников,not_duplicate
,концерт Филиппа Киркорова,"сериал «Клуб», Вася",not_duplicate
,работа общественного транспорта на Рождество,работа общественного транспорта в рождественскую ночь,not_duplicate
,меры защиты побережья,эффективность защиты побережья,not_duplicate
,реакция на аварию,реакция на происшествие,duplicate
,концерт Филиппа Киркорова,сериал Полиция Дели,not_duplicate
,концерт поп-короля,концерт Ленинграда,not_duplicate
,страшное ДТП,смертельное ДТП на дороге,duplicate
,кинопремьера Одесия,сериал Полиция Дели,not_duplicate
,новая система медиации при разводе,новое правило медиации при разводе,duplicate
,вывоз мусора,Ситуация с вывозом мусора,not_duplicate
,действия инспекторов ГИБДД,первая часть фильма Чебурашка,not_duplicate
,качество дорог,качество дорожных работ,not_duplicate
,электроснабжение ЖК Вест-Сайд,управление Нового Краснодара,not_duplicate
,закрытие ресторана Бен Холл,Джефф Миллз,not_duplicate
,закрытие парка досрочно,закрытие территории парка,not_duplicate
,отключение электричества в ЖК Вест-Сайд,электроснабжение ЖК Вест-Сайд,similar_not_duplicate
,спасение домашних животных в Судже,спасение животных в Судже,similar_not_duplicate
,концерт Киркорова,спектакли Московского театра,not_duplicate
,сериал Полиция Дели,пересъемка старых фильмов/сказок,not_duplicate
,количество камер,количество камер видеофиксации,not_duplicate
,инцидент на Красноармейской,происшествие в Краснодаре,not_duplicate
,использование ремней безопасности в ДТП,использование ремней и кресел в ДТП,not_duplicate
,поведение администрации,действия администрации,duplicate
,концерт поп-короля,сериал Полиция Дели,not_duplicate
,ДТП и его последствия,тяжелые последствия аварии,duplicate
,вывоз мусора,работа по вывозу мусора,duplicate
,обязательная медиация перед разводом,медиация при разводе,not_duplicate
,концерт Ленинграда,управление Нового Краснодара,not_duplicate
,ударение в словах,местечковые слова,not_duplicate
,ЖК Вест-Сайд,электричество в ЖК Вест-Сайд,similar_not_duplicate
,повышение цен/эксплуатация,повышение цен/НДС,not_duplicate
,Действия пожарных при тушении пожара,работа пожарных,similar_not_duplicate
,эвакуация при пожаре,эвакуация из многоэтажки при пожаре,not_duplicate
,ДТП с погибшими детьми и взрослыми,гибель детей в ДТП,not_duplicate
,Удары украинскими беспилотниками,перехват украинских беспилотников,not_duplicate
,концерт SCORPIONS в Ростове,спектакли Московского театра,not_duplicate
,пересъемка старых фильмов/сказок,концерт группы «ИНДИИД»,not_duplicate
,призыв к отправке эксклюза,призыв к отправке эксклюзива,duplicate
,ценники на товары,цены на товары,duplicate
,концерт поп-короля,пересъемка старых фильмов/сказок,not_duplicate
,закрытие ресторана Бен Холл,падение обломков БПЛ,not_duplicate
,вывоз мусора,проблема с вывозом мусора,not_duplicate
,строительство ЖК Вест-Сайд,фильм Волшебник Изумрудного города,not_duplicate
,концерт поп-короля,первая часть фильма Чебурашка,not_duplicate
,концерт Филиппа Киркорова,фильм Волшебник Изумрудного города,not_duplicate
,состояние дорог в Челябинске,качество дорог в Челябинской области,not_duplicate
,карьера Бритни Спирс,кинопремьера Одесия,not_duplicate
,падение обломков БПЛ,характеристика глав субъектов РФ,not_duplicate
,Дед Мороз,выступление Деда Мороза,similar_not_duplicate
,закрытие ресторана Бен Холл,кинопремьера Одесия,not_duplicate
,фильм Волшебник Изумрудного города,концерт группы «ИНДИИД»,not_duplicate
,закрытие ресторана Бен Холл,фильм Волшебник Изумрудного города,not_duplicate
,строительство шумозащитных конструкций,шумозащитные конструкции,not_duplicate
,сиквел Короля и Шута,первая часть фильма Чебурашка,not_duplicate
,действия администрации города,действия муниципалитета,duplicate
,концерт поп-короля,концерт группы «ИНДИИД»,not_duplicate
,наличие электрического органа в отеле,электрический орган в отеле,duplicate
,концерт Киркорова,концерт группы «ИНДИИД»,not_duplicate
,Беспилотная опасность,объявление беспилотной опасности,similar_not_duplicate
,помощь спасателей,работа спасателей,duplicate
,поведение участников ДТП,поведение водителей после аварии,not_duplicate
,действия силовиков при проверке ресторана,проверка ресторанов силовиками,duplicate
,состояние Екатеринбурга,Екатеринбург,duplicate
,поведение водителей в ДТП,поведение водителей после аварии,not_duplicate
,Рождественский сочельник и его празднование,рождественские мероприятия,not_duplicate
,свадьба как мероприятие,свадьбы как явление,duplicate
,выступление Филиппа Киркорова,деятельность Филиппа Киркорова,similar_not_duplicate
,концерт SCORPIONS в Ростове,состояние трассы Ростов-Волгодонск,not_duplicate
,состояние трассы Ростов-Волгодонск,характеристика глав субъектов РФ,not_duplicate
,содержание поста,текст поста,duplicate
,концерт Ленинграда,концерт SCORPIONS в Ростове,not_duplicate
,поведение водителя во время ДТП,поведение участников ДТП,not_duplicate
,Железнодорожное полотно повреждено,повреждение железной дороги,duplicate
,сериал Полиция Дели,строительство ЖК Вест-Сайд,not_duplicate
,участие в концерте Киркорова,Участие в концерте ЛЮБЭ,not_duplicate
,закрытие ресторана Бен Холл,пересъемка старых фильмов/сказок,not_duplicate
,состояние шумозащитных конструкций,ненадежность шумозащитных конструкций,not_duplicate
,поведение водителя (Акцента),поведение водителей за рулем,not_duplicate
,поведение автора комментария,действие автора комментария,duplicate
,тонировка автомобиля,применение тонировки к автомобилям,duplicate
,фильм Чебурашка 2,успех фильма Чебурашка 2,duplicate
,рождаемость в Башкирии,рождение детей в Башкирии,duplicate
,строительство ЖК Вест-Сайд,Проблемы ЖК Вест-Сайд,not_duplicate
,предложение работы,предложение работы/подработки,duplicate
,концерт Киркорова,состояние трассы Ростов-Волгодонск,not_duplicate
,поведение гостей на мероприятии,поведение посетителей на вечеринке,not_duplicate
,высокие затраты на свадьбу,стоимость свадьбы,duplicate
,Действия Украины (нападение),действия Украины,similar_not_duplicate
,концерт Филиппа Киркорова,закрытие ресторана Бен Холл,not_duplicate
,первая часть фильма Чебурашка,участие водителя в конкурсе Голос Стерли,not_duplicate
,обрушение крыши,состояние крыш после обвала,not_duplicate
,работа общественного транспорта,общественный транспорт,duplicate
,концерт Ленинграда,применение УК РФ,not_duplicate
,поведение застройщиков (начинают строить),поведение застройщиков,similar_not_duplicate
,Рождество Христово (праздник),канун Рождества Христова,not_duplicate
,концерт поп-короля,строительство ЖК Вест-Сайд,not_duplicate
,качество отечественного кино,отечественное кино,duplicate
,беспилотники,источник беспилотников,similar_not_duplicate
,концерт Киркорова,ЖК Вест-Сайд,not_duplicate
,цена на товары/услуги,цены на товары,not_duplicate
,"титул ""Поп-король"" Филиппа Бедросовича",кинопремьера Одесия,not_duplicate
,ЖК Вест-Сайд,действия инспекторов ГИБДД,not_duplicate
,деятельность ПВЗ,работа ПВЗ,duplicate
,уборка территории,управление уборкой территории,not_duplicate
,характеристика глав субъектов РФ,участие водителя в конкурсе Голос Стерли,not_duplicate
,концерт Киркорова,электроснабжение ЖК Вест-Сайд,not_duplicate
,новое правило правительства о медиаторах при разводе,новое правило о медиаторах при разводе,duplicate
,мероприятие Рождество,рождественские мероприятия,not_duplicate
,концерт поп-короля,ЖК Вест-Сайд,not_duplicate
,закрытие ресторана Бен Холл,действия инспекторов ГИБДД,not_duplicate
,использование украинских беспилотников,беспилотники из Украины,duplicate
,повышение цен/эксплуатация,частое повышение цен на товары,not_duplicate
,смертельное ДТП на дороге,Жёсткое ДТП,duplicate
,рекламный призыв,рекламная кампания,not_duplicate
,покупка квартиры в ЖК Ривьера,продажа квартир в ЖПЭ,not_duplicate
,состояние дорог,дорожная обстановка,duplicate
,ЖК Вест-Сайд,падение обломков БПЛ,not_duplicate
,концерт Киркорова,концерт поп-короля,duplicate
,ДТП в Ростовской области,ДТП на трассе Ростов – Семикаракорск – Волгодонск,not_duplicate
,беспилотная атака,информация о беспилотной атаке,not_duplicate
,восстановление остановки мэрией,действия мэрии по восстановлению остановки,duplicate
,выбор песен Деда Мороза,пение Деда Мороза,not_duplicate
,пересъемка старых фильмов/сказок,падение обломков БПЛ,not_duplicate
,Джефф Миллз,концерт группы «ИНДИИД»,not_duplicate
,отключение электричества в ЖК Вест-Сайд,строительство ЖК Вест-Сайд,not_duplicate
,беспилотники,полет беспилотников,similar_not_duplicate
,концерт Филиппа Киркорова,участие водителя в конкурсе Голос Стерли,not_duplicate
,премьеры в кино,спектакли Московского театра,not_duplicate
,работа по вывозу мусора,вывоз мусора / подрядчик,not_duplicate
,обязательная медиация при разводе,новое правило медиации при разводе,not_duplicate
,поведение водителя во время ДТП,поведение водителей после аварии,not_duplicate
,использование ремней безопасности в ДТП,использование ремней безопасности,similar_not_duplicate
,закрытие парка досрочно,закрытие парка до официального времени,duplicate
,ДТП,Место ДТП,not_duplicate
,дорожно-транспортное происшествие,ДТП,duplicate
,погибшие в ДТП,смертельное ДТП,duplicate
,безопасность пассажиров в ДТП,меры безопасности в ДТП,not_duplicate
,праздничное настроение,праздничная атмосфера,duplicate
,Джефф Миллз,строительство ЖК Вест-Сайд,not_duplicate
,действия полиции,реакция полиции,duplicate
,действия полиции/властей,поведение полиции,not_duplicate
,поведение автора,поведение автора и зацеперов,not_duplicate
,свадьбы как показуха,свадьбы как явление,not_duplicate
,концерт Киркорова,концерт SCORPIONS в Ростове,not_duplicate
,рождаемость в Башкирии,рождаемость в Башкортостане,duplicate
,рождественские традиции/колядование,рождественские мероприятия,not_duplicate
,ракетная опасность,объявление о ракетной опасности,similar_not_duplicate
,обсуждение красивых дат для свадьбы,выбор красивой даты для свадьбы,not_duplicate
,ЖК Вест-Сайд,МУП 'СТЭ',not_duplicate
,парковка автомобилей в парке,парковка автомобилей во дворах,not_duplicate
,пересъемка старых фильмов/сказок,премьеры в кино,not_duplicate
,действия США по захвату Гренландии,захват Гренландии США,duplicate
,концерт Ленинграда,"сериал «Клуб», Вася",not_duplicate
,фильм Хроники Нарнии,первая часть фильма Чебурашка,not_duplicate
,обязательная медиация при разводе,процесс развода с медиацией,not_duplicate
,ЖК Вест-Сайд,пересъемка старых фильмов/сказок,not_duplicate
,повышение тарифов на воду,повышение цен на воду,duplicate
,Казахстан на первом кадре,связь событий с Казахстаном,not_duplicate
,места для катания,альтернативное место для катания,not_duplicate
,концерт Ленинграда,состояние трассы Ростов-Волгодонск,not_duplicate
,кассовые сборы фильма «Чебурашка 2»,успех фильма Чебурашка 2,not_duplicate
,сериал Полиция Дели,участие водителя в конкурсе Голос Стерли,not_duplicate
,поведение людей в парке,поведение посетителей парка,duplicate
,сиквел Короля и Шута,жанр шансон,not_duplicate
,предложение работы,работа / предложение работы,duplicate
,распространение мусора,накопление мусора,not_duplicate
,"сериал «Клуб», Вася",участие водителя в конкурсе Голос Стерли,not_duplicate
,медиация при разводе,новая система медиации при разводе,not_duplicate
,повышение пенсионного возраста,увеличение пенсии,not_duplicate
,сериал Полиция Дели,"сериал «Клуб», Вася",not_duplicate
,Филипп Киркоров - шоу,деятельность Филиппа Киркорова,similar_not_duplicate
,автомобиль БЕЛДЖИ,падение обломков БПЛ,not_duplicate
,работа администрации города,состояние города и работа администрации,not_duplicate
,ситуация ДТП,страшное ДТП,duplicate
,кинопремьера Одесия,концерт поп-короля,not_duplicate
,концерт поп-короля,сиквел Короля и Шута,not_duplicate
,ошибка в слове,опечатка в слове,duplicate
,состояние шумозащитных конструкций,шумозащитные конструкции,duplicate
,сбитый беспилотник,дрон сбитый,duplicate
,увеличение штрафов за тонировку,введение новых штрафов за тонировку,not_duplicate
,концерт Киркорова,строительство ЖК Вест-Сайд,not_duplicate
,циферка отопления,отопление/котлы,not_duplicate
,участие в концерте Киркорова,концерт Филиппа Киркорова,duplicate
,эффективность уборки снега,метод уборки снега,not_duplicate
,работа камер видеонаблюдения,работоспособность камер видеонаблюдения,duplicate
,кинопремьера Одесия,фильм Волшебник Изумрудного города,not_duplicate
,спектакли Московского театра,концерт группы «ИНДИИД»,not_duplicate
,"титул ""Поп-король"" Филиппа Бедросовича",первая часть фильма Чебурашка,not_duplicate
,действия инспекторов ГИБДД,пересъемка старых фильмов/сказок,not_duplicate
,подготовка горнолыжных курортов,горнолыжный курорт,similar_not_duplicate
,строительство ЖК Вест-Сайд,управление Нового Краснодара,not_duplicate
,общая ситуация,общая обстановка,duplicate
,сериал Полиция Дели,характеристика глав субъектов РФ,not_duplicate
,чистка дорог в карманах,чистка проездов в карманах,duplicate
,деятельность детей с пиротехникой,поведение детей с пиротехникой,duplicate
,вывоз мусора,решение проблемы вывоза мусора,not_duplicate
,"сериал «Клуб», Вася",характеристика глав субъектов РФ,not_duplicate
,автомобиль БЕЛДЖИ,первая часть фильма Чебурашка,not_duplicate
,ситуация ДТП,автомобильный инцидент,duplicate
,строительство метро в Краснодаре,строительство метро в Новознаменскую,not_duplicate
,новое правило о штрафах за тонировку,введение новых штрафов за тонировку,duplicate
,электроснабжение ЖК Вест-Сайд,Проблемы ЖК Вест-Сайд,not_duplicate
,кинопремьера Одесия,участие водителя в конкурсе Голос Стерли,not_duplicate
,управление Нового Краснодара,первая часть фильма Чебурашка,not_duplicate
,помощь животным в Судже,помощь животным,not_duplicate
,Джефф Миллз,электроснабжение ЖК Вест-Сайд,not_duplicate
,уборка мусора в районе,уборка мусора,not_duplicate
,работа администрации города,управление городом,duplicate
,концерт поп-короля,электроснабжение ЖК Вест-Сайд,not_duplicate
,уборка снега в Екатеринбурге,чистка Екатеринбурга от снега,duplicate
,реанимация после праздников,реанимация людей после праздников,duplicate
,повышение цен/НДС,рост цен,not_duplicate
,сиквел Короля и Шута,фильм Волшебник Изумрудного города,not_duplicate
,городская среда благоприятная для здоровья,городская среда и здоровье,duplicate
,предложение услуги помощи,предложение помощи,duplicate
,грамотность населения,уровень грамотности в разных сферах,not_duplicate
,поведение животного в контактном зоопарке,поведение собаки в контактном зоопарке,duplicate
,происшествие на водохранилище,авария водоснабжения,not_duplicate
,застройка Краснодара и Нижнего,застройка в Краснодаре,not_duplicate
,безопасность региона,безопасность региона/Уфа,not_duplicate
,запуск беспилотников,беспилотники,similar_not_duplicate
,концерт SCORPIONS в Ростове,характеристика глав субъектов РФ,not_duplicate
,концерт Ленинграда,фильм Волшебник Изумрудного города,not_duplicate
,концерт Киркорова,"сериал «Клуб», Вася",not_duplicate
,первая часть фильма Чебурашка,премьеры в кино,not_duplicate
,уголовное дело по ст.213 УК РФ,уголовное дело по ст. 159 УК РФ,not_duplicate
,поведение сотрудников УК,поведение сотрудников угро,not_duplicate
,падение обломков БПЛ,концерт группы «ИНДИИД»,not_duplicate
,"титул ""Поп-король"" Филиппа Бедросовича",сериал Полиция Дели,not_duplicate
,выход фильма Аватар 3,кинопремьера Аватар 3,duplicate
,возврат товара с браком,возврат товара с браком в ВБ,not_duplicate
,состояние дорог,состояние областных дорог,not_duplicate
,Испеченный пирог,выпечка пирога на праздник,not_duplicate
,перебои с электричеством в Апшеронском районе,отключение электроэнергии в Апшеронском районе,duplicate
,кинопремьера Одесия,состояние трассы Ростов-Волгодонск,not_duplicate
,пересъемка старых фильмов/сказок,характеристика глав субъектов РФ,not_duplicate
,пропускная способность курорта,информация о пропускной способности курортов,not_duplicate
,повышение цен на продукты,повышение цен на товары,not_duplicate
,беспилотные летательные аппараты (БПЛА) со стороны Украины,беспилотники из Украины,duplicate
,сбитие беспилотников,перехват беспилотников,not_duplicate
,фирма по вывозу мусора,организация вывоза мусора,duplicate
,ДТП на трассе,Жёсткое ДТП,duplicate
,повреждение железнодорожной инфраструктуры,повреждение железной дороги,duplicate
,выбор песен Деда Мороза,выступление Деда Мороза с песней,not_duplicate
,рынок недвижимости в Краснодаре,спрос на недвижимость в Новом Краснодаре,not_duplicate
,закрытие ресторана Бен Холл,характеристика глав субъектов РФ,not_duplicate
,празднование Рождества Христова,Рождественские богослужения,not_duplicate
,мероприятие Филиппа Киркорова,участие в концерте Киркорова,not_duplicate
,шумозащитные конструкции некачественные,ненадежность шумозащитных конструкций,duplicate
,концерт SCORPIONS в Ростове,первая часть фильма Чебурашка,not_duplicate
,продление работы общественного транспорта на Рождество,работа общественного транспорта на Рождество,similar_not_duplicate
,атака ВСУ на завод,атака на завод,duplicate
,ЖК Вест-Сайд,применение УК РФ,not_duplicate
,дорожно-транспортная ситуация,дорожная обстановка,duplicate
,качество шумозащитных конструкций,надежность шумозащитных конструкций,not_duplicate
,состояние трассы Ростов-Волгодонск,спектакли Московского театра,not_duplicate
,концерт Филиппа Киркорова,пересъемка старых фильмов/сказок,not_duplicate
,поведение людей,поведение таких людей,duplicate
,фильм Хроники Нарнии,фильм Волшебник Изумрудного города,not_duplicate
,строительство метро в Краснодаре,строительство метро на ул.Крупской,not_duplicate
,сериал Полиция Дели,падение обломков БПЛ,not_duplicate
,жанр шансон,перевод говнотечки,not_duplicate
,строительство балкона-особняка,балкон-особняк,similar_not_duplicate
,Призыв к пению в комментариях,пение в комментариях,not_duplicate
,состояние дома после обвала крыши,жилищная проблема после обрушения крыши,duplicate
,концерт поп-короля,падение обломков БПЛ,not_duplicate
,концерт Ленинграда,падение обломков БПЛ,not_duplicate
,ДТП в Ростовской области,ДТП в Новороссийске,not_duplicate
,управление Нового Краснодара,спектакли Московского театра,not_duplicate
,смертельное ДТП на дороге,ДТП с погибшими,duplicate
,военные действия,военная операция,duplicate
,строительство ЖК Вест-Сайд,участие водителя в конкурсе Голос Стерли,not_duplicate
,состояние областных дорог,состояние дорог и тротуаров,not_duplicate
,поведение водителя (Акцента),поведение водителей (ДТП),not_duplicate
,организация свадебного банкета,проведение свадебных торжеств,duplicate
,кража новогодней ёлки,дворовая новогодняя ёлка,similar_not_duplicate
,закрытие ресторана Бен Холл,участие водителя в конкурсе Голос Стерли,not_duplicate
,ремонт школы,капитальный ремонт школы,duplicate
,доставка квитанций ЖКХ,продажа квартир в ЖПЭ,not_duplicate
,поведение сотрудников,поведение сотрудников угро,not_duplicate
,закрытие ресторана Бен Холл,сериал Полиция Дели,not_duplicate
,пересъемка старых фильмов/сказок,участие водителя в конкурсе Голос Стерли,not_duplicate
,ужесточение семейной ипотеки,условия семейной ипотеки,similar_not_duplicate
,эффективность уничтожения дронов,эффективность ПВО против дронов,not_duplicate
,действия инспекторов ГИБДД,участие водителя в конкурсе Голос Стерли,not_duplicate
,сериал Полиция Дели,концерт Ленинграда,not_duplicate
,ЖК Вест-Сайд,управление Нового Краснодара,not_duplicate
,концерт поп-короля,участие водителя в конкурсе Голос Стерли,not_duplicate
,реакция на ракетную атаку,реакция на ракетную опасность,not_duplicate
,электроснабжение ЖК Вест-Сайд,участие водителя в конкурсе Голос Стерли,not_duplicate
,Испеченный пирог,приготовление пирогов,not_duplicate
,Рождественские богослужения,рождественские мероприятия,not_duplicate
,сиквел Короля и Шута,строительство ЖК Вест-Сайд,not_duplicate
,"титул ""Поп-король"" Филиппа Бедросовича",концерт поп-короля,not_duplicate
,информация о стоимости свадьбы,стоимость свадьбы,not_duplicate
,организация свадьбы,организация свадебного банкета,not_duplicate
,вывоз мусора / подрядчик,работа компании по вывозу мусора,duplicate
,дорожно-транспортное происшествие,страшное ДТП,not_duplicate
,языковая политика на Кубани,языковой вопрос на Кубани,not_duplicate
,ДТП на трассе,смертельное ДТП на дороге,duplicate
,действия полиции,действия полиции (проведение проверки),similar_not_duplicate
,концерт Киркорова,падение обломков БПЛ,not_duplicate
,работа по вывозу мусора,организация вывоза мусора,duplicate
,концерт поп-короля,спектакли Московского театра,not_duplicate
,концерт Ленинграда,премьеры в кино,not_duplicate
,способ уборки мусора,Метод утилизации мусора,not_duplicate
,повреждение железнодорожного полотна,повреждение железной дороги,duplicate
,действия администрации города,управление городом,duplicate
,повышение цен на ЖКУ,повышение цен,not_duplicate
,Филипп Киркоров,исполнение Филиппа Киркорова,similar_not_duplicate
,количество сбитых БПЛА,количество уничтоженных БПЛА,duplicate
,МУП 'СТЭ',концерт группы «ИНДИИД»,not_duplicate
,Джефф Миллз,действия инспекторов ГИБДД,not_duplicate
,кинопремьера Одесия,действия инспекторов ГИБДД,not_duplicate
,проверка ресторанов силовиками,проверка силовиков в ресторане,not_duplicate
,празднование Рождества Христова,канун Рождества Христова,not_duplicate
,вывоз мусора,накопление мусора,not_duplicate
,объявление беспилотной и ракетной опасности,объявление беспилотной опасности,not_duplicate
,качество установки остановки,качество ремонта остановки,not_duplicate
,кинопремьера Одесия,падение обломков БПЛ,not_duplicate
,управление Нового Краснодара,падение обломков БПЛ,not_duplicate
,состояние льда на катке,состояние льда,not_duplicate
,перебои с электричеством в ЖК Вест-Сайд,Проблемы ЖК Вест-Сайд,not_duplicate
,управление Нового Краснодара,применение УК РФ,not_duplicate
,повышение цен,повышение цен/НДС,not_duplicate
,количество уничтоженных БПЛА,количество перехваченных БПЛА,not_duplicate
,"титул ""Поп-король"" Филиппа Бедросовича","сериал «Клуб», Вася",not_duplicate
,действия США по захвату Гренландии,возможный захват Гренландии США,not_duplicate
,ДТП,автомобильный инцидент,duplicate
,рождественские традиции/колядование,Рождественские богослужения,not_duplicate
,жанр шансон,автомобиль БЕЛДЖИ,not_duplicate
,поведение водителей (ДТП),поведение водителей за рулем,not_duplicate
,Действия Украины (атаки БПЛА),атаки украинских БПЛА,duplicate
,ГОСТ на шаурму,ГОСТ на шаурму (Тимати),similar_not_duplicate
,действия по устранению проблемы с канализацией,проблемы с канализацией,not_duplicate
,закрытие ресторана Бен Холл,концерт Ленинграда,not_duplicate
,концерт Киркорова,автомобиль БЕЛДЖИ,not_duplicate
,примета дарения цветов артистам,дарение цветов артисту,not_duplicate
,поиск пропавшего мужчины,пропавший мужчина,similar_not_duplicate
,кот на дереве,кошки на дереве,duplicate
,опасность из-за атаки беспилотников,Беспилотная опасность,duplicate
,концерт поп-короля,фильм Волшебник Изумрудного города,not_duplicate
,строительство ЖК Вест-Сайд,спектакли Московского театра,not_duplicate
,информация о мерах безопасности,информация МЧС о мерах безопасности,not_duplicate
,электроснабжение ЖК Вест-Сайд,"сериал «Клуб», Вася",not_duplicate
,мусор в Сочи,управление мусором в Сочи,similar_not_duplicate
,объявление о беспилотной и ракетной опасности,объявление беспилотной опасности,not_duplicate
,Джефф Миллз,характеристика глав субъектов РФ,not_duplicate
,маршрут метро в Краснодаре,строительство метро на ул.Крупской,not_duplicate
,закрытие ресторана Бен Холл,"сериал «Клуб», Вася",not_duplicate
,поведение местных властей,поведение местного самоуправления,duplicate
,поведение участников тусовки,поведение посетителей на вечеринке,duplicate
,уборка мусора,Метод утилизации мусора,not_duplicate
,работа автора поста,деятельность автора поста,duplicate
,Жёсткое ДТП,автомобильный инцидент,duplicate
,концерт Ленинграда,пересъемка старых фильмов/сказок,not_duplicate
,кассовые сборы фильма «Чебурашка 2»,концерт группы «ИНДИИД»,not_duplicate
,сериал Полиция Дели,ЖК Вест-Сайд,not_duplicate
,закон о штрафах за тонировку,новые штрафы за тонировку,duplicate
,фильм Волшебник Изумрудного города,спектакли Московского театра,not_duplicate
,состояние пропавшего мужчины,пропавший мужчина,duplicate
,фильм Хроники Нарнии,пересъемка старых фильмов/сказок,not_duplicate
,выступление Деда Мороза,песня Деда Мороза,similar_not_duplicate
,Джефф Миллз,первая часть фильма Чебурашка,not_duplicate
,призыв сообщать о происшествиях,призыв к предоставлению информации о происшествиях,duplicate
,влияние туристов на Москву,проблема туристов в Москве,not_duplicate
,права женщин при разводе,правовые гарантии женщин при разводе,duplicate
,место происшествия,место аварии,duplicate
,действия пожарных при ликвидации пожара,работа пожарных,similar_not_duplicate
,концерт поп-короля,характеристика глав субъектов РФ,not_duplicate
,поведение мамы хоккеиста,мама хоккеиста,similar_not_duplicate
,"сериал «Клуб», Вася",спектакли Московского театра,not_duplicate
,Рождественский Сочельник,мероприятие Рождество,not_duplicate
,задержка поездов,задержка поезда и условия для пассажиров,not_duplicate
,сериал Полиция Дели,сиквел Короля и Шута,not_duplicate
,Поведение Филиппа Киркорова на концерте,Участие Филиппа Киркорова в концерте,duplicate
,концерт поп-короля,премьеры в кино,not_duplicate
,электроснабжение ЖК Вест-Сайд,спектакли Московского театра,not_duplicate
,"титул ""Поп-король"" Филиппа Бедросовича",характеристика глав субъектов РФ,not_duplicate
,празднование Рождества,Рождественский Сочельник,not_duplicate
,погибшие в ДТП,смертельный исход ДТП,duplicate
,обязательная медиация перед разводом,процесс развода с медиацией,not_duplicate
,деятельность автора,расположение автора,not_duplicate
,посещение концерта Филиппа Киркорова,Филипп Киркоров на концерте,not_duplicate
,концерт Филиппа Киркорова,действия инспекторов ГИБДД,not_duplicate
,смертельное ДТП на дороге,авария на трассе,duplicate
,состояние дорог после таяния снега,состояние дорог зимой,not_duplicate
,эффективность уборки снега,уборка снега,not_duplicate
,погибшие в ДТП,смертельное ДТП на дороге,duplicate
,концерт Филиппа Киркорова,автомобиль БЕЛДЖИ,not_duplicate
,концерт Филиппа Киркорова,Джефф Миллз,not_duplicate
,Жёсткое ДТП,ДТП и его последствия,not_duplicate
,метод сбора мусора,ситуация с уборкой мусора,not_duplicate
,состав пирожных,Испеченный пирог,not_duplicate
,законодательство,законодательные меры,duplicate
,ДТП,авария на трассе,duplicate
,газовые котлы,работа газового котла,not_duplicate
,концерт Киркорова,фильм Хроники Нарнии,not_duplicate
,участие в боевых действиях против России,военные действия в РФ,not_duplicate
,Домашнее питание детей,детское питание,not_duplicate
,высокие затраты на свадьбу,средние затраты на свадьбу,not_duplicate
,Дед Мороз как обман,обман с Дедом Морозом,duplicate
,карьера Бритни Спирс,участие водителя в конкурсе Голос Стерли,not_duplicate
,состояние дорог,дорожная ситуация,duplicate
,прикорм у детей,Домашнее питание детей,not_duplicate
,Беспилотники уничтоженные,уничтожение беспилотников ПВО,not_duplicate
,ЖК Вест-Сайд,Проблемы ЖК Вест-Сайд,not_duplicate
,сериал Полиция Дели,фильм Хроники Нарнии,not_duplicate
,ДТП подростка на тюбинге,ДТП подростка,similar_not_duplicate
,сиквел Короля и Шута,участие водителя в конкурсе Голос Стерли,not_duplicate
,кинопремьера Одесия,концерт SCORPIONS в Ростове,not_duplicate
,сиквел Короля и Шута,фильм Рождество на двоих,not_duplicate
,беспилотный летательный аппарат (БПЛА) и его уничтожение,Беспилотники уничтоженные,duplicate
,проверка силовиков на банкете,проверка силовиков на банкете ОПГ,similar_not_duplicate
,фильм Волшебник Изумрудного города,падение обломков БПЛ,not_duplicate
,концерт SCORPIONS в Ростове,управление Нового Краснодара,not_duplicate
,фильм Хроники Нарнии,спектакли Московского театра,not_duplicate
,данные о рождаемости,точность статистики рождаемости,not_duplicate
,способ уничтожения беспилотников,перехват беспилотников,not_duplicate
,повышение цен на ЖКУ,повышение цен/НДС,not_duplicate
,прикорм для детей,детское питание,not_duplicate
,регулирование семейной ипотеки,ужесточение семейной ипотеки,not_duplicate
,работа ПВО по сбитым беспилотникам,беспилотники и ПВО,not_duplicate
,условия на дорогах,дорожная ситуация,duplicate
,Джефф Миллз,участие водителя в конкурсе Голос Стерли,not_duplicate
,фильм Хроники Нарнии,концерт Ленинграда,not_duplicate
,"титул ""Поп-король"" Филиппа Бедросовича",участие водителя в конкурсе Голос Стерли,not_duplicate
,высокая стоимость свадьбы,дорогая организация свадьбы,duplicate
,электричество в ЖК Вест-Сайд,падение обломков БПЛ,not_duplicate
,Беспилотная и Ракетная опасность,объявление о беспилотной и ракетной опасности,similar_not_duplicate
,частота ДТП из-за нетрезвых водителей,частота ДТП,not_duplicate
,расходы на поездку в Сочи,стоимость отдыха в Сочи,duplicate
,результат аварии,тяжелые последствия аварии,duplicate
,концерт Киркорова,участие водителя в конкурсе Голос Стерли,not_duplicate
,ЖК Вест-Сайд,фильм Волшебник Изумрудного города,not_duplicate
,строительство ЖК Вест-Сайд,автомобиль БЕЛДЖИ,not_duplicate
,эффективность уборки снега,качество уборки снега,duplicate
,Беспилотная и Ракетная опасность,объявление беспилотной и ракетной опасности,similar_not_duplicate
,дорожно-транспортное происшествие,ситуация ДТП,duplicate
,информация о проверке ресторана,проверка ресторана,not_duplicate
,отношения России и Китая,Сотрудничество России и Китая,not_duplicate
,действия автора поста,деятельность автора поста,duplicate
,отечественное кино,премьеры в кино,not_duplicate
,концерт Ленинграда,автомобиль БЕЛДЖИ,not_duplicate
,семейная ипотека,условия семейной ипотеки,duplicate
,концерт Филиппа Киркорова,фильм Хроники Нарнии,not_duplicate
,агрессивное поведение мужчины,поведение мужчин-агрессоров,duplicate
,Филипп Киркоров - шоу,исполнение Филиппа Киркорова,duplicate
,внешность Филиппа Киркорова,эпатажный образ Филиппа Киркорова,not_duplicate
,автомобиль БЕЛДЖИ,действия инспекторов ГИБДД,not_duplicate
,дорожное покрытие - опасный фактор,опасность трассы,duplicate
,поведение родителей,воспитательный стиль родителей,not_duplicate
,качество установки шумозащитных конструкций,надежность шумозащитных конструкций,not_duplicate
,пересъемка старых фильмов/сказок,спектакли Московского театра,not_duplicate
,средства самозащиты,арматура для самозащиты,not_duplicate
,сериал Полиция Дели,спектакли Московского театра,not_duplicate
,действия украинцев по применению дронов,перехват украинских беспилотников,not_duplicate
,ЖК Вест-Сайд,спектакли Московского театра,not_duplicate
,празднование Рождества и Нового года,новогодние гулянья,not_duplicate
,новое правило медиации при разводе,новое правило с медиаторами при разводе,duplicate
,поведение бородатого мужчины,бородатый мужчина,similar_not_duplicate
,детские смеси Nestlé,производство детских смесей Nestle,similar_not_duplicate
,атмосфера праздника,праздничная атмосфера,duplicate
,строительство ЖК Вест-Сайд,"сериал «Клуб», Вася",not_duplicate
,захват Гренландии США,претензии США на Гренландию,not_duplicate
,Джефф Миллз,пересъемка старых фильмов/сказок,not_duplicate
,Военные действия против Украины,военные действия Украина-Россия,not_duplicate
,жанр шансон,премьеры в кино,not_duplicate
,Рождество Христово,крестный ход в Рождество,similar_not_duplicate
,концерт SCORPIONS в Ростове,падение обломков БПЛ,not_duplicate
,ЖК Вест-Сайд,"сериал «Клуб», Вася",not_duplicate
,Место ДТП,Жёсткое ДТП,not_duplicate
,"сериал «Клуб», Вася",пересъемка старых фильмов/сказок,not_duplicate
,кинопремьера Одесия,пересъемка старых фильмов/сказок,not_duplicate
,концерт Киркорова,сериал Полиция Дели,not_duplicate
,качество дорожных работ,качество ремонта дороги,not_duplicate
,концерт Киркорова,применение УК РФ,not_duplicate
,приём сообщений от свидетелей,обращение к свидетелям,duplicate
,Рождественский Сочельник,рождественские мероприятия,not_duplicate
,объявление о ракетной опасности,ракетная опасность и вероятность угрозы,not_duplicate
,поведение Трампа в отношении Гренландии,агрессия Трампа против Гренландии,not_duplicate
,реализация проекта метро в Краснодаре,строительство метро на ул.Крупской,not_duplicate
,статус Сочи,ситуация в Сочи,duplicate
,карьера Бритни Спирс,концерт поп-короля,not_duplicate
,состояние шумозащитных конструкций,строительство шумозащитных конструкций,not_duplicate
,кот на дереве,кот застрял на дереве,duplicate
,САХ,ПВО,not_duplicate
,управление городом,состояние города и работа администрации,not_duplicate
,Действия Украины (атаки БПЛА),Действия Украины (нападение),duplicate
,"титул ""Поп-король"" Филиппа Бедросовича",электроснабжение ЖК Вест-Сайд,not_duplicate
,парковка во дворах,парковка машин на газоне,not_duplicate
,кассовые сборы фильма,кассовые сборы кинотеатров,not_duplicate
,медиация при разводе,новое правило медиации при разводе,duplicate
,работа администрации города как временщиков,работа администрации города,similar_not_duplicate
,дорожно-транспортное происшествие,Место ДТП,not_duplicate
,поведение участников ДТП,участие в ДТП,not_duplicate
,вывоз мусора,зацеперы сбор мусора,not_duplicate
,фильм Хроники Нарнии,"сериал «Клуб», Вася",not_duplicate
,состояние города,Ситуация в городе,duplicate
,Джефф Миллз,падение обломков БПЛ,not_duplicate
,концерт Ленинграда,Джефф Миллз,not_duplicate
,Беспилотная опасность,беспилотная опасность - взрывы,similar_not_duplicate
,Жёсткое ДТП,авария на трассе,duplicate
,дорожная обстановка в Челябинской области,качество дорог в Челябинской области,not_duplicate
,существование Деда Мороза как символа праздника,Существование Деда Мороза,duplicate
,"титул ""Поп-король"" Филиппа Бедросовича",падение обломков БПЛ,not_duplicate
,фильм Рождество на двоих,песня Деда Мороза,not_duplicate
,уборка мусора в районе,ситуация с уборкой мусора,not_duplicate
,небезопасность ледового городка,ледовый городок безопасность,duplicate
,карьера Бритни Спирс,концерт Филиппа Киркорова,not_duplicate
,фильм Хроники Нарнии,премьеры в кино,not_duplicate
,введение штрафов за тонировку,увеличение штрафов за тонировку,duplicate
,ДТП и его последствия,результат аварии,duplicate
,концерт Киркорова,фильм Волшебник Изумрудного города,not_duplicate
,подготовка горнолыжных курортов,отдых в горнолыжных курортах,not_duplicate
,отсутствие электричества,отсутствие электричества в районе,not_duplicate
,электроснабжение ЖК Вест-Сайд,автомобиль БЕЛДЖИ,not_duplicate
,концерт SCORPIONS в Ростове,пересъемка старых фильмов/сказок,not_duplicate
,лаунж-зона на центральном пляже,состояние центрального пляжа в лаундж-зоне,duplicate
,выступление Филиппа Киркорова,Филипп Киркоров - шоу,duplicate
,место проживания автора,Регион проживания автора,duplicate
,карьера Бритни Спирс,закрытие ресторана Бен Холл,not_duplicate
,реакция на объявление опасности,реакция на объявление угрозы,duplicate
,"сериал «Клуб», Вася",фильм Волшебник Изумрудного города,not_duplicate
,состояние дорог зимой,состояние дорог после снегопада,not_duplicate
,беспилотная опасность - взрывы,взрывы беспилотников,duplicate
,проект Нового Краснодара,управление Нового Краснодара,not_duplicate
,ситуация ДТП,Место ДТП,not_duplicate
,Действия Русской общины,Россия как сообщество,not_duplicate
,мероприятие Филиппа Киркорова,управление Нового Краснодара,not_duplicate
,Дед Мороз,пение Деда Мороза,similar_not_duplicate
,новое правило с медиаторами при разводе,новые правила развода,not_duplicate
,безопасность в зоне тюбинга,безопасность на горке,duplicate
,использование украинских беспилотников,перехват украинских беспилотников,not_duplicate
,Рождественская литургия,Рождественские богослужения,duplicate
,безопасность территории городка,безопасность города,not_duplicate
,сиквел Короля и Шута,ЖК Вест-Сайд,not_duplicate
,концерт поп-короля,жанр шансон,not_duplicate
,действия следственного комитета,запрос следственного комитета,not_duplicate
,концерт поп-короля,концерт SCORPIONS в Ростове,not_duplicate
,"титул ""Поп-король"" Филиппа Бедросовича",закрытие ресторана Бен Холл,not_duplicate
,рекламная акция,рекламная стратегия,not_duplicate
,Рождественская служба,рождественские мероприятия,not_duplicate
,метод сбора мусора,накопление мусора,not_duplicate
,жанр шансон,пересъемка старых фильмов/сказок,not_duplicate
,ЖК Вест-Сайд,участие водителя в конкурсе Голос Стерли,not_duplicate
,кассовые сборы фильма «Чебурашка 2»,пересъемка старых фильмов/сказок,not_duplicate
,сбор налогов,косвенные налоги,not_duplicate
,ДТП на трассе,ДТП,not_duplicate
,концерт Ленинграда,участие водителя в конкурсе Голос Стерли,not_duplicate
,действия России,действия ПВО в РФ,not_duplicate
,расклейщики объявлений,борьба с расклейщиками объявлений,similar_not_duplicate
,обязательная медиация при разводе,новая система медиации при разводе,not_duplicate
,вывоз мусора на Лозового,вывоз мусора на Первомайской,not_duplicate
,погода в Абхазии,погода в Абхазии зимой,not_duplicate
,спектакли Московского театра,участие водителя в конкурсе Голос Стерли,not_duplicate
,кинопремьера Одесия,кассовые сборы фильма «Чебурашка 2»,not_duplicate
,поворот налево на Сортировке,поворот налево из среднего ряда,not_duplicate
,карьера Бритни Спирс,ЖК Вест-Сайд,not_duplicate
,бегство животных,убежавшие животные,duplicate
,жанр шансон,отечественное кино,not_duplicate
,действия США по захвату Гренландии,претензии США на Гренландию,not_duplicate
,рост цен в кинотеатрах,рост цен на билеты в кино,duplicate
,сиквел Короля и Шута,спектакли Московского театра,not_duplicate
,кинопремьера Одесия,Джефф Миллз,not_duplicate
,повышение цен на билеты в кинотеатрах,рост цен в кинотеатрах,duplicate
,концерт поп-короля,"сериал «Клуб», Вася",not_duplicate
,стоимость свадьбы,стоимость свадьбы в будущем,not_duplicate
,концерт Ленинграда,действия инспекторов ГИБДД,not_duplicate
,Предложение подписки,предложение подписаться,duplicate
,проект Нового Краснодара,застройка Краснодара и Нижнего,not_duplicate
,беспилотники,беспилотники и ПВО,not_duplicate
,Филипп Киркоров,Филипп Киркоров - шоу,similar_not_duplicate
,преображение городских пространств,городская среда,similar_not_duplicate
,повышение цен,частое повышение цен на товары,not_duplicate
,действия полиции,работа полиции,duplicate
,празднование Рождества,празднование Рождества и Нового года,not_duplicate
,сериал Полиция Дели,автомобиль БЕЛДЖИ,not_duplicate
,труд коммунальщиков в экстремальных условиях,работа коммунальных служб в экстремальных условиях,duplicate
,фильм Рождество на двоих,первая часть фильма Чебурашка,not_duplicate
,маркетинговая кампания,рекламная стратегия,not_duplicate
,фильм Волшебник Изумрудного города,участие водителя в конкурсе Голос Стерли,not_duplicate
,кинопремьера Одесия,фильм Хроники Нарнии,not_duplicate
,сериал Полиция Дели,управление Нового Краснодара,not_duplicate
,сиквел Короля и Шута,концерт Ленинграда,not_duplicate
,беспилотные летательные аппараты (БПЛА) со стороны Украины,использование украинских беспилотников,duplicate
,Рождество в храме и у родственников,Рождество в храмах,not_duplicate
,исполнение Филиппа Киркорова,эпатажный образ Филиппа Киркорова,not_duplicate
,обещания ростовчанам,обещания ростовчанам - реализация,similar_not_duplicate
,электроснабжение ЖК Вест-Сайд,концерт SCORPIONS в Ростове,not_duplicate
,Ситуация с листом жести,опасная ситуация с листом жести,duplicate
,фильм Рождество на двоих,фильм Волшебник Изумрудного города,not_duplicate
,кассовые сборы фильма «Чебурашка 2»,спектакли Московского театра,not_duplicate
,концерт поп-короля,автомобиль БЕЛДЖИ,not_duplicate
,опасность из-за атаки беспилотников,теракты и беспилотники,not_duplicate
,деятельность зацеперов по сбору мусора,работа по вывозу мусора,not_duplicate
,повышение цен/эксплуатация,повышение цен на ЖКУ,not_duplicate
,дорожно-транспортная ситуация,дорожное движение,not_duplicate
,гадание на суженого,гадание на встречу суженого,not_duplicate
,ДТП,смертельное ДТП,duplicate
,празднование Рождества,Рождественские богослужения,not_duplicate
,состояние дороги от Магнитогорска до Челябинска,состояние дорог в Челябинске,not_duplicate
,закрытие ресторана Бен Холл,сиквел Короля и Шута,not_duplicate
,сиквел Короля и Шута,электроснабжение ЖК Вест-Сайд,not_duplicate
,предложение квартир в ЖК,продажа квартир в ЖПЭ,not_duplicate
,сбитие беспилотников,Беспилотники уничтоженные,duplicate
,отключение электричества в общагах,отключение электричества в районе,not_duplicate
,"титул ""Поп-король"" Филиппа Бедросовича",фильм Волшебник Изумрудного города,not_duplicate
,термин водительница в ПДД,жанр шансон,not_duplicate
,чистка проездов,чистка улицы,duplicate
,задержки пассажирских поездов,задержка поездов и питание пассажиров,not_duplicate
,качество горячей воды,качество горячей воды в доме,not_duplicate
,беспилотники,информация о беспилотниках,not_duplicate
,отключение электричества в общежитии,отключение света в общежитии,duplicate
,ЖК Вест-Сайд,автомобиль БЕЛДЖИ,not_duplicate
,ДТП,результат аварии,not_duplicate
,решение проблемы мусора,нерешенная проблема с мусором,not_duplicate
,действия инспекторов ГИБДД,фильм Волшебник Изумрудного города,not_duplicate
,реализация проекта метро в Краснодаре,строительство метро в Новознаменскую,not_duplicate
,ситуация ДТП,происшествие с машиной,duplicate
,звук грохота от ПВО,звук ПВО,duplicate
,цены на товары,ситуация с ценами,not_duplicate
,карьера Бритни Спирс,первая часть фильма Чебурашка,not_duplicate
,угроза БПЛА,опасность атаки БПЛА,duplicate
,поведение жителей,действия жителей,duplicate
,"титул ""Поп-король"" Филиппа Бедросовича",концерт Киркорова,not_duplicate
,ДТП на трассе Семикаракорск-Волгодонск,ДТП на трассе Ростов – Семикаракорск – Волгодонск,not_duplicate
,фильм Рождество на двоих,пересъемка старых фильмов/сказок,not_duplicate
,информация о происшествии,факты происшествия,duplicate
,концерт Ленинграда,кассовые сборы фильма «Чебурашка 2»,not_duplicate
,пенсионерка-пострадавшая,происшествие с пенсионеркой,similar_not_duplicate
,оформление текста поста,текст поста,not_duplicate
,закрытие ресторана Бен Холл,концерт поп-короля,not_duplicate
,карьера Бритни Спирс,строительство ЖК Вест-Сайд,not_duplicate
,первая часть фильма Чебурашка,рекорд кассовых сборов фильма «Чебурашка 2»,not_duplicate
,отношение к украинцам,поведение украинцев,not_duplicate
,"титул ""Поп-король"" Филиппа Бедросовича",действия инспекторов ГИБДД,not_duplicate
,действия нападавшего,поведение нападавшего,duplicate
,процесс развода с медиацией,новая система медиации при разводе,not_duplicate
,задержка поезда и условия для пассажиров,задержка поездов и питание пассажиров,duplicate
,сиквел Короля и Шута,концерт группы «ИНДИИД»,not_duplicate
,отключение воды в Таганроге,отсутствие воды в Таганроге,duplicate
,применение УК РФ,спектакли Московского театра,not_duplicate
,инцидент на горке,инцидент на тюбинге,not_duplicate
,качество уборки снега,метод уборки снега,not_duplicate
,частота ДТП с летальным исходом,частота ДТП,not_duplicate
,Поведение Филиппа Киркорова на концерте,Филипп Киркоров на концерте,duplicate
,термин водительница в ПДД,автомобиль БЕЛДЖИ,not_duplicate
,концерт Киркорова,пересъемка старых фильмов/сказок,not_duplicate
,сбитый беспилотник,взрывы беспилотников,not_duplicate
,кассовые сборы фильма «Чебурашка 2»,фильм Волшебник Изумрудного города,not_duplicate
,фирма по вывозу мусора,вывоз мусора / подрядчик,duplicate
,звуки праздничных фейерверков,фейерверки,duplicate
,концерт SCORPIONS в Ростове,концерт группы «ИНДИИД»,not_duplicate
,талант эмигрант,эмигрантские таланты,duplicate
,концерт поп-короля,фильм Рождество на двоих,not_duplicate
,строительство ЖК Вест-Сайд,премьеры в кино,not_duplicate
,управление Нового Краснодара,концерт группы «ИНДИИД»,not_duplicate
,зацеперы сбор мусора,работа по вывозу мусора,not_duplicate
,работа администрации города как временщиков,работа мэрии,duplicate
,стоимость продуктов питания,цены на продукты,duplicate
,концерт Филиппа Киркорова,кассовые сборы фильма «Чебурашка 2»,not_duplicate
,работа общественного транспорта,городской общественный транспорт,not_duplicate
,военные действия в РФ,действия ПВО в РФ,not_duplicate
,фиксация беспилотных летательных аппаратов,перехват беспилотников,not_duplicate
,затраты на свадьбу,стоимость свадьбы в будущем,not_duplicate
,отношения России и Китая,Сотрудничество Китай-Россия,not_duplicate
,поведение водителей на дороге,поведение водителей (ДТП),not_duplicate
,повышение цен на товары,повышение цен/НДС,not_duplicate
,карьера Бритни Спирс,концерт Киркорова,not_duplicate
,автомобиль БЕЛДЖИ,состояние дороги на ул. Заводской,not_duplicate
,беспилотники,сбитый беспилотник,not_duplicate
,кассовые сборы фильма «Чебурашка 2»,характеристика глав субъектов РФ,not_duplicate
,концерт Филиппа Киркорова,Участие в концерте ЛЮБЭ,not_duplicate
,дарение цветов артисту,подаренные цветы артистам,duplicate
,проект строительства метро в Краснодаре,маршрут метро в Краснодаре,not_duplicate
,ракетная опасность,реакция на ракетную опасность,similar_not_duplicate
,дорога Ростов-Семикаракорск-Волгодонск,состояние трассы Ростов-Волгодонск,not_duplicate
,сбитие беспилотников,способ уничтожения беспилотников,not_duplicate
,электричество в ЖК Вест-Сайд,фильм Волшебник Изумрудного города,not_duplicate
,поведение собак,поведение собак (алабаев),not_duplicate
,Мигранты/местные жители,наличие мигрантов/«хайни»,not_duplicate
,Участие в концерте ЛЮБЭ,концерт Ленинграда,not_duplicate
,строительство ЖК Вест-Сайд,концерт SCORPIONS в Ростове,not_duplicate
,сериал Полиция Дели,премьеры в кино,not_duplicate
,строительство ЖК Вест-Сайд,применение УК РФ,not_duplicate
,утепление остановок,самостоятельное утепление остановок,not_duplicate
,мероприятие Филиппа Киркорова,деятельность Филиппа Киркорова,similar_not_duplicate
,концерт Ленинграда,продажа квартир в ЖПЭ,not_duplicate
,концерт Филиппа Киркорова,сиквел Короля и Шута,not_duplicate
,регулирование семейной ипотеки,условия семейной ипотеки,duplicate
,Дед Мороз,песня Деда Мороза,similar_not_duplicate
,сиквел Короля и Шута,премьеры в кино,not_duplicate
,Москва - лицо страны,принадлежность Москвы,not_duplicate
,проведение свадебных торжеств,свадьбы как явление,not_duplicate
,парковка автомобилей в парке,парковка машин на газоне,not_duplicate
,ЖК Вест-Сайд,отключение электричества в ЖК Вест-Сайд,similar_not_duplicate
,"сериал «Клуб», Вася",управление Нового Краснодара,not_duplicate
,место действия,место события,duplicate
,костюмы Филиппа Киркорова,стиль Филиппа Киркорова,duplicate
,строительство ЖК Вест-Сайд,продажа квартир в ЖПЭ,not_duplicate
,канун Рождества Христова,крестный ход в Рождество,not_duplicate
,информация о стоимости свадьбы,затраты на свадьбу,not_duplicate
,пропажа Милы Яковлевой,исчезновение Милы Яковлевой,duplicate
,состояние трассы Ростов-Волгодонск,применение УК РФ,not_duplicate
,инцидент на тюбинге,ДТП на тюбинге,duplicate
,закрытие ресторана Бен Холл,концерт Киркорова,not_duplicate
,крестный ход в Рождество,Рождественские богослужения,not_duplicate
,обязательная медиация перед разводом,новое правило медиации при разводе,not_duplicate
,действия инспекторов ГИБДД,"сериал «Клуб», Вася",not_duplicate
,дорожно-транспортное происшествие,автомобильный инцидент,duplicate
,Джефф Миллз,автомобиль БЕЛДЖИ,not_duplicate
,деятельность зацеперов,характеристика зацеперов,not_duplicate
,работа автора,расположение автора,not_duplicate
,концерт Киркорова,Джефф Миллз,not_duplicate
,кинопремьера Аватар 3,первая часть фильма Чебурашка,not_duplicate
,состояние льда на катке,состояние ледового городка,not_duplicate
,сиквел Короля и Шута,характеристика глав субъектов РФ,not_duplicate
,Участие в концерте ЛЮБЭ,участие водителя в конкурсе Голос Стерли,not_duplicate
,эффективность уничтожения дронов,способ уничтожения беспилотников,not_duplicate
,сиквел Короля и Шута,фильм Хроники Нарнии,not_duplicate
,строительство ЖК Вест-Сайд,доставка квитанций ЖКХ,not_duplicate
,фильм Хроники Нарнии,строительство ЖК Вест-Сайд,not_duplicate
,выбор месяцев для отпуска,выгодные месяцы для отпуска,not_duplicate
,"сериал «Клуб», Вася",кассовые сборы фильма «Чебурашка 2»,not_duplicate
,Джефф Миллз,"сериал «Клуб», Вася",not_duplicate
,работа УК 'Доверие' по вывозу мусора,падение обломков БПЛ,not_duplicate
,прикорм у детей,питание ребенка,not_duplicate
,труд коммунальщиков в экстренных условиях,работа коммунальных служб в экстремальных условиях,duplicate
,страшное ДТП,участие в ДТП,not_duplicate
,состояние трассы Ростов-Семикаракорск,расписание маршруток Апшеронск-Кубанская,not_duplicate
,отключение электричества,причина отключения электричества,not_duplicate
,действия инспекторов ГИБДД,управление Нового Краснодара,not_duplicate
,фильм Хроники Нарнии,автомобиль БЕЛДЖИ,not_duplicate
,карьера Бритни Спирс,концерт Ленинграда,not_duplicate
,содержание поста,тема поста,duplicate
,Рождество Христово (праздник),Рождественские богослужения,not_duplicate
,проблема вывоза мусора,решение проблемы мусора,not_duplicate
,качество работ по обслуживанию дороги,качество ремонта дороги,not_duplicate
,газовые котлы и проблема,газовые котлы,similar_not_duplicate
,запрет детских смесей Nestle,запрет на ввоз детских смесей Nestlé,duplicate
,высокая стоимость свадьбы,средние затраты на свадьбу,not_duplicate
,изменение закона о сроках оплаты ЖКХ,изменение закона об оплате ЖКХ,not_duplicate
,медицинская страховка для туристов,медицинская страховка для отдыха за рубежом,not_duplicate
,призыв к подписке,предложение подписаться,duplicate
,повышение цен на питьевую воду,повышение тарифов на воду,duplicate
,Проблемы ЖК Вест-Сайд,падение обломков БПЛ,not_duplicate
,закрытие ресторана Бен Холл,электричество в ЖК Вест-Сайд,not_duplicate
,вывоз мусора,организация вывоза мусора,not_duplicate
,меры против коррупции,действия властей/коррупция,not_duplicate
,автомобиль БЕЛДЖИ,премьеры в кино,not_duplicate
,приготовление холодца,готовка пищи,not_duplicate
,опасность из-за атаки беспилотников,информация о беспилотной атаке,not_duplicate
,место проведения мероприятия,место события,duplicate
,"титул ""Поп-король"" Филиппа Бедросовича",Джефф Миллз,not_duplicate
,падение обломков БПЛ,участие водителя в конкурсе Голос Стерли,not_duplicate
,концерт Киркорова,сиквел Короля и Шута,not_duplicate
,возможный захват Гренландии США,претензии США на Гренландию,not_duplicate
,карьера Бритни Спирс,"сериал «Клуб», Вася",not_duplicate
,Участие в концерте ЛЮБЭ,спектакли Московского театра,not_duplicate
,поворот налево на Сортировке,использование левого ряда для поворота,not_duplicate
,рекламная кампания,рекламная стратегия,not_duplicate
,концерт SCORPIONS в Ростове,участие водителя в конкурсе Голос Стерли,not_duplicate
,состояние дома после обвала крыши,состояние крыш после обвала,duplicate
,электроснабжение ЖК Вест-Сайд,состояние трассы Ростов-Волгодонск,not_duplicate
,карьера Бритни Спирс,сериал Полиция Дели,not_duplicate
,состав пирожных,приготовление пирогов,not_duplicate
,падение обломков БПЛ,спектакли Московского театра,not_duplicate
,частое повышение цен на товары,рост цен,not_duplicate
,кассовые сборы фильма «Чебурашка 2»,участие водителя в конкурсе Голос Стерли,not_duplicate
,вывоз мусора,распространение мусора,not_duplicate
,карьера Бритни Спирс,электроснабжение ЖК Вест-Сайд,not_duplicate
,автомобиль БЕЛДЖИ,характеристика глав субъектов РФ,not_duplicate
,фильмы юности,отечественное кино,not_duplicate
,Рождество Христово,Рождественские богослужения,not_duplicate
,состояние железнодорожной инфраструктуры,состояние железной дороги,duplicate
,объявление о беспилотной и ракетной опасности,угроза беспилотной опасности,not_duplicate
,угроза БПЛА,опасность БПЛА,duplicate
,Фраза из текста поста,текст поста,not_duplicate
,вежливое общение,правила вежливого общения,not_duplicate
,фильм Хроники Нарнии,управление Нового Краснодара,not_duplicate
,фильм Волшебник Изумрудного города,характеристика глав субъектов РФ,not_duplicate
,фильм Хроники Нарнии,электроснабжение ЖК Вест-Сайд,not_duplicate
,свадьбы как показуха,свадьба как мероприятие,not_duplicate
,повышение цен на ЖКУ,рост цен,not_duplicate
,мероприятие Рождество,Рождественский сочельник и его празднование,not_duplicate
,автомобиль БЕЛДЖИ,пересъемка старых фильмов/сказок,not_duplicate
,управление Нового Краснодара,пересъемка старых фильмов/сказок,not_duplicate
,концерт поп-короля,действия инспекторов ГИБДД,not_duplicate
,количество БПЛА,количество перехваченных БПЛА,not_duplicate
,новые шумозащитные конструкции,строительство шумозащитных конструкций,not_duplicate
,действия администрации города,состояние города и работа администрации,not_duplicate
,чистка карманов на дорогах,чистка проездов в карманах,duplicate
,Железнодорожные задержки,задержки пассажирских поездов,not_duplicate
,концерт поп-короля,управление Нового Краснодара,not_duplicate
,ДТП с погибшими,Жёсткое ДТП,duplicate
,страшное ДТП,смертельный исход ДТП,duplicate
,беспилотный летательный аппарат (БПЛА) и его уничтожение,уничтожение беспилотников ПВО,not_duplicate
,победа Салавата Юлаева,спортивная победа Салавата Юлаева,duplicate
,описание Башкирии,обстановка в Башкирии,not_duplicate
,Дата празднования Рождества в разных конфессиях,Дата празднования Рождества,not_duplicate
,действия инспекторов ГИБДД,кассовые сборы фильма «Чебурашка 2»,not_duplicate
,концерт Ленинграда,Площадь Советов (Ростов-на-Дону),not_duplicate
,Участие в концерте ЛЮБЭ,первая часть фильма Чебурашка,not_duplicate
,премьеры в кино,концерт группы «ИНДИИД»,not_duplicate
,Участие в концерте ЛЮБЭ,концерт Киркорова,not_duplicate
,ДТП,участие в ДТП,not_duplicate
,Площадь Советов (Ростов-на-Дону),состояние трассы Ростов-Волгодонск,not_duplicate
,поведение автора и зацеперов,поведение автора (водителя),not_duplicate
,концерт SCORPIONS в Ростове,кассовые сборы фильма «Чебурашка 2»,not_duplicate
,проведение проверки силовиками,проверка силовиков,duplicate
,угроза беспилотной опасности,беспилотная опасность - взрывы,duplicate
,фото для иллюстрации,содержание фотографии,not_duplicate
,кафедральный собор архитектура,кафедральный статус собора,not_duplicate
,электроснабжение ЖК Вест-Сайд,кассовые сборы фильма «Чебурашка 2»,not_duplicate
,поведение водителей на дороге,поведение водителя (Акцента),not_duplicate
,количество БПЛА,количество сбитых БПЛА,not_duplicate
,принадлежность Москвы,Москва,similar_not_duplicate
,жертва ДТП,смертельное ДТП,not_duplicate
,термин водительница в ПДД,характеристика глав субъектов РФ,not_duplicate
,карьера Бритни Спирс,Джефф Миллз,not_duplicate
,закаты в городе,наличие сирены в городе,not_duplicate
,действие автора комментария,поведение автора комментария (сохранение стихов),similar_not_duplicate
,легковые автомобили на картинке,автомобили из каршеринга,not_duplicate
,карьера Бритни Спирс,характеристика глав субъектов РФ,not_duplicate
,жизнь в Башкирии,обстановка в Башкирии,not_duplicate
,парковка автомобилей в парке,парковка во дворах,not_duplicate
,запуск беспилотников,полет беспилотников,not_duplicate
,ситуация ДТП,участие в ДТП,not_duplicate
,действия инспекторов ГИБДД,доставка квитанций ЖКХ,not_duplicate
,сиквел Короля и Шута,падение обломков БПЛ,not_duplicate
,данные о рождаемости,точность данных о рождаемости,not_duplicate
,сериал Полиция Дели,термин водительница в ПДД,not_duplicate
,обязательная процедура медиации при разводе,новое правило медиации при разводе,not_duplicate
,"титул ""Поп-король"" Филиппа Бедросовича",концерт Ленинграда,not_duplicate
,кинопремьера Аватар 3,кинопремьера Одесия,not_duplicate
,действия силовиков при проверке ресторана,проверка силовиков в ресторане,not_duplicate
,процесс взятия пробы асфальта,укладка асфальта,not_duplicate
,электроснабжение ЖК Вест-Сайд,доставка квитанций ЖКХ,not_duplicate
,запуск беспилотников,фиксация беспилотных летательных аппаратов,not_duplicate
,зацеперы,действия зацеперов,similar_not_duplicate
,повышение цен/эксплуатация,причины повышения цен,not_duplicate
,премьеры в кино,характеристика глав субъектов РФ,not_duplicate
,управление Нового Краснодара,состояние дороги на ул. Заводской,not_duplicate
,ДТП под Нижним Тагилом,ДТП под Джубгой,not_duplicate
,кассовые сборы фильма «Чебурашка 2»,падение обломков БПЛ,not_duplicate
,повышение цен,причины повышения цен,not_duplicate
,"титул ""Поп-король"" Филиппа Бедросовича",пересъемка старых фильмов/сказок,not_duplicate
,электроснабжение ЖК Вест-Сайд,работа УК 'Доверие' по вывозу мусора,not_duplicate
,Рождественская ярмарка,рождественские мероприятия,not_duplicate
,накопление мусора,уборка мусора,not_duplicate
,новое правило о медиаторах при разводе,новые правила развода,not_duplicate
,шумозащитные конструкции,ненадежность шумозащитных конструкций,not_duplicate
,ДТП,ДТП и его последствия,duplicate
,зацеперы сбор мусора,уборка мусора в районе,not_duplicate
,проблема вывоза мусора,нерешенная проблема с мусором,duplicate
,место события в Краснодаре,происшествие в Краснодаре,duplicate
,доставка квитанций ЖКХ,пересъемка старых фильмов/сказок,not_duplicate
,введение штрафов за тонировку,штраф за нарушение тонировки,duplicate
,сбитый беспилотник,работа ПВО по сбитым беспилотникам,not_duplicate
,дорожно-транспортная ситуация,транспортные проблемы,not_duplicate
,безопасность на улицах,безопасность пешеходов,not_duplicate
,сиквел Короля и Шута,Джефф Миллз,not_duplicate
,вывоз мусора,деятельность зацеперов по сбору мусора,not_duplicate
,фильм Хроники Нарнии,концерт группы «ИНДИИД»,not_duplicate
,состояние дороги на перекрестке Циолковского и Комарова,состояние улицы Чайковского,not_duplicate
,состояние трассы Ростов-Волгодонск,падение обломков БПЛ,not_duplicate
,украденная новогодняя ёлка,украденная ёлка,duplicate
,ситуация ДТП,результат аварии,not_duplicate
,способ уборки мусора,вывоз мусора,not_duplicate
,эффективность уничтожения дронов,Методы противодействия дронам,not_duplicate
,фильм Хроники Нарнии,характеристика глав субъектов РФ,not_duplicate
,закрытие ресторана Бен Холл,автомобиль БЕЛДЖИ,not_duplicate
,Ситуация с вывозом мусора,организация вывоза мусора,not_duplicate
,термин водительница в ПДД,участие водителя в конкурсе Голос Стерли,not_duplicate
,меры безопасности,меры личной безопасности,not_duplicate
,безопасность территории городка,безопасность района,not_duplicate
,безопасность на улицах,безопасность на дорогах,duplicate
,строительство ЖК Вест-Сайд,кассовые сборы фильма «Чебурашка 2»,not_duplicate
,состояние трассы Ростов-Волгодонск,"сериал «Клуб», Вася",not_duplicate
,концерт поп-короля,фильм Хроники Нарнии,not_duplicate
,способ уборки мусора,накопление мусора,not_duplicate
,автомобиль БЕЛДЖИ,управление Нового Краснодара,not_duplicate
,автомобиль БЕЛДЖИ,фильм Волшебник Изумрудного города,not_duplicate
,премьеры в кино,участие водителя в конкурсе Голос Стерли,not_duplicate
,празднование Рождества,мероприятие Рождество,duplicate
,цены на билеты,информация о ценах на билеты,not_duplicate
,сериал Полиция Дели,Джефф Миллз,not_duplicate
,наплыв туристов в Москву,проблема туристов в Москве,not_duplicate
,"сериал «Клуб», Вася",падение обломков БПЛ,not_duplicate
,Джефф Миллз,МУП 'СТЭ',not_duplicate
,празднование Рождества,Рождество Христово (праздник),duplicate
,закон о штрафах за тонировку,введение новых штрафов за тонировку,duplicate
,доставка квитанций ЖКХ,падение обломков БПЛ,not_duplicate
,работа полиции,поведение полиции,not_duplicate
,строительство ЖК Вест-Сайд,МУП 'СТЭ',not_duplicate
,закрытие ресторана Бен Холл,спектакли Московского театра,not_duplicate
,количество туристов,наплыв туристов,not_duplicate
,электричество в ЖК Вест-Сайд,автомобиль БЕЛДЖИ,not_duplicate
,чистка карманов на улице Ленина,карманы на улице Ленина,similar_not_duplicate
,отключение электричества,отсутствие электричества,duplicate
,выступление Деда Мороза с песней,песня Деда Мороза,duplicate
,закрытие территории парка,закрытие парка в неурочное время,not_duplicate
,работа чата,работа,not_duplicate
,действия при обнаружении дрона,перехват беспилотников,not_duplicate
,шумозащитные конструкции,надежность шумозащитных конструкций,not_duplicate
,концерт Ленинграда,электричество в ЖК Вест-Сайд,not_duplicate
,термин водительница в ПДД,концерт группы «ИНДИИД»,not_duplicate
,состояние дороги от Магнитогорска до Челябинска,дорожная обстановка в Челябинской области,not_duplicate
,ДТП как безумный трюк,страшное ДТП,not_duplicate
,собор название и статус,кафедральный статус собора,not_duplicate
,объявление беспилотной и ракетной опасности,угроза беспилотной опасности,not_duplicate
,состояние трассы Ростов-Волгодонск,первая часть фильма Чебурашка,not_duplicate
,ёлка в Екатеринбурге,ёлка на Площади в Челябинске,not_duplicate
,состояние трассы Ростов-Волгодонск,состояние дороги на ул. Заводской,not_duplicate
,страшное ДТП,ДТП и его последствия,duplicate
,угроза БПЛА,угроза атаки БПЛА,duplicate
,электричество в ЖК Вест-Сайд,доставка квитанций ЖКХ,not_duplicate
,медиация при разводе,обязательная процедура медиации при разводе,not_duplicate
,ЖК Вест-Сайд,концерт SCORPIONS в Ростове,not_duplicate
,автомобиль БЕЛДЖИ,участие водителя в конкурсе Голос Стерли,not_duplicate
,ёлка/праздничные традиции,рождественские традиции/колядование,not_duplicate
,количество ДТП,частота ДТП с летальным исходом,not_duplicate
,фильм Волшебник Изумрудного города,премьеры в кино,not_duplicate
,сиквел Короля и Шута,автомобиль БЕЛДЖИ,not_duplicate
,Рождество Христово (праздник),крестный ход в Рождество,not_duplicate
,реакция соседей,поведение соседей,duplicate
,поиск пропавшего мужчины,поиск пропавшего человека,duplicate
,сериал Полиция Дели,кассовые сборы фильма «Чебурашка 2»,not_duplicate
,состояние города,проблемы города,not_duplicate
,поведение водителей в ДТП,поведение водителей на дороге,not_duplicate
,сериал Полиция Дели,работа УК 'Доверие' по вывозу мусора,not_duplicate
,участие в крестном ходе,участие в богослужении,not_duplicate
,контроль над переводами и платежами,контроль за платежами,not_duplicate
,электричество в ЖК Вест-Сайд,характеристика глав субъектов РФ,not_duplicate
,"титул ""Поп-король"" Филиппа Бедросовича",ЖК Вест-Сайд,not_duplicate
,новости,источник новостей,similar_not_duplicate
,сбитый беспилотник,способ уничтожения беспилотников,not_duplicate
,вывоз мусора,уборка мусора,duplicate
,новое правило о штрафах за тонировку,штраф за нарушение тонировки,duplicate
,концерт Филиппа Киркорова,премьеры в кино,not_duplicate
,концерт SCORPIONS в Ростове,"сериал «Клуб», Вася",not_duplicate
,участие в ДТП,Жёсткое ДТП,not_duplicate
,"титул ""Поп-король"" Филиппа Бедросовича",строительство ЖК Вест-Сайд,not_duplicate
,сериал Полиция Дели,концерт SCORPIONS в Ростове,not_duplicate
,расписание маршрутки,график движения маршрутки,duplicate
,дроновое нападение,информация о беспилотной атаке,not_duplicate
,маркетинговая кампания,рекламная акция,not_duplicate
,выступление Филиппа Киркорова,Филипп Киркоров,similar_not_duplicate
,вывоз мусора,вывоз мусора / подрядчик,duplicate
,высокие затраты на свадьбу,дорогая организация свадьбы,duplicate
,автомобиль БЕЛДЖИ,сбитые БПЛА,not_duplicate
,полет беспилотников,перехват беспилотников,not_duplicate
,сиквел Короля и Шута,кассовые сборы фильма «Чебурашка 2»,not_duplicate
,сиквел Короля и Шута,концерт SCORPIONS в Ростове,not_duplicate
,смертельный исход ДТП,Жёсткое ДТП,duplicate
,строительство ЖК Вест-Сайд,жанр шансон,not_duplicate
,строительство шумозащитных конструкций,качество шумозащитных конструкций,not_duplicate
,автомобиль БЕЛДЖИ,концерт группы «ИНДИИД»,not_duplicate
,взрывы в городе,регулярные взрывы в городе,not_duplicate
,расходы на свадьбу,информация о стоимости свадьбы,not_duplicate
,условия на дорогах,состояние дорог и тротуаров,not_duplicate
,электроснабжение ЖК Вест-Сайд,применение УК РФ,not_duplicate
,ЖК Вест-Сайд,премьеры в кино,not_duplicate
,дорожно-транспортное происшествие в Свердловской области,ДТП в Новороссийске,not_duplicate
,концерт Киркорова,действия инспекторов ГИБДД,not_duplicate
,отключение электричества в ЖК Вест-Сайд,падение обломков БПЛ,not_duplicate
,шаурмятни,кальян,not_duplicate
,проблема вывоза мусора,накопление мусора,not_duplicate
,кинопремьера Одесия,премьеры в кино,not_duplicate
,процесс возврата товара с браком,возврат товара с браком в ВБ,not_duplicate
,мероприятие Филиппа Киркорова,костюмы Филиппа Киркорова,not_duplicate
,высокая стоимость свадьбы,стоимость свадьбы в будущем,not_duplicate
,защита от беспилотной атаки,беспилотная атака,similar_not_duplicate
,мероприятие Филиппа Киркорова,Филипп Киркоров - шоу,similar_not_duplicate
,закрытие ресторана Бен Холл,кассовые сборы фильма «Чебурашка 2»,not_duplicate
,военная операция,Специальная военная операция,duplicate
,Домашнее питание детей,питание ребенка,not_duplicate
,фирма по вывозу мусора,работа по вывозу мусора,not_duplicate
,электричество в ЖК Вест-Сайд,пересъемка старых фильмов/сказок,not_duplicate
,празднование Рождества,празднование Рождества Христова,duplicate
,действия инспекторов ГИБДД,премьеры в кино,not_duplicate
,платье на Соборном,платье,similar_not_duplicate
,работа УК 'Доверие' по вывозу мусора,пересъемка старых фильмов/сказок,not_duplicate
,поведение зацеперов,действия зацеперов,duplicate
,управление Нового Краснодара,фильм Волшебник Изумрудного города,not_duplicate
,стоимость продуктовой корзины,стоимость продуктов питания,duplicate
,процесс развода с медиацией,новое правило медиации при разводе,not_duplicate
,сиквел Короля и Шута,действия инспекторов ГИБДД,not_duplicate
,концерт Киркорова,кассовые сборы фильма «Чебурашка 2»,not_duplicate
,водитель мужчина,водитель машины,not_duplicate
,частота ДТП из-за нетрезвых водителей,частота ДТП с участием джипов и автопоездов,not_duplicate
,новое законодательство,законодательство,duplicate
,состояние дорог,состояние дороги Плотинка,not_duplicate
,отключение электричества в районе,отключение электроэнергии в Апшеронском районе,duplicate
,концерт Филиппа Киркорова,электричество в ЖК Вест-Сайд,not_duplicate
,"питание детей в 1,5 года",питание ребенка,not_duplicate
,Участие в концерте ЛЮБЭ,премьеры в кино,not_duplicate
,фильм Хроники Нарнии,падение обломков БПЛ,not_duplicate
,сиквел Короля и Шута,"сериал «Клуб», Вася",not_duplicate
,электричество в ЖК Вест-Сайд,первая часть фильма Чебурашка,not_duplicate
,цены на продукты,цены на товары,not_duplicate
,кинопремьера Аватар 3,концерт группы «ИНДИИД»,not_duplicate
,Филипп Киркоров - шоу,костюмы Филиппа Киркорова,not_duplicate
,электричество в ЖК Вест-Сайд,продажа квартир в ЖПЭ,not_duplicate
,состояние трассы Ростов-Семикаракорск,состояние дороги на ул. Заводской,not_duplicate
,"титул ""Поп-король"" Филиппа Бедросовича",управление Нового Краснодара,not_duplicate
,состояние дорог после таяния снега,посыпание дорог зимой,not_duplicate
,празднование Рождества и Нового года,Рождественский сочельник и его празднование,not_duplicate
,кинопремьера Одесия,автомобиль БЕЛДЖИ,not_duplicate
,зацеперы сбор мусора,зацеперы - подбор мусора вне кабины,duplicate
,надежность шумозащитных конструкций,ненадежность шумозащитных конструкций,not_duplicate
,закон о штрафах за тонировку,штраф за нарушение тонировки,duplicate
,Место ДТП,авария на трассе,duplicate
,воспитание детей,воспитание в семье,not_duplicate
,богослужение/вертеп в храме,мероприятия храма,not_duplicate
,беспилотный летательный аппарат (БПЛА) и его уничтожение,способ уничтожения беспилотников,not_duplicate
,электричество в ЖК Вест-Сайд,управление Нового Краснодара,not_duplicate
,участие в концерте Киркорова,концерт поп-короля,not_duplicate
,обеспечение безопасности,безопасность при угрозе,duplicate
,Участие в концерте ЛЮБЭ,сериал Полиция Дели,not_duplicate
,погибшие в ДТП,Жёсткое ДТП,duplicate
,концерт поп-короля,музыкальный микс Казакостояния,not_duplicate
,работа УК 'Доверие' по вывозу мусора,фильм Волшебник Изумрудного города,not_duplicate
,Рождество Христово (праздник),Рождественский сочельник и его празднование,not_duplicate
,повышение цен на билеты в кинотеатрах,цены на билеты в кинотеатрах,duplicate
,кинопремьера Одесия,МУП 'СТЭ',not_duplicate
,рекорд кассовых сборов фильма «Чебурашка 2»,пересъемка старых фильмов/сказок,not_duplicate
,реагирование на инцидент с газом,инцидент с газом,similar_not_duplicate
,поведение водителей,поведение водителей в ДТП,similar_not_duplicate
,празднование Рождества Христова,Празднование Рождества Христова под другим именем,duplicate
,рост цен на билеты в кино,цены на билеты в кинотеатрах,duplicate
,зацеперы,деятельность зацеперов,similar_not_duplicate
,поведение жертв ДТП,поведение водителей после аварии,not_duplicate
,атака на завод,атака на завод в Стерлитамаке,similar_not_duplicate
,использование украинских беспилотников,Силы Беспилотных систем Украины,not_duplicate
,беспилотная атака,уничтожение беспилотников ПВО,not_duplicate
,Ситуация на Украине,действия Украины,not_duplicate
,электричество в ЖК Вест-Сайд,действия инспекторов ГИБДД,not_duplicate
,концерт Филиппа Киркорова,применение УК РФ,not_duplicate
,сбитие беспилотников,уничтожение беспилотников ПВО,not_duplicate
,термин водительница в ПДД,пересъемка старых фильмов/сказок,not_duplicate
,авария на трассе,автомобильный инцидент,duplicate
,концерт SCORPIONS в Ростове,фильм Волшебник Изумрудного города,not_duplicate
,фильм Хроники Нарнии,жанр шансон,not_duplicate
,карьера Бритни Спирс,пересъемка старых фильмов/сказок,not_duplicate
,страшное ДТП,ДТП с погибшими,duplicate
,поведение полиции,действия полиции (проведение проверки),not_duplicate
,"титул ""Поп-король"" Филиппа Бедросовича",сиквел Короля и Шута,not_duplicate
,поведение полиции,поведение сотрудников полиции (PLS),duplicate
,ежегодная медкомиссия для водителей,медицинская комиссия для водителей,duplicate
,концерт SCORPIONS в Ростове,состояние трассы Ростов-Семикаракорск,not_duplicate
,Рождественский сочельник и его празднование,Рождественские богослужения,not_duplicate
,ситуация с уборкой мусора,накопление мусора,not_duplicate
,автомобиль БЕЛДЖИ,"сериал «Клуб», Вася",not_duplicate
,действия властей,реакция властей на дело,similar_not_duplicate
,электроснабжение ЖК Вест-Сайд,продажа квартир в ЖПЭ,not_duplicate
,сериал Полиция Дели,продажа квартир в ЖПЭ,not_duplicate
,ситуация ДТП,авария на трассе,duplicate
,заказ шаурмы через Мах,продажа шаурмы через Мах,duplicate
,строительство ЖК Вест-Сайд,работа УК 'Доверие' по вывозу мусора,not_duplicate
,запирание в парке,запирание людей в парке,duplicate
,дорожно-транспортное происшествие,смертельное ДТП,not_duplicate
,ситуация с уборкой мусора,решение проблемы мусора,not_duplicate
,продажа просроченных продуктов,продажа просроченной пищевой продукции,duplicate
,фиксация беспилотных летательных аппаратов,полет беспилотников,not_duplicate
,действия ГИБДД,профилактическая акция ГИБДД,not_duplicate
,поведение родителей ребенка-виновника,поведение родителей ребенка,similar_not_duplicate
,причины повышения цен,повышение цен на товары,not_duplicate
,район школы искусств (место события),состояние района школы искусств,duplicate
,ДТП на трассе,Место ДТП,not_duplicate
,концерт Филиппа Киркорова,состояние дороги на ул. Заводской,not_duplicate
,дорожно-транспортное происшествие в Свердловской области,ДТП на трассе Ростов – Семикаракорск – Волгодонск,not_duplicate
,новые районы Краснодара,географическое положение Нового Краснодара,not_duplicate
,опасность из-за атаки беспилотников,беспилотная опасность - взрывы,duplicate
,Площадь Советов (Ростов-на-Дону),состояние трассы Ростов-Семикаракорск,not_duplicate
,расходы на свадьбу,стоимость свадьбы в будущем,not_duplicate
,опасность из-за атаки беспилотников,объявление беспилотной опасности,not_duplicate
,концерт Киркорова,состояние дороги на ул. Заводской,not_duplicate
,состояние шумозащитных конструкций,качество шумозащитных конструкций,not_duplicate
,ДТП на Базовом переулке,ДТП на перекрестке,not_duplicate
,ДТП на трассе,автомобильный инцидент,duplicate
,образ Филиппа Киркорова в шубе,эпатажный образ Филиппа Киркорова,not_duplicate
,поведение автора поста,деятельность автора поста,duplicate
,ситуация ДТП,смертельное ДТП,duplicate
,дорожно-транспортное происшествие,ДТП и его последствия,duplicate
,МУП 'СТЭ',характеристика глав субъектов РФ,not_duplicate
,Филипп Киркоров - шоу,стиль Филиппа Киркорова,not_duplicate
,действия администрации города,работа мэрии,duplicate
,введение штрафов за тонировку,введение единых штрафов,duplicate
,деятельность зацеперов,зацеперы и их методы,similar_not_duplicate
,Участие в концерте ЛЮБЭ,музыкальный микс Казакостояния,not_duplicate
,строительство метро в Питере и Москве,строительство метро в Новознаменскую,not_duplicate
,концерт поп-короля,Джефф Миллз,not_duplicate
,метод сбора мусора,вывоз мусора,not_duplicate
,застройка Краснодара и Нижнего,Краснодар - деревня,not_duplicate
,кинопремьера Аватар 3,сериал Полиция Дели,not_duplicate
,"питание детей в 1,5 года",детское питание,not_duplicate
,вывоз мусора / подрядчик,организация вывоза мусора,duplicate
,концерт Ленинграда,состояние дороги на ул. Заводской,not_duplicate
,способ уборки мусора,решение проблемы мусора,not_duplicate
,кинопремьера Аватар 3,концерт Ленинграда,not_duplicate
,поведение водителя «Нивы»,поведение водителя (Акцента),not_duplicate
,перехват беспилотников,источник беспилотников,not_duplicate
,применение УК РФ,падение обломков БПЛ,not_duplicate
,ЖК Вест-Сайд,кассовые сборы фильма «Чебурашка 2»,not_duplicate
,закрытие ворот в парке,закрытие территории парка,duplicate
,фильм Рождество на двоих,кассовые сборы фильма «Чебурашка 2»,not_duplicate
,действия Украины,действия сторонников Украины,not_duplicate
,ДТП,смертельное ДТП на дороге,duplicate
,фастфуд из картошки,жареная картошка как альтернатива фастфуду,not_duplicate
,автомобиль БЕЛДЖИ,применение УК РФ,not_duplicate
,безопасность региона,безопасность района,duplicate
,действия инспекторов ГИБДД,спектакли Московского театра,not_duplicate
,рекорд кассовых сборов фильма «Чебурашка 2»,успех фильма Чебурашка 2,not_duplicate
,строительство дорожной развязки,дорожная инфраструктура,not_duplicate
,доставка квитанций ЖКХ,характеристика глав субъектов РФ,not_duplicate
,страшное ДТП,Место ДТП,not_duplicate
,концерт Филиппа Киркорова,мероприятие Деда Мороза,not_duplicate
,деятельность зацеперов по сбору мусора,организация сбора мусора,not_duplicate
,масштаб аварии в ЖК Вест Сайд,Проблемы ЖК Вест-Сайд,not_duplicate
,сбитие беспилотников,дроновое нападение,not_duplicate
,перебои с электричеством,наличие электричества,not_duplicate
,дорожное движение,дорожная ситуация,not_duplicate
,ситуация ДТП,ДТП и его последствия,duplicate
,фильм Рождество на двоих,премьеры в кино,not_duplicate
,уборка снега,качество уборки снега,not_duplicate
,концерт SCORPIONS в Ростове,применение УК РФ,not_duplicate
,действия зацеперов,характеристика зацеперов,not_duplicate
,меры предосторожности МЧС,меры предосторожности,not_duplicate
,фильм Рождество на двоих,фильм Хроники Нарнии,not_duplicate
,реакция свидетелей,обращение к свидетелям,not_duplicate
,жанр шансон,ЖК Июнь,not_duplicate
,Участие в концерте ЛЮБЭ,падение обломков БПЛ,not_duplicate
,работа по вывозу мусора,Ситуация с вывозом мусора,not_duplicate
,объявление беспилотной опасности,распространение информации об угрозе беспилотников,not_duplicate
,общественный транспорт,маршрут общественного транспорта,similar_not_duplicate
,фильм Хроники Нарнии,участие водителя в конкурсе Голос Стерли,not_duplicate
,автомобиль БЕЛДЖИ,продажа квартир в ЖПЭ,not_duplicate
,обогреватель в электричке,циферка отопления,not_duplicate
,закрытие ресторана Бен Холл,концерт SCORPIONS в Ростове,not_duplicate
,погодные условия зимой,наступление зимы,not_duplicate
,состояние трассы Ростов-Семикаракорск,управление Нового Краснодара,not_duplicate
,шумозащитные конструкции,качество шумозащитных конструкций,not_duplicate
,термин водительница в ПДД,действия инспекторов ГИБДД,not_duplicate
,причины повышения цен,рост цен,not_duplicate
,концерт Филиппа Киркорова,дороги Осипенко/Репин,not_duplicate
,Дата празднования Рождества в разных конфессиях,Дата празднования Рождества у католиков и православных,similar_not_duplicate
,поведение автора поста,поведение автора поста (решение не ехать),similar_not_duplicate
,водитель мужчина,водитель автомобиля,not_duplicate
,ремонт газовых котлов,газовые котлы,similar_not_duplicate
,работа УК 'Доверие' по вывозу мусора,доставка квитанций ЖКХ,not_duplicate
,проблемы города,Ситуация в городе,not_duplicate
,отключение электроэнергии,причина отключения электричества,not_duplicate
,запрос информации о работе в GSB,работа в GSB,not_duplicate
,государственное управление ЖКХ,государственное регулирование ЖКХ,not_duplicate
,мероприятие Филиппа Киркорова,состояние трассы Ростов-Волгодонск,not_duplicate
,причины повышения цен,частое повышение цен на товары,not_duplicate
,фильм Хроники Нарнии,концерт SCORPIONS в Ростове,not_duplicate
,выбор песен Деда Мороза,выступление Деда Мороза,not_duplicate
,дрифт на ватрушке,пожарные гидранты,not_duplicate
,опасность из-за атаки беспилотников,объявление о беспилотной и ракетной опасности,not_duplicate
,закрытие ресторана Бен Холл,премьеры в кино,not_duplicate
,концерт Киркорова,премьеры в кино,not_duplicate
,страшное ДТП,авария на трассе,duplicate
,ДТП на тюбинге,страшное ДТП,duplicate
,"книга 'Сделано, чтобы прилипать'","книга ""Сделано, чтобы прилипать"", идеи",duplicate
,смертельный исход ДТП,результат аварии,duplicate
,фильм Волшебник Изумрудного города,продажа квартир в ЖПЭ,not_duplicate
,выбор песен Деда Мороза,песня Деда Мороза,not_duplicate
,ДТП на трассе,водители в ДТП,not_duplicate
,мероприятие у церкви,место проведения богослужений,not_duplicate
,ЖК Вест-Сайд,продажа квартир в ЖПЭ,not_duplicate
,празднование Рождества,Рождественская служба,not_duplicate
,фильм Хроники Нарнии,ЖК Вест-Сайд,not_duplicate
,действия полиции/властей,действия полиции (проведение проверки),not_duplicate
,Существование Деда Мороза,поведение Деда Мороза,not_duplicate
,управление Нового Краснодара,участие водителя в конкурсе Голос Стерли,not_duplicate
,поведение хаски в контактном зоопарке,поведение собаки в контактном зоопарке,duplicate
,автоматическое удаление сообщений,удаление сообщений,not_duplicate
,САХ,ад,not_duplicate
,кинопремьера Аватар 3,характеристика глав субъектов РФ,not_duplicate
,Джефф Миллз,фильм Волшебник Изумрудного города,not_duplicate
,карьера Бритни Спирс,действия инспекторов ГИБДД,not_duplicate
,продажа квартир в ЖПЭ,премьеры в кино,not_duplicate
,эффективность уборки снега,уборка снега грейдером,not_duplicate
,концерт Киркорова,электричество в ЖК Вест-Сайд,not_duplicate
,расположение горки и тротуара,пешеходная тропинка,not_duplicate
,концерт Филиппа Киркорова,фильм Рождество на двоих,not_duplicate
,дроновое нападение,взрывы беспилотников,duplicate
,действия инспекторов ГИБДД,работа УК 'Доверие' по вывозу мусора,not_duplicate
,кинопремьера Аватар 3,строительство ЖК Вест-Сайд,not_duplicate
,образ Филиппа Киркорова в шубе,внешность Филиппа Киркорова,not_duplicate
,участие в концерте Киркорова,спектакли Московского театра,not_duplicate
,состояние мусорных контейнеров,накопление мусора,not_duplicate
,выступление Филиппа Киркорова,стиль Филиппа Киркорова,not_duplicate
,Путин,полномочия Путина,similar_not_duplicate
,накопление мусора,решение проблемы мусора,not_duplicate
,Участие в концерте ЛЮБЭ,концерт группы «ИНДИИД»,not_duplicate
,деятельность зацеперов по сбору мусора,уборка мусора в районе,not_duplicate
,укладка асфальта,проблемы с асфальтом,not_duplicate
,жертва ДТП,ситуация ДТП,not_duplicate
,кинопремьера Аватар 3,спектакли Московского театра,not_duplicate
,агрессивное поведение,агрессивное поведение в обществе,duplicate
,сериал Полиция Дели,доставка квитанций ЖКХ,not_duplicate
,строительство ЖК Вест-Сайд,состояние трассы Ростов-Волгодонск,not_duplicate
,организация свадьбы,проведение свадебных торжеств,duplicate
,карьера Бритни Спирс,"титул ""Поп-король"" Филиппа Бедросовича",not_duplicate
,празднование Рождества Христова,крестный ход в Рождество,not_duplicate
,ёлка в Миассе,ёлка в Уфе,not_duplicate
,поведение украинских сил,Действия украинских военных,duplicate
,действия зацеперов,зацеперы и их методы,duplicate
,беспилотники из Украины,перехват украинских беспилотников,similar_not_duplicate
,"титул ""Поп-король"" Филиппа Бедросовича",спектакли Московского театра,not_duplicate
,распространение мусора,проблема вывоза мусора,not_duplicate
,рекорд кассовых сборов фильма «Чебурашка 2»,концерт группы «ИНДИИД»,not_duplicate
,участие в концерте Киркорова,управление Нового Краснодара,not_duplicate
,ЖК Вест-Сайд,жанр шансон,not_duplicate
,альтернативное детское питание,детское питание,not_duplicate
,концерт SCORPIONS в Ростове,автомобиль БЕЛДЖИ,not_duplicate
,концерт поп-короля,кассовые сборы фильма «Чебурашка 2»,not_duplicate
,отключение света в ЖК Вест-Сайд,перебои с электричеством в ЖК Вест-Сайд,duplicate
,размер штрафа за нарушение тонировки,штрафы за неправильную тонировку,duplicate
,закрытие ресторана Бен Холл,управление Нового Краснодара,not_duplicate
,поведение родителей,поведение родителя (несоблюдение присмотра),similar_not_duplicate
,вывоз мусора,ситуация с уборкой мусора,not_duplicate
,состояние дома после обвала крыши,состояние крыши дома,duplicate
,рождаемость в семье,рождаемость детей,duplicate
,концерт SCORPIONS в Ростове,премьеры в кино,not_duplicate
,Участие в концерте ЛЮБЭ,сиквел Короля и Шута,not_duplicate
,соблюдение ГОСТа на шаурму,введение ГОСТа на шаурму,not_duplicate
,рекламная кампания,наличие рекламы,not_duplicate
,жёсткое ДТП с большегрузами,ДТП легковушки под грузовиком,not_duplicate
,строительство шумозащитных конструкций,ненадежность шумозащитных конструкций,not_duplicate
,ДТП на трассе,страшное ДТП,duplicate
,концерт Филиппа Киркорова,продажа квартир в ЖПЭ,not_duplicate
,кинопремьера Аватар 3,кассовые сборы фильма «Чебурашка 2»,not_duplicate
,дерево на проезжей части,дерево на проводах,not_duplicate
,факт повреждения машины,происшествие с машиной,duplicate
,отключение электричества,аварийное отключение электроэнергии,duplicate
,Площадь Советов (Ростов-на-Дону),состояние дороги Ростов-Волгодонск,not_duplicate
,стоимость входа на каток,цена проезда,not_duplicate
,празднование Рождества Христова,Рождественский сочельник и его празднование,not_duplicate
,описание Башкирии,географическое положение Башкирии,not_duplicate
,застройка в Краснодаре,Краснодар - деревня,not_duplicate
,жертва ДТП,ДТП с погибшими,not_duplicate
,соблюдение ГОСТа на шаурму,внедрение ГОСТа на шаурму,not_duplicate
,"титул ""Поп-король"" Филиппа Бедросовича",автомобиль БЕЛДЖИ,not_duplicate
,фиксация беспилотных летательных аппаратов,источник беспилотников,not_duplicate
,сиквел Короля и Шута,термин водительница в ПДД,not_duplicate
,кинопремьера Аватар 3,пересъемка старых фильмов/сказок,not_duplicate
,концерт Ленинграда,МУП 'СТЭ',not_duplicate
,бегание зайцев во дворе,наличие кроликов во дворе,not_duplicate
,поведение зацеперов,деятельность зацеперов,similar_not_duplicate
,обязательная процедура медиации при разводе,новая система медиации при разводе,not_duplicate
,Рождество Христово (праздник),Празднование Рождества Христова под другим именем,duplicate
,запуск беспилотников,перехват беспилотников,not_duplicate
,колхозное водительское мнение,поведение водителей за рулем,not_duplicate
,частые перебои с электричеством,причина отключения электричества,not_duplicate
,безопасность в ДТП,дорожная безопасность,not_duplicate
,закрытие ресторана Бен Холл,фильм Рождество на двоих,not_duplicate
,продажа квартир в ЖПЭ,падение обломков БПЛ,not_duplicate
,застройка в Краснодаре,место события в Краснодаре,not_duplicate
,опасность из-за атаки беспилотников,беспилотная атака,similar_not_duplicate
,наплыв туристов в Сочи,туристический поток в Сочи,duplicate
,звук взрывов в городе,взрывы в городе,duplicate
,качество отечественного кино,качество российских фильмов,duplicate
,первая часть фильма Чебурашка,продажа квартир в ЖПЭ,not_duplicate
,проблема с вывозом мусора,решение проблемы мусора,not_duplicate
,качество шумозащитных конструкций,ненадежность шумозащитных конструкций,not_duplicate
,ДТП на тюбинге,ДТП,duplicate
,празднование Рождества Христова,Рождественская литургия,not_duplicate
,метод сбора мусора,решение проблемы мусора,not_duplicate
,строительство метро в Краснодаре,маршрут метро в Краснодаре,not_duplicate
,сериал Полиция Дели,электричество в ЖК Вест-Сайд,not_duplicate
,использование левого ряда для поворота,поворот налево из среднего ряда,not_duplicate
,кинопремьера Аватар 3,премьеры в кино,not_duplicate
,концерт поп-короля,термин водительница в ПДД,not_duplicate
,Домашнее питание детей,прикорм для детей,not_duplicate
,термин водительница в ПДД,строительство ЖК Вест-Сайд,not_duplicate
,запрет горок,кража сочинца,not_duplicate
,состояние трассы Ростов-Волгодонск,расписание маршруток Апшеронск-Кубанская,not_duplicate
,кинопремьера Аватар 3,концерт поп-короля,not_duplicate
,наплыв туристов в Сочи,наплыв туристов в Москву,not_duplicate
,концерт SCORPIONS в Ростове,действия инспекторов ГИБДД,not_duplicate
,первая часть фильма Чебурашка,успех фильма Чебурашка 2,not_duplicate
,поведение водителей в ДТП,поведение водителей за рулем,not_duplicate
,взрывчатка,взрывы,not_duplicate
,реализация проекта метро в Краснодаре,маршрут метро в Краснодаре,not_duplicate
,пересъемка старых фильмов/сказок,продажа квартир в ЖПЭ,not_duplicate
,дорожная обстановка,загораживание проездов,not_duplicate
,Жёсткое ДТП,результат аварии,duplicate
,дроновое нападение,сбитый беспилотник,not_duplicate
,"сериал «Клуб», Вася",продажа квартир в ЖПЭ,not_duplicate
,ДТП на трассе,ситуация ДТП,duplicate
,туристический сервис в Сочи,туристический поток в Сочи,not_duplicate
,поведение водителей,поведение владельцев автомобилей,similar_not_duplicate
,работа по вывозу мусора,проблема вывоза мусора,not_duplicate
,авария ребенка,ДТП с жертвами детей,duplicate
,место аварии,результат аварии,not_duplicate
,реакция полиции,поведение полиции,not_duplicate
,проблема с чисткой проездов в карманах,чистка дорог в карманах,duplicate
,выпечка пирога на праздник,желание испечь пирог,not_duplicate
,отдых за границей,путешествие за границу,duplicate
,проблема с вывозом мусора,нерешенная проблема с мусором,duplicate
,Проблемы ЖК Вест-Сайд,автомобиль БЕЛДЖИ,not_duplicate
,Рождественская служба,Рождество Христово,not_duplicate
,Рождественская служба,крестный ход в Рождество,not_duplicate
,падение БПЛА,место падения БПЛА,not_duplicate
,карьера Бритни Спирс,фильм Волшебник Изумрудного города,not_duplicate
,состояние дорог в Челябинской области,состояние дороги под Новороссийском,not_duplicate
,пробка,загораживание проездов,duplicate
,продажа квартир в ЖПЭ,характеристика глав субъектов РФ,not_duplicate
,кинопремьера Одесия,продажа квартир в ЖПЭ,not_duplicate
,поведение водителей,колхозное водительское мнение,not_duplicate
,концерт поп-короля,продажа квартир в ЖПЭ,not_duplicate
,Действия по защите побережья от мазута,эффективность защиты побережья,not_duplicate
,вывоз мусора,вывоз мусора в городе,duplicate
,стоимость билетов,информация о ценах на билеты,not_duplicate
,работа по обеспечению безопасности,обеспечение безопасности,duplicate
,ЖК Вест-Сайд,состояние трассы Ростов-Волгодонск,not_duplicate
,Участие в концерте ЛЮБЭ,строительство ЖК Вест-Сайд,not_duplicate
,кинопремьера Одесия,сиквел Короля и Шута,not_duplicate
,ДТП,происшествие с машиной,duplicate
,Поведение Филиппа Киркорова на концерте,посещение концерта Филиппа Киркорова,not_duplicate
,Участие в концерте ЛЮБЭ,автомобиль БЕЛДЖИ,not_duplicate
,место съемки,место действия,not_duplicate
,ситуация с уборкой мусора,проблема вывоза мусора,not_duplicate
,мероприятие Деда Мороза,первая часть фильма Чебурашка,not_duplicate
,Площадь Советов (Ростов-на-Дону),спектакли Московского театра,not_duplicate
,надпись МОРЕ,перевод говнотечки,not_duplicate
,контроль вывоза мусора,система управления мусором,duplicate
,концерт Ленинграда,расписание маршруток Апшеронск-Кубанская,not_duplicate
,причина ДТП,ДТП и его последствия,not_duplicate
,Жёсткое ДТП,происшествие с машиной,duplicate
,концерт поп-короля,электричество в ЖК Вест-Сайд,not_duplicate
,застройка Краснодара и Нижнего,застройка Новознаменского,not_duplicate
,Проблемы ЖК Вест-Сайд,применение УК РФ,not_duplicate
,электричество в ЖК Вест-Сайд,концерт группы «ИНДИИД»,not_duplicate
,дорога Ростов-Семикаракорск-Волгодонск,расписание маршруток Апшеронск-Кубанская,not_duplicate
,частота ДТП с участием джипов и автопоездов,частота ДТП,not_duplicate
,Место ДТП,место инцидента,duplicate
,сбитые БПЛА,падение обломков БПЛ,not_duplicate
,введение штрафов за тонировку,штрафы за неправильную тонировку,duplicate
,сбитие беспилотников,работа ПВО по сбитым беспилотникам,not_duplicate
,песня/стихотворение о бродяге,перевод говнотечки,not_duplicate
,качество дорог,качество ремонта дороги,not_duplicate
,закрытие ресторана Бен Холл,продажа квартир в ЖПЭ,not_duplicate
,электроснабжение,электроснабжение на Промышленной,not_duplicate
,обсуждение красивых дат для свадьбы,выбор даты свадьбы,not_duplicate
,Продление работы транспорта,реализация распорядка работы транспорта,duplicate
,Силы Беспилотных систем Украины,беспилотники из Украины,not_duplicate
,Участие в концерте ЛЮБЭ,пересъемка старых фильмов/сказок,not_duplicate
,работа в GSB на Хвойной,работа в GSB через Ситик,not_duplicate
,физическое насилие мужчин над женщинами,насилие против мужчин,not_duplicate
,концерт Филиппа Киркорова,кинопремьера Аватар 3,not_duplicate
,действия инспекторов ГИБДД,профилактическая акция ГИБДД,not_duplicate
,водитель получает штраф за тонировку,Применение штрафов к водителям,duplicate
,вывоз мусора,вывоз мусора в Гэсе,not_duplicate
,Москва - лицо страны,Москва,similar_not_duplicate
,участие в концерте Киркорова,концерт Ленинграда,not_duplicate
,примета дарения цветов артистам,подаренные цветы артистам,not_duplicate
,эффективность уничтожения дронов,уничтожение беспилотников ПВО,not_duplicate
,восстановление железнодорожной инфраструктуры,железнодорожная инфраструктура,similar_not_duplicate
,пение в комментариях,призыв петь в комментариях,not_duplicate
,автомобиль БЕЛДЖИ,спектакли Московского театра,not_duplicate
,ледовый городок,ледовый дворец,not_duplicate
,выдача штрафа,штраф за нарушение тонировки,duplicate
,электричество в ЖК Вест-Сайд,состояние дороги на ул. Заводской,not_duplicate
,состояние дороги Ростов-Волгодонск,состояние дороги на ул. Заводской,not_duplicate
,карьера Бритни Спирс,МУП 'СТЭ',not_duplicate
,пенсионерка-пострадавшая,инцидент с пенсионеркой,duplicate
,электричество в ЖК Вест-Сайд,работа УК 'Доверие' по вывозу мусора,not_duplicate
,"сериал «Клуб», Вася",премьеры в кино,not_duplicate
,продажа квартир в ЖПЭ,состояние дороги на ул. Заводской,not_duplicate
,американский беспилотник,сбитый беспилотник,not_duplicate
,кинопремьера Одесия,применение УК РФ,not_duplicate
,концерт поп-короля,применение УК РФ,not_duplicate
,посыпание дорог зимой,состояние дорог после снегопада,not_duplicate
,жертва ДТП,смертельный исход ДТП,not_duplicate
,фильм Рождество на двоих,концерт Ленинграда,not_duplicate
,сиквел Короля и Шута,управление Нового Краснодара,not_duplicate
,фильм Рождество на двоих,строительство ЖК Вест-Сайд,not_duplicate
,ЖК Вест-Сайд,доставка квитанций ЖКХ,not_duplicate
,продажа квартир в ЖПЭ,спектакли Московского театра,not_duplicate
,содержание сообщений,информация в сообщении,duplicate
,отключение электроэнергии,отсутствие электричества,duplicate
,сброс нечистот в реку,сброс нечистот в реку Белекес,similar_not_duplicate
,Рождественский сочельник и его празднование,крестный ход в Рождество,not_duplicate
,опасность из-за атаки беспилотников,объявление беспилотной и ракетной опасности,not_duplicate
,обязательная медиация перед разводом,новая система медиации при разводе,not_duplicate
,поведение пешеходов в ДТП,поведение водителей в ДТП,not_duplicate
,Беспилотники уничтоженные,способ уничтожения беспилотников,not_duplicate
,проблема с вывозом мусора,накопление мусора,not_duplicate
,дорога Ростов-Семикаракорск-Волгодонск,состояние дороги на ул. Заводской,not_duplicate
,взрывы беспилотников,перехват беспилотников,not_duplicate
,организация свадьбы,организация свадьбы дома,not_duplicate
,меры чиновников,поведение чиновников,not_duplicate
,перебои с электричеством в ЖК Вест-Сайд,масштаб аварии в ЖК Вест Сайд,not_duplicate
,предложение работы/подработки,предложение разовой работы,duplicate
,страшное ДТП,результат аварии,duplicate
,предпосылки преступлений,Преступность,not_duplicate
,выступление Деда Мороза с песней,голос Деда Мороза,not_duplicate
,Филипп Киркоров,стиль Филиппа Киркорова,similar_not_duplicate
,празднование Рождества,Рождество Христово,duplicate
,концерт Киркорова,продажа квартир в ЖПЭ,not_duplicate
,зацеперы и их методы,характеристика зацеперов,not_duplicate
,термин водительница в ПДД,электроснабжение ЖК Вест-Сайд,not_duplicate
,рост цен на продукты,повышение цен на товары,not_duplicate
,Участие в концерте ЛЮБЭ,электроснабжение ЖК Вест-Сайд,not_duplicate
,концерт Филиппа Киркорова,рекорд кассовых сборов фильма «Чебурашка 2»,not_duplicate
,Дед Мороз,мероприятие Деда Мороза,similar_not_duplicate
,закрытие ресторана Бен Холл,доставка квитанций ЖКХ,not_duplicate
,чистка карманов дорог,чистка проездов в карманах,duplicate
,жанр шансон,сбитые БПЛА,not_duplicate
,Рождество Христово,Рождественский сочельник и его празднование,not_duplicate
,ситуация с уборкой мусора,Метод утилизации мусора,not_duplicate
,работа по обеспечению безопасности,обеспечение безопасности сотрудниками,not_duplicate
,"титул ""Поп-король"" Филиппа Бедросовича",концерт SCORPIONS в Ростове,not_duplicate
,кинопремьера Одесия,электричество в ЖК Вест-Сайд,not_duplicate
,деятельность зацеперов по сбору мусора,организация вывоза мусора,not_duplicate
,закрытие парков раньше времени,закрытие парка в неурочное время,duplicate
,Участие в концерте ЛЮБЭ,концерт SCORPIONS в Ростове,not_duplicate
,голос Деда Мороза,пение Деда Мороза,duplicate
,непонятные звуки,звуковые явления,duplicate
,бумажный город,бумажная модель города,duplicate
,состояние дорог,состояние дорог в Уфе,not_duplicate
,стоимость продуктовой корзины,цены на продукты,duplicate
,сериал Полиция Дели,жанр шансон,not_duplicate
,дорогая организация свадьбы,затраты на свадьбу,duplicate
,Джефф Миллз,спектакли Московского театра,not_duplicate
,действия при обнаружении дрона,фиксация беспилотных летательных аппаратов,not_duplicate
,эффективность уборки снега,Неэффективная уборка снега,not_duplicate
,Джефф Миллз,управление Нового Краснодара,not_duplicate
,закрытие ресторана Бен Холл,фильм Хроники Нарнии,not_duplicate
,кинопремьера Аватар 3,электроснабжение ЖК Вест-Сайд,not_duplicate
,состояние трассы Ростов-Волгодонск,концерт группы «ИНДИИД»,not_duplicate
,магазины-пятёрочка,перевод говнотечки,not_duplicate
,вывоз мусора на Первомайской,вывоз мусора на ГРЭС,not_duplicate
,способ уборки мусора,уборка мусора в районе,not_duplicate
,мера по увеличению работы транспорта,Продление работы транспорта,duplicate
,действия чиновников,поведение властей,not_duplicate
,эпатажный образ Филиппа Киркорова,стиль Филиппа Киркорова,not_duplicate
,проблема с вывозом мусора,распространение мусора,not_duplicate
,ремонт газовых котлов,работа газового котла,similar_not_duplicate
,рождественские традиции/колядование,Рождество Христово (праздник),not_duplicate
,работа УК 'Доверие' по вывозу мусора,первая часть фильма Чебурашка,not_duplicate
,мероприятие Деда Мороза,фильм Волшебник Изумрудного города,not_duplicate
,мероприятие Филиппа Киркорова,автомобиль БЕЛДЖИ,not_duplicate
,Недвижимость в Краснодаре,рынок недвижимости в Краснодаре,duplicate
,зацеперы,сирены,not_duplicate
,сериал Полиция Дели,фильм Рождество на двоих,not_duplicate
,кинопремьера Аватар 3,действия инспекторов ГИБДД,not_duplicate
,борьба с зацеперами,методы борьбы с зацеперами,duplicate
,кинопремьера Одесия,Участие в концерте ЛЮБЭ,not_duplicate
,спасённая собака,спасение собак,not_duplicate
,Джефф Миллз,электричество в ЖК Вест-Сайд,not_duplicate
,фестиваль Мандарин,открытие фестиваля Мандарин,similar_not_duplicate
,концерт Ленинграда,Проблемы ЖК Вест-Сайд,not_duplicate
,состояние дорог,состояние тротуаров,not_duplicate
,меры безопасности,информация о мерах безопасности,not_duplicate
,кассовые сборы фильма «Чебурашка 2»,премьеры в кино,not_duplicate
,ДТП на тюбинге,ситуация ДТП,duplicate
,цена пирожков,стоимость продуктовой корзины,not_duplicate
,термин водительница в ПДД,ЖК Вест-Сайд,not_duplicate
,Рождественская служба,Рождественская литургия,duplicate
,кинопремьера Аватар 3,ЖК Вест-Сайд,not_duplicate
,мероприятие Деда Мороза,пересъемка старых фильмов/сказок,not_duplicate
,Джефф Миллз,жанр шансон,not_duplicate
,фильм Хроники Нарнии,действия инспекторов ГИБДД,not_duplicate
,ремонт Futuro,прошлое состояние Futuro,not_duplicate
,частота уборки мусора,ситуация с уборкой мусора,not_duplicate
,Площадь Советов (Ростов-на-Дону),состояние дороги на ул. Заводской,not_duplicate
,электроснабжение ЖК Вест-Сайд,МУП 'СТЭ',not_duplicate
,вывоз мусора,контроль вывоза мусора,similar_not_duplicate
,информация о беспилотниках,фиксация беспилотных летательных аппаратов,not_duplicate
,электричество в ЖК Вест-Сайд,применение УК РФ,not_duplicate
,деятельность зацеперов по сбору мусора,работа компании по вывозу мусора,not_duplicate
,мероприятие Филиппа Киркорова,стиль Филиппа Киркорова,not_duplicate
,электроснабжение ЖК Вест-Сайд,рекорд кассовых сборов фильма «Чебурашка 2»,not_duplicate
,ДТП на трассе Ростов – Семикаракорск – Волгодонск,ДТП в Новороссийске,not_duplicate
,Существование Деда Мороза,образ Деда Мороза и репертуар,not_duplicate
,беспилотная атака,способ уничтожения беспилотников,not_duplicate
,снег через сетку,снежная обстановка,not_duplicate
,фильм Хроники Нарнии,кассовые сборы фильма «Чебурашка 2»,not_duplicate
,Филипп Киркоров,внешность Филиппа Киркорова,similar_not_duplicate
,смертельное ДТП,результат аварии,duplicate
,военные действия,военная ситуация,duplicate
,чистка карманов на дорогах,проблема с чисткой проездов в карманах,duplicate
,ДТП на тюбинге,Жёсткое ДТП,duplicate
,фильм Хроники Нарнии,Джефф Миллз,not_duplicate
,концерт Ленинграда,жанр шансон,not_duplicate
,место события в Краснодаре,Краснодар - деревня,not_duplicate
,отечественное кино,перевод говнотечки,not_duplicate
,поведение украинских сил,действия Украины,duplicate
,дорожная обстановка,состояние дорог и тротуаров,not_duplicate
,Участие в концерте ЛЮБЭ,"сериал «Клуб», Вася",not_duplicate
,ситуация с уборкой мусора,ухудшение качества уборки мусора,not_duplicate
,канун Рождества Христова,Рождественские богослужения,not_duplicate
,ремонт школы,ремонт школы в рамках национального проекта,not_duplicate
,действия инспекторов ГИБДД,рекорд кассовых сборов фильма «Чебурашка 2»,not_duplicate
,МУП 'СТЭ',участие водителя в конкурсе Голос Стерли,not_duplicate
,карьера Бритни Спирс,падение обломков БПЛ,not_duplicate
,автомобиль БЕЛДЖИ,доставка квитанций ЖКХ,not_duplicate
,термин водительница в ПДД,Джефф Миллз,not_duplicate
,поведение участников тусовки,поведение гостей на мероприятии,duplicate
,ситуация ДТП,смертельное ДТП на дороге,duplicate
,рекорд кассовых сборов фильма «Чебурашка 2»,характеристика глав субъектов РФ,not_duplicate
,участие в ДТП,смертельное ДТП,not_duplicate
,перехват беспилотников,Действия в РБ связанные с беспилотниками,not_duplicate
,помощь животным в Судже,спасение домашних животных в Судже,not_duplicate
,электроснабжение ЖК Вест-Сайд,премьеры в кино,not_duplicate
,информация о ценах на билеты,ценник на билеты,duplicate
,кинопремьера Одесия,рекорд кассовых сборов фильма «Чебурашка 2»,not_duplicate
,рекорд кассовых сборов фильма «Чебурашка 2»,фильм Волшебник Изумрудного города,not_duplicate
,рекорд кассовых сборов фильма «Чебурашка 2»,падение обломков БПЛ,not_duplicate
,зацеперы,миньетчицы,not_duplicate
,участие в концерте Киркорова,музыкальный микс Казакостояния,not_duplicate
,необходимость асфальта,проблемы с асфальтом,not_duplicate
,счет за квартиру,высокий счет за квартиру,duplicate
,Проблемы ЖК Вест-Сайд,состояние дороги на ул. Заводской,not_duplicate
,состояние ледового городка,проблема с ледяными глыбами,not_duplicate
,дорожная безопасность,меры безопасности в ДТП,not_duplicate
,электричество в ЖК Вест-Сайд,спектакли Московского театра,not_duplicate
,семейное насилие,насилие в отношениях,not_duplicate
,обсуждение красивых дат для свадьбы,выбор дат для свадеб,not_duplicate
,обеспечение безопасности,меры личной безопасности,not_duplicate
,отключение электричества в ЖК Вест-Сайд,фильм Волшебник Изумрудного города,not_duplicate
,жанр шансон,магазины-пятёрочка,not_duplicate
,жанр шансон,первая часть фильма Чебурашка,not_duplicate
,поведение родителей ребенка,поведение родителя (несоблюдение присмотра),similar_not_duplicate
,проблемы с мобильным интернетом,мобильный интернет,similar_not_duplicate
,Дед Мороз как переодетые взрослые,Дед Мороз как переодетый родитель,duplicate
,отключение электроэнергии,аварийное отключение электроэнергии,duplicate
,зацеперы сбор мусора,уборка мусора,not_duplicate
,качество обслуживания Билайн,качество услуг МТС,not_duplicate
,дорога Ростов-Семикаракорск-Волгодонск,состояние дороги от Магнитогорска до Челябинска,not_duplicate
,доставка квитанций ЖКХ,первая часть фильма Чебурашка,not_duplicate
,действия администрации города,внимание властей к городу,not_duplicate
,безопасность района Красноармейская,безопасность улицы Красноармейская,duplicate
,первая часть фильма Чебурашка,применение УК РФ,not_duplicate
,электричество в ЖК Вест-Сайд,участие водителя в конкурсе Голос Стерли,not_duplicate
,жанр шансон,новогодняя ёлка от ЧМЗ,not_duplicate
,рынок недвижимости Ростова,рынок недвижимости в Краснодаре,not_duplicate
,концерт SCORPIONS в Ростове,состояние дороги на ул. Заводской,not_duplicate
,строительство шумозащитных конструкций,надежность шумозащитных конструкций,not_duplicate
,Джефф Миллз,премьеры в кино,not_duplicate
,повторные судимости и пожизненные наказания,применение пожизненного наказания без суда,not_duplicate
,термин водительница в ПДД,первая часть фильма Чебурашка,not_duplicate
,кот на дереве,спасение кота из-за деревьев,duplicate
,введение ГОСТа на шаурму,ГОСТ на шаурму,duplicate
,качество ремонта остановки,качество ремонта,not_duplicate
,теракты и беспилотники,информация о беспилотной атаке,not_duplicate
,информация о стоимости свадьбы,средние затраты на свадьбу,not_duplicate
,термин водительница в ПДД,фильм Волшебник Изумрудного города,not_duplicate
,мероприятие балаган,мероприятие,similar_not_duplicate
,ребенок-виновник ДТП,авария ребенка,duplicate
,инцидент на горке,ДТП на тюбинге,not_duplicate
,управление Нового Краснодара,кассовые сборы фильма «Чебурашка 2»,not_duplicate
,состояние трассы Ростов-Семикаракорск,применение УК РФ,not_duplicate
,отключение электричества в районе,отсутствие электричества в населенных пунктах,not_duplicate
,участие в концерте Киркорова,концерт SCORPIONS в Ростове,not_duplicate
,расходы на свадьбу,дорогая организация свадьбы,duplicate
,Джефф Миллз,продажа квартир в ЖПЭ,not_duplicate
,свадьбы как показуха,проведение свадебных торжеств,not_duplicate
,кража ёлки,лист жести,not_duplicate
,падение обломков БПЛ,премьеры в кино,not_duplicate
,мероприятие Филиппа Киркорова,первая часть фильма Чебурашка,not_duplicate
,состояние дороги Плотинка,состояние дорог в Уфе,not_duplicate
,фильм Рождество на двоих,концерт группы «ИНДИИД»,not_duplicate
,действия инспекторов ГИБДД,применение УК РФ,not_duplicate
,перебои с электричеством,причина отключения электричества,not_duplicate
,кинопремьеры 2026 года,премьеры в кино,not_duplicate
,победа Салавата Юлаева,успех Салавата Юлаева,duplicate
,фильм Хроники Нарнии,термин водительница в ПДД,not_duplicate
,новое правило о штрафах за тонировку,штрафы за неправильную тонировку,duplicate
,строительство ЖК Вест-Сайд,рекорд кассовых сборов фильма «Чебурашка 2»,not_duplicate
,проверка ресторана,проверка силовиков в ресторане,not_duplicate
,метод сбора мусора,уборка мусора в районе,not_duplicate
,частота гибели людей на дорогах,частота ДТП с летальным исходом,duplicate
,дорожное движение,загораживание проездов,not_duplicate
,термин водительница в ПДД,"сериал «Клуб», Вася",not_duplicate
,повторные судимости и пожизненные наказания,пожизненное заключение,duplicate
,концерт поп-короля,доставка квитанций ЖКХ,not_duplicate
,метод сбора мусора,зацеперы сбор мусора,not_duplicate
,применение УК РФ,уголовное дело по ст.213 УК РФ,not_duplicate
,концерт Ленинграда,рекорд кассовых сборов фильма «Чебурашка 2»,not_duplicate
,мероприятие Филиппа Киркорова,"титул ""Поп-король"" Филиппа Бедросовича",not_duplicate
,наплыв туристов в Москву,влияние туристов на Москву,not_duplicate
,поведение детей (поджог кустов),поведение детей с огнём,duplicate
,закрытие ресторана Бен Холл,термин водительница в ПДД,not_duplicate
,"титул ""Поп-король"" Филиппа Бедросовича",термин водительница в ПДД,not_duplicate
,медицинская помощь при инсульте,спасение человека с инсультом,duplicate
,кинопремьера Аватар 3,"сериал «Клуб», Вася",not_duplicate
,Продление работы транспорта,развитие транспорта,not_duplicate
,костюмы Филиппа Киркорова,деятельность Филиппа Киркорова,not_duplicate
,автомобиль БЕЛДЖИ,деятельность Первого оконного завода,not_duplicate
,характеристика повода нападения,ситуация с нападением,not_duplicate
,концерт Киркорова,дороги Осипенко/Репин,not_duplicate
,частота ДТП из-за нетрезвых водителей,количество ДТП,not_duplicate
,туризм в Краснодарском крае,туризм в Башкирии,not_duplicate
,карьера Бритни Спирс,сиквел Короля и Шута,not_duplicate
,реагирование на инцидент с газом,авария с газом,similar_not_duplicate
,участие в боевых действиях против России,действия ПВО в РФ,not_duplicate
,перебои с электричеством,отключение электричества,duplicate
,закрытие ресторана Бен Холл,отключение электричества в ЖК Вест-Сайд,not_duplicate
,МУП 'СТЭ',применение УК РФ,not_duplicate
,действия инспекторов ГИБДД,продажа квартир в ЖПЭ,not_duplicate
,состояние железнодорожной инфраструктуры,восстановление железнодорожной инфраструктуры,similar_not_duplicate
,военные действия в РФ,военные действия Украина-Россия,not_duplicate
,меры принуждения при разводе,процесс развода при изменах,not_duplicate
,термин водительница в ПДД,премьеры в кино,not_duplicate
,способ уборки мусора,зацеперы сбор мусора,not_duplicate
,инцидент на тюбинге,новость об аварии на тюбинге,duplicate
,концерт Киркорова,фильм Рождество на двоих,not_duplicate
,праздничные дни,Святки как праздник,not_duplicate
,отключение электричества в ЖК Вест-Сайд,масштаб аварии в ЖК Вест Сайд,not_duplicate
,Площадь Советов (Ростов-на-Дону),дорога Ростов-Семикаракорск-Волгодонск,not_duplicate
,выпечка пирога на праздник,приготовление пирогов,not_duplicate
,контроль вывоза мусора,Ситуация с вывозом мусора,not_duplicate
,сбитый беспилотник,полет беспилотников,not_duplicate
,участие в концерте Киркорова,участие водителя в конкурсе Голос Стерли,not_duplicate
,проблема вывоза мусора,организация вывоза мусора,not_duplicate
,Участие в концерте ЛЮБЭ,жанр шансон,not_duplicate
,Участие в концерте ЛЮБЭ,ЖК Вест-Сайд,not_duplicate
,ракетная опасность и вероятность угрозы,реакция на ракетную опасность,not_duplicate
,продажа квартир в ЖПЭ,концерт группы «ИНДИИД»,not_duplicate
,фильм Рождество на двоих,участие водителя в конкурсе Голос Стерли,not_duplicate
,организация свадебного банкета,свадьба как мероприятие,not_duplicate
,опасность из-за транспорта,опасность трассы,duplicate
,применение УК РФ,концерт группы «ИНДИИД»,not_duplicate
,концерт поп-короля,МУП 'СТЭ',not_duplicate
,рождественские традиции/колядование,Рождественская служба,not_duplicate
,укладка асфальта,необходимость асфальта,not_duplicate
,"титул ""Поп-король"" Филиппа Бедросовича",кассовые сборы фильма «Чебурашка 2»,not_duplicate
,сиквел Короля и Шута,электричество в ЖК Вест-Сайд,not_duplicate
,реакция полиции,действия полиции/властей,not_duplicate
,термин водительница в ПДД,падение обломков БПЛ,not_duplicate
,накопление мусора,нерешенная проблема с мусором,duplicate
,туристический наплыв в Москву,влияние туристов на Москву,not_duplicate
,религиозное мероприятие (Рождество в храме),религиозное мероприятие,similar_not_duplicate
,закрытие ресторана Бен Холл,рекорд кассовых сборов фильма «Чебурашка 2»,not_duplicate
,Проблемы ЖК Вест-Сайд,характеристика глав субъектов РФ,not_duplicate
,состояние ледового городка,небезопасность ледового городка,duplicate
,поведение родителей ребенка-виновника,поведение родителя (несоблюдение присмотра),similar_not_duplicate
,уголовное дело по ст.213 УК РФ,характеристика глав субъектов РФ,not_duplicate
,зацеперы,характеристика зацеперов,similar_not_duplicate
,работа ПВО по сбитым беспилотникам,перехват беспилотников,not_duplicate
,концерт Ленинграда,состояние трассы Ростов-Семикаракорск,not_duplicate
,жанр шансон,доставка квитанций ЖКХ,not_duplicate
,термин водительница в ПДД,работа УК 'Доверие' по вывозу мусора,not_duplicate
,строительство шумозащитных конструкций,качество установки шумозащитных конструкций,not_duplicate
,фильм Рождество на двоих,спектакли Московского театра,not_duplicate
,жанр шансон,деятельность Первого оконного завода,not_duplicate
,использование левого ряда для поворота,использование левой полосы,duplicate
,работа УК 'Доверие' по вывозу мусора,концерт группы «ИНДИИД»,not_duplicate
,поведение мужчин в отношениях,поведение мужчин,not_duplicate
,обогреватель в электричке,отопление/котлы,not_duplicate
,карьера Бритни Спирс,кассовые сборы фильма «Чебурашка 2»,not_duplicate
,работа коммунальных служб,работа мэрии,not_duplicate
,управление Нового Краснодара,продажа квартир в ЖПЭ,not_duplicate
,концерт поп-короля,мероприятие Деда Мороза,not_duplicate
,строительство дорожной развязки,ремонт дороги,not_duplicate
,выборы депутатов Госдумы,выборы Государственной Думы,duplicate
,фильм Волшебник Изумрудного города,состояние дороги на ул. Заводской,not_duplicate
,закрытие ресторана Бен Холл,работа УК 'Доверие' по вывозу мусора,not_duplicate
,общая ситуация с парковкой,состояние парковки и дороги,not_duplicate
,первая часть фильма Чебурашка,состояние дороги на ул. Заводской,not_duplicate
,перехват беспилотников,беспилотники и ПВО,not_duplicate
,зима и её восприятие,наступление зимы,not_duplicate
,мероприятие Рождество,канун Рождества Христова,not_duplicate
,клиенты магазинов,магазины,not_duplicate
,фильм Рождество на двоих,электроснабжение ЖК Вест-Сайд,not_duplicate
,Плотинка,ПВО,not_duplicate
,концерт Киркорова,состояние трассы Ростов-Семикаракорск,not_duplicate
,меры безопасности,работа по обеспечению безопасности,duplicate
,кинопремьера Одесия,термин водительница в ПДД,not_duplicate
,беспилотники,сбитие беспилотников,similar_not_duplicate
,поведение администрации,поведение чиновников,duplicate
,религиозная активность,религиозное мероприятие,duplicate
,процесс развода с медиацией,обязательная процедура медиации при разводе,not_duplicate
,безопасность горки,безопасность гособъектов,not_duplicate
,реклама в канале,наличие рекламы,not_duplicate
,рождаемость в семье,рождение детей,duplicate
,инцидент на улице Ростова,ДТП в Ростовской области,not_duplicate
,Рождественская служба,Рождество Христово (праздник),not_duplicate
,меры безопасности,безопасность при угрозе,duplicate
,работа УК 'Доверие' по вывозу мусора,участие водителя в конкурсе Голос Стерли,not_duplicate
,Проблемы ЖК Вест-Сайд,пересъемка старых фильмов/сказок,not_duplicate
,информация о беспилотниках,источник беспилотников,not_duplicate
,работа полиции,действия полиции (проведение проверки),not_duplicate
,наличие рекламы,расклейщики объявлений,not_duplicate
,термин водительница в ПДД,МУП 'СТЭ',not_duplicate
,развитие событий,развитие ситуации,duplicate
,отключение электричества,ситуация с отключением света,duplicate
,Действия украинских военных,военные действия Украина-Россия,not_duplicate
,наличие интернета,работоспособность интернета,duplicate
,отключение электричества,отключение электричества в районе,not_duplicate
,безопасность в ДТП,безопасность на дорогах,not_duplicate
,дорожно-транспортное происшествие,ДТП на перекрестке,not_duplicate
,метод сбора мусора,работа по вывозу мусора,not_duplicate
,происшествие в Краснодаре,ДТП в Краснодаре,duplicate
,желание испечь пирог,приготовление пирогов,not_duplicate
,ситуация с уборкой мусора,Ситуация с вывозом мусора,duplicate
,фильм Хроники Нарнии,состояние трассы Ростов-Волгодонск,not_duplicate
,проблема с вывозом мусора,работа по вывозу мусора,not_duplicate
,ДТП с погибшими детьми и взрослыми,гибель ребенка и женщины в ДТП,not_duplicate
,Проблемы ЖК Вест-Сайд,доставка квитанций ЖКХ,not_duplicate
,запуск беспилотников,источник беспилотников,not_duplicate
,дорожно-транспортное происшествие,ДТП с погибшими,not_duplicate
,беспилотники,способ уничтожения беспилотников,not_duplicate
,Участие в концерте ЛЮБЭ,фильм Волшебник Изумрудного города,not_duplicate
,мероприятие Филиппа Киркорова,концерт SCORPIONS в Ростове,not_duplicate
,повышение цен на продукты,частое повышение цен на товары,not_duplicate
,закрытие территории парка,закрытие парка до официального времени,duplicate
,эпатажный образ Филиппа Киркорова,образ Киркорова,similar_not_duplicate
,ЖК Вест-Сайд,работа УК 'Доверие' по вывозу мусора,not_duplicate
,закрытие ресторана Бен Холл,Участие в концерте ЛЮБЭ,not_duplicate
,труд коммунальщиков,труд коммунальщиков в экстренных условиях,duplicate
,метод сбора мусора,организация сбора мусора,not_duplicate
,применение УК РФ,премьеры в кино,not_duplicate
,задержка поездов и компенсация за билеты,задержка поезда и условия для пассажиров,not_duplicate
,дорожно-транспортное происшествие,погибшие в ДТП,duplicate
,зацеперы,САХ,not_duplicate
,перебои с электричеством,перебои с электричеством в центре,not_duplicate
,карьера Бритни Спирс,спектакли Московского театра,not_duplicate
,Дата празднования Рождества в разных конфессиях,Дата Рождества,not_duplicate
,строительство ЖК Вест-Сайд,состояние дороги на ул. Заводской,not_duplicate
,концерт Киркорова,мероприятие Деда Мороза,not_duplicate
,Джефф Миллз,кассовые сборы фильма «Чебурашка 2»,not_duplicate
,кинопремьера Одесия,дороги Осипенко/Репин,not_duplicate
,Методы противодействия дронам,эффективность ПВО против дронов,not_duplicate
,накопление мусора,производство мусора людьми,not_duplicate
,поведение администрации,действия чиновников,not_duplicate
,гибель ребенка и женщины в ДТП,гибель детей в ДТП,not_duplicate
,действия электриков,работа электриков,duplicate
,Проблемы ЖК Вест-Сайд,управление Нового Краснодара,not_duplicate
,состояние дороги Ростов-Волгодонск,состояние дороги от Магнитогорска до Челябинска,not_duplicate
,жанр шансон,участие водителя в конкурсе Голос Стерли,not_duplicate
,отключение электричества в районе,отключение электроэнергии на улицах,duplicate
,капитальный ремонт школы,ремонт школы в рамках национального проекта,not_duplicate
,дело по хулиганству,хулиганство и его повторяемость,similar_not_duplicate
,отключение воды в Ростове,перебои с водой в Ростове,duplicate
,поведение автора и зацеперов,поведение автора/издания,not_duplicate
,беспилотники,американский беспилотник,not_duplicate
,сиквел Короля и Шута,мероприятие Деда Мороза,not_duplicate
,воспитание в семье,подход к воспитанию детей,not_duplicate
,доставка квитанций ЖКХ,концерт группы «ИНДИИД»,not_duplicate
,сбитие беспилотников,беспилотная атака,not_duplicate
,отключение электричества в ЖК Вест-Сайд,доставка квитанций ЖКХ,not_duplicate
,автомобиль БЕЛДЖИ,работа УК 'Доверие' по вывозу мусора,not_duplicate
,проблема с вывозом мусора,контроль вывоза мусора,not_duplicate
,отключение электричества в ЖК Вест-Сайд,продажа квартир в ЖПЭ,not_duplicate
,действия чиновников,действия администрации,duplicate
,презик рядом с мусоркой,найденные предметы возле мусорного бака,not_duplicate
,статья,статья в БашДТП,similar_not_duplicate
,состояние города,городская среда,not_duplicate
,сиквел Короля и Шута,продажа квартир в ЖПЭ,not_duplicate
,доставка квитанций ЖКХ,премьеры в кино,not_duplicate
,Рождественская литургия,крестный ход в Рождество,not_duplicate
,кинопремьера Аватар 3,концерт Киркорова,not_duplicate
,"сериал «Клуб», Вася",МУП 'СТЭ',not_duplicate
,решение проблемы вывоза мусора,ситуация с уборкой мусора,not_duplicate
,ДТП и его последствия,автомобильный инцидент,duplicate
,поведение обвиняемого,поведение обвиняемого после приговора,similar_not_duplicate
,новые районы Краснодара,застройка в Краснодаре,not_duplicate
,опасная горка,опасная яма,not_duplicate
,работа УК 'Доверие' по вывозу мусора,продажа квартир в ЖПЭ,not_duplicate
,контроль вывоза мусора,решение проблемы вывоза мусора,not_duplicate
,состояние дороги на ул. Заводской,спектакли Московского театра,not_duplicate
,повышение цен на ЖКУ,повышение цен на товары,not_duplicate
,фильм Рождество на двоих,ЖК Вест-Сайд,not_duplicate
,новые районы Краснодара,Краснодар - деревня,not_duplicate
,закрытие ресторана Бен Холл,МУП 'СТЭ',not_duplicate
,состояние дороги от Магнитогорска до Челябинска,состояние дороги под Новороссийском,not_duplicate
,опасность из-за атаки беспилотников,защита от беспилотной атаки,similar_not_duplicate
,жанр шансон,музыкальный микс Казакостояния,not_duplicate
,действия инспекторов ГИБДД,МУП 'СТЭ',not_duplicate
,Участие в концерте ЛЮБЭ,фильм Хроники Нарнии,not_duplicate
,зацеперы,ПВО,not_duplicate
,концерт Филиппа Киркорова,Проблемы ЖК Вест-Сайд,not_duplicate
,наряд автобусов,наличие автобуса,not_duplicate
,лучшие времена РФ,история Новороссийска,not_duplicate
,дорожно-транспортное происшествие,трагедия на дорогах,duplicate
,причина ДТП,Жёсткое ДТП,not_duplicate
,состояние трассы Ростов-Волгодонск,участие водителя в конкурсе Голос Стерли,not_duplicate
,участие в ДТП,ДТП и его последствия,not_duplicate
,расписание маршруток Апшеронск-Кубанская,характеристика глав субъектов РФ,not_duplicate
,Проблемы ЖК Вест-Сайд,первая часть фильма Чебурашка,not_duplicate
,перебои с электричеством,отключение электроэнергии,duplicate
,миньетчицы,сирены,not_duplicate
,качество уборки снега,уборка снега грейдером,not_duplicate
,фильм Хроники Нарнии,состояние дороги на ул. Заводской,not_duplicate
,ад,ПВО,not_duplicate
,Преступность,поведение преступников,similar_not_duplicate
,концерт Киркорова,рекорд кассовых сборов фильма «Чебурашка 2»,not_duplicate
,концерт Киркорова,Проблемы ЖК Вест-Сайд,not_duplicate
,ДТП на трассе,ДТП на перекрестке,not_duplicate
,туристическая нагрузка,наплыв туристов,duplicate
,отключение электричества в ЖК Вест-Сайд,состояние дороги на ул. Заводской,not_duplicate
,решение проблемы вывоза мусора,нерешенная проблема с мусором,duplicate
,использование реагентов на ледовом городке,состояние ледового городка,similar_not_duplicate
,Участие в концерте ЛЮБЭ,характеристика глав субъектов РФ,not_duplicate
,поведение водителей в ДТП,поведение водителей (ДТП),duplicate
,жилищные условия,жилищные и социальные условия,not_duplicate
,фильм Рождество на двоих,новогодняя ёлка от ЧМЗ,not_duplicate
,шумозащитные конструкции,метод крепления шумозащитных конструкций,similar_not_duplicate
,применение статьи УК РФ,уголовное дело по ст.213 УК РФ,not_duplicate
,расписание маршруток Апшеронск-Кубанская,состояние дороги на ул. Заводской,not_duplicate
,жертва ДТП,погибшие в ДТП,not_duplicate
,выступление Деда Мороза с песней,Дед Мороз,similar_not_duplicate
,дорожно-транспортное происшествие,жёсткое ДТП с большегрузами,not_duplicate
,контроль вывоза мусора,организация вывоза мусора,not_duplicate
,поведение владельцев автомобилей,поведение водителей за рулем,similar_not_duplicate
,уборка мусора,решение проблемы мусора,not_duplicate
,место происшествия,адрес места происшествия,similar_not_duplicate
,сиквел Короля и Шута,работа УК 'Доверие' по вывозу мусора,not_duplicate
,беспилотники,действия при обнаружении дрона,not_duplicate
,помощь волонтеров,выплаты добровольцам,not_duplicate
,автомобиль БЕЛДЖИ,ЖК Июнь,not_duplicate
,наличие электричества,электроснабжение,duplicate
,новогодняя ёлка от ЧМЗ,ЖК Июнь,not_duplicate
,Джефф Миллз,применение УК РФ,not_duplicate
,список школ с ремонтом,ремонт школы,similar_not_duplicate
,работа по вывозу мусора,решение проблемы вывоза мусора,not_duplicate
,мероприятие Деда Мороза,участие водителя в конкурсе Голос Стерли,not_duplicate
,реакция на ракетную атаку,ракетная атака - провокация,not_duplicate
,поведение участников обсуждения,поведение автора/участников дискуссии,not_duplicate
,состояние дороги во время ремонта,состояние дороги после уборки,not_duplicate
,метод сбора мусора,система управления мусором,not_duplicate
,отсутствие электричества,отсутствие электричества в населенных пунктах,not_duplicate
,фильм Рождество на двоих,жанр шансон,not_duplicate
,состояние трассы Ростов-Волгодонск,кассовые сборы фильма «Чебурашка 2»,not_duplicate
,электроснабжение ЖК Вест-Сайд,состояние дороги на ул. Заводской,not_duplicate
,эпатажный образ Филиппа Киркорова,деятельность Филиппа Киркорова,not_duplicate
,рекорд кассовых сборов фильма «Чебурашка 2»,участие водителя в конкурсе Голос Стерли,not_duplicate
,частое повышение цен на товары,повышение цен/НДС,not_duplicate
,Оплата ЖКХ,оплата ЖКХ (учет праздничных дней),similar_not_duplicate
,отключение электричества в ЖК Вест-Сайд,отключение света в ЖК Вест-Сайд,duplicate
,доставка квитанций ЖКХ,участие водителя в конкурсе Голос Стерли,not_duplicate
,система водоотведения,подача питьевой воды,not_duplicate
,участие в концерте Киркорова,первая часть фильма Чебурашка,not_duplicate
,работа УК 'Доверие' по вывозу мусора,характеристика глав субъектов РФ,not_duplicate
,тонировка автомобиля,неправильная тонировка автомобилей,duplicate
,управление Нового Краснодара,дороги Осипенко/Репин,not_duplicate
,автомобиль БЕЛДЖИ,состояние трассы Ростов-Волгодонск,not_duplicate
,Рождественская служба,Рождественский сочельник и его празднование,not_duplicate
,беспилотники,Действия в РБ связанные с беспилотниками,not_duplicate
,фильм Рождество на двоих,"сериал «Клуб», Вася",not_duplicate
,уголовное дело по ст.213 УК РФ,падение обломков БПЛ,not_duplicate
,проект Нового Краснодара,застройка Новознаменского,not_duplicate
,поведение водителя во время ДТП,поведение водителей на дороге,not_duplicate
,концерт SCORPIONS в Ростове,продажа квартир в ЖПЭ,not_duplicate
,общественное поведение,поведение общества,duplicate
,Место ДТП,автомобильный инцидент,not_duplicate
,беспилотники,взрывы беспилотников,not_duplicate
,поведение бизнесмена,судьба бизнесмена,not_duplicate
,фильм Рождество на двоих,концерт SCORPIONS в Ростове,not_duplicate
,обращение в прокуратуру,обращение в Генеральную Прокуратуру,not_duplicate
,вывоз мусора,решение проблемы мусора,not_duplicate
,состояние города и работа администрации,работа мэрии,not_duplicate
,использование реагентов в ледовом городке,состояние ледового городка,similar_not_duplicate
,Ситуация с вывозом мусора,накопление мусора,not_duplicate
,фильм Хроники Нарнии,продажа квартир в ЖПЭ,not_duplicate
,действия чиновников,действия властей,duplicate
,объявление о беспилотной и ракетной опасности,Беспилотная опасность,not_duplicate
,реклама имплантации зубов,услуги имплантации зубов,not_duplicate
,Место ДТП,ДТП в регионе,not_duplicate
,кинопремьера Одесия,фильм Рождество на двоих,not_duplicate
,вывоз мусора,фирма по вывозу мусора,similar_not_duplicate
,ДТП на трассе,ДТП и его последствия,duplicate
,Плотинка,жестяной лист,not_duplicate
,причина ДТП,ДТП,not_duplicate
,мероприятие Деда Мороза,концерт группы «ИНДИИД»,not_duplicate
,дорожная обстановка на Базовом переулке,состояние тротуаров на улице Автолюбителей,not_duplicate
,концерт Филиппа Киркорова,состояние трассы Ростов-Семикаракорск,not_duplicate
,рождественские традиции/колядование,празднование Рождества Христова,not_duplicate
,празднование Рождества и Нового года,рождественские традиции/колядование,not_duplicate
,празднование Рождества,крестный ход в Рождество,not_duplicate
,перебои с электричеством в ЖК Вест-Сайд,электроснабжение ЖК Вест-Сайд,duplicate
,метод сбора мусора,решение проблемы вывоза мусора,not_duplicate
,электричество в ЖК Вест-Сайд,концерт SCORPIONS в Ростове,not_duplicate
,повышение цен на общественный транспорт,повышение стоимости проезда,duplicate
,"сериал «Клуб», Вася",применение УК РФ,not_duplicate
,поведение родителей ребенка,воспитательный стиль родителей,not_duplicate
,рекорд кассовых сборов фильма «Чебурашка 2»,спектакли Московского театра,not_duplicate
,блюдо,готовка пищи,not_duplicate
,работа коммунальных служб,работа администрации города как временщиков,not_duplicate
,погодные условия зимой,холодная погода,duplicate
,поведение сотрудников ГАИ,поведение сотрудников УК,not_duplicate
,состояние тротуаров на улице Автолюбителей,тротуары на улице Автолюбителей,duplicate
,концерт SCORPIONS в Ростове,рекорд кассовых сборов фильма «Чебурашка 2»,not_duplicate
,фильм Хроники Нарнии,электричество в ЖК Вест-Сайд,not_duplicate
,фильм Рождество на двоих,падение обломков БПЛ,not_duplicate
,концерт Ленинграда,мероприятие Деда Мороза,not_duplicate
,организация сбора мусора,ситуация с уборкой мусора,not_duplicate
,поведение украинских сил,Действия Украины (нападение),duplicate
,повышение цен на продукты,повышение цен на продукты и коммунальные услуги,not_duplicate
,концерт поп-короля,Проблемы ЖК Вест-Сайд,not_duplicate
,продажа квартир в ЖПЭ,применение УК РФ,not_duplicate
,дорожно-транспортное происшествие,происшествие с машиной,duplicate
,насилие над девушками,насилие над женщинами,not_duplicate
,контроль вывоза мусора,проблема вывоза мусора,not_duplicate
,Рождественский сочельник и его празднование,канун Рождества Христова,duplicate
,поведение зоозащитников,поведение зоозащитницы/волонтёрки,not_duplicate
,цена на товары/услуги,ценники на товары,not_duplicate
,частота ДТП из-за нетрезвых водителей,частота ДТП с летальным исходом,not_duplicate
,направление атаки БПЛА,специальные подразделения для атак БПЛА,not_duplicate
,состояние Запорожской улицы,состояние улицы Чайковского,not_duplicate
,посыпание дорог зимой,состояние дорог после уборки снега,not_duplicate
,фильм Рождество на двоих,автомобиль БЕЛДЖИ,not_duplicate
,мероприятие Филиппа Киркорова,состояние дороги на ул. Заводской,not_duplicate
,городской общественный транспорт,маршрут общественного транспорта,similar_not_duplicate
,Джефф Миллз,концерт SCORPIONS в Ростове,not_duplicate
,лист жести,жестяной лист,duplicate
,"титул ""Поп-король"" Филиппа Бедросовича",фильм Хроники Нарнии,not_duplicate
,мероприятие Филиппа Киркорова,кинопремьера Одесия,not_duplicate
,цены на билеты в кино,рост цен на билеты в кино,similar_not_duplicate
,магическое место,волшебная страна,not_duplicate
,применение УК РФ,ЖК Июнь,not_duplicate
,новое правило медиации при разводе,процесс развода при изменах,not_duplicate
,Площадь Советов (Ростов-на-Дону),управление Нового Краснодара,not_duplicate
,поведение зацеперов,характеристика зацеперов,similar_not_duplicate
,концерт Ленинграда,термин водительница в ПДД,not_duplicate
,место аварии,ДТП,not_duplicate
,застройка Краснодара и Нижнего,реализация проекта Нового Краснодара,not_duplicate
,костюмы Филиппа Киркорова,исполнение Филиппа Киркорова,not_duplicate
,частота отключений электричества,частые перебои с электричеством,duplicate
,сериал Полиция Дели,мероприятие Деда Мороза,not_duplicate
,взрывы беспилотников,способ уничтожения беспилотников,not_duplicate
,реклама,расклейщики объявлений,not_duplicate
,реклама,рекламная стратегия,not_duplicate
,закрытие ресторана Бен Холл,мероприятие Деда Мороза,not_duplicate
,смертельное ДТП на дороге,трагедия на дорогах,duplicate
,поведение водителя во время ДТП,поведение водителей,duplicate
,семейная ипотека,ужесточение семейной ипотеки,similar_not_duplicate
,Проблемы ЖК Вест-Сайд,ЖК Июнь,not_duplicate
,количество смен костюмов Филиппа Киркорова,количество костюмов Киркорова,duplicate
,пересъемка старых фильмов/сказок,применение УК РФ,not_duplicate
,санитарное состояние Сочи,уровень уборки в Сочи,duplicate
,американский беспилотник,перехват беспилотников,not_duplicate
,отключение электричества в ЖК Вест-Сайд,автомобиль БЕЛДЖИ,not_duplicate
,беспилотная атака,перехват беспилотников,not_duplicate
,проблема с вывозом мусора,организация вывоза мусора,not_duplicate
,задержка поездов,задержка поездов и питание пассажиров,not_duplicate
,зацеперы сбор мусора,накопление мусора,not_duplicate
,обилие и доступность алкоголя,потребление алкоголя,not_duplicate
,концерт Киркорова,музыкальный микс Казакостояния,not_duplicate
,сериал Полиция Дели,рекорд кассовых сборов фильма «Чебурашка 2»,not_duplicate
,мероприятие Деда Мороза,новогодняя ёлка от ЧМЗ,not_duplicate
,ДТП с погибшими детьми,гибель ребенка и женщины в ДТП,not_duplicate
,Мошенничество с картами,кража денег с карты,duplicate
,безопасность на улицах,дорожная безопасность,duplicate
,предложение по семейной ипотеке,условия семейной ипотеки,not_duplicate
,загораживание проездов,дорожная ситуация,not_duplicate
,сиквел Короля и Шута,применение УК РФ,not_duplicate
,ДТП,ДТП с погибшими,duplicate
,реакция свидетелей,приём сообщений от свидетелей,duplicate
,состояние дороги от Магнитогорска до Челябинска,качество дорог в Челябинской области,not_duplicate
,Рождественская служба,празднование Рождества Христова,not_duplicate
,ГОСТ на шаурму,шаурмятни,not_duplicate
,туристический наплыв в Москву,проблема туристов в Москве,not_duplicate
,запуск беспилотников,информация о беспилотниках,not_duplicate
,угроза беспилотной опасности,распространение информации об угрозе беспилотников,not_duplicate
,смертельное ДТП на дороге,участие в ДТП,not_duplicate
,состояние трассы Ростов-Семикаракорск,характеристика глав субъектов РФ,not_duplicate
,ДТП как безумный трюк,Жёсткое ДТП,not_duplicate
,кинопремьера Аватар 3,падение обломков БПЛ,not_duplicate
,поведение водителя во время ДТП,поведение водителей за рулем,not_duplicate
,концерт SCORPIONS в Ростове,доставка квитанций ЖКХ,not_duplicate
,состояние трассы Ростов-Волгодонск,действия инспекторов ГИБДД,not_duplicate
,бюджетные средства,распределение бюджетных средств,similar_not_duplicate
,внешность Филиппа Киркорова,исполнение Филиппа Киркорова,not_duplicate
,шаурмятни,САХ,not_duplicate
,дроновое нападение,перехват беспилотников,not_duplicate
,туалеты в электричках,проблема с туалетом в электричке,similar_not_duplicate
,Беспилотная и Ракетная опасность,ракеты и сравнение с беспилотниками,not_duplicate
,строительство жилья,строительство высотных домов,not_duplicate
,обращение в прокуратуру,помощь от прокуратуры,not_duplicate
,поведение водителя во время ДТП,поведение водителя (Акцента),not_duplicate
,причины пожаров - электропроводка,причины пожара,not_duplicate
,беспилотный летательный аппарат (БПЛА) и его уничтожение,сбитый беспилотник,not_duplicate
,угроза беспилотной опасности,Метафорическое описание беспилотной угрозы,similar_not_duplicate
,расписание маршруток Апшеронск-Кубанская,спектакли Московского театра,not_duplicate
,жертва ДТП,ДТП,not_duplicate
,религиозная вера,личная вера и религиозные атрибуты,not_duplicate
,кинопремьера Аватар 3,фильм Хроники Нарнии,not_duplicate
,жанр шансон,фестиваль «Бирские пельмени»,not_duplicate
,реакция Следственного комитета,действия следственного комитета,duplicate
,Проблемы ЖК Вест-Сайд,действия инспекторов ГИБДД,not_duplicate
,свадьбы как явление,свадьба как способ жить вместе,not_duplicate
,поведение преступников,преступники-насильники,not_duplicate
,условия на дорогах,дорожно-транспортная ситуация,duplicate
,Призыв к пению в комментариях,призыв петь в комментариях,duplicate
,состояние дороги Плотинка,состояние дорог и тротуаров,not_duplicate
,сбитый беспилотник,источник беспилотников,not_duplicate
,участие в концерте Киркорова,состояние трассы Ростов-Волгодонск,not_duplicate
,строительство балкона-особняка,строительство гигантского балкона,duplicate
,поведение автора,поведение автора/издания,not_duplicate
,концерт поп-короля,работа УК 'Доверие' по вывозу мусора,not_duplicate
,состояние шумозащитных конструкций,надежность шумозащитных конструкций,not_duplicate
,кинопремьера Аватар 3,фильм Волшебник Изумрудного города,not_duplicate
,страшное ДТП,автомобильный инцидент,duplicate
,применение статьи УК РФ,характеристика глав субъектов РФ,not_duplicate
,применение УК РФ,ООО РПЦ как посредник,not_duplicate
,отключение электроэнергии,частота отключений электричества,not_duplicate
,рождественские традиции/колядование,Рождественский Сочельник,not_duplicate
,сиквел Короля и Шута,доставка квитанций ЖКХ,not_duplicate
,зацеперы сбор мусора,организация сбора мусора,not_duplicate
,помощь животным в Судже,спасение животных в Судже,not_duplicate
,авария ребенка,ДТП с погибшими детьми,duplicate
,участие в концерте Киркорова,кинопремьера Одесия,not_duplicate
,мероприятие Филиппа Киркорова,концерт Ленинграда,not_duplicate
,жанр шансон,фильм Волшебник Изумрудного города,not_duplicate
,мероприятие Деда Мороза,характеристика глав субъектов РФ,not_duplicate
,отключение электричества в ЖК Вест-Сайд,управление Нового Краснодара,not_duplicate
,мероприятие Филиппа Киркорова,характеристика глав субъектов РФ,not_duplicate
,кража ёлки,лист жести на дереве,not_duplicate
,сериал Полиция Дели,Проблемы ЖК Вест-Сайд,not_duplicate
,"титул ""Поп-король"" Филиппа Бедросовича",состояние трассы Ростов-Волгодонск,not_duplicate
,опасность из-за атаки беспилотников,дроновое нападение,similar_not_duplicate
,состояние льда,проблема с ледяными глыбами,not_duplicate
,Проблемы ЖК Вест-Сайд,концерт SCORPIONS в Ростове,not_duplicate
,Задержка поезда Москва-Адлер,задержка поездов в Воронежской области,not_duplicate
,начисление пени за просрочку,начисление пени за просрочку оплаты ЖКХ,not_duplicate
,управление Нового Краснодара,премьеры в кино,not_duplicate
,сбитие беспилотников,дрон сбитый,duplicate
,предложение услуг/заработка,предложение услуги/работы,duplicate
,работа по вывозу мусора,уборка мусора,duplicate
,вывоз мусора,работа компании по вывозу мусора,not_duplicate
,проект строительства метро в Краснодаре,строительство метро в Питере и Москве,not_duplicate
,празднование Рождества,Рождественская ярмарка,not_duplicate
,поведение автора комментария,поведение автора комментария - отсутствие в обсуждении,similar_not_duplicate
,рассказ о пожизненно осужденных,пожизненно осужденные преступники,not_duplicate
,электричество в ЖК Вест-Сайд,"сериал «Клуб», Вася",not_duplicate
,объявление беспилотной и ракетной опасности,Беспилотная опасность,not_duplicate
,электричество в ЖК Вест-Сайд,масштаб аварии в ЖК Вест Сайд,not_duplicate
,состояние дорог зимой,состояние дорог после уборки снега,not_duplicate
,шумозащитные конструкции,шумозащитные конструкции некачественные,duplicate
,строительство ЖК Вест-Сайд,мероприятие Деда Мороза,not_duplicate
,безопасность района Красноармейская,меры безопасности на улице Красноармейской,not_duplicate
,Метод утилизации мусора,решение проблемы мусора,not_duplicate
,адрес места происшествия,место инцидента,duplicate
,карьера Бритни Спирс,Участие в концерте ЛЮБЭ,not_duplicate
,применение УК РФ,состояние дороги на ул. Заводской,not_duplicate
,карьера Бритни Спирс,альбом Бритни Спирс,not_duplicate
,спасение домашних животных в Судже,спасение собак,not_duplicate
,поведение агрессора,агрессивное поведение в обществе,not_duplicate
,зацеперы сбор мусора,ситуация с уборкой мусора,not_duplicate
,повышение цен на проезд,повышение цен на общественный транспорт,duplicate
,сирены,САХ,not_duplicate
,проект Нового Краснодара,применение УК РФ,not_duplicate
,состояние дороги на ул. Заводской,характеристика глав субъектов РФ,not_duplicate
,голос Деда Мороза,выступление Деда Мороза,duplicate
,повреждение железнодорожного полотна,Железнодорожное полотно повреждено,duplicate
,качество фильма/сериала,отечественное кино,not_duplicate
,доставка квитанций ЖКХ,применение УК РФ,not_duplicate
,дорожно-транспортная ситуация,загораживание проездов,not_duplicate
,Джефф Миллз,мероприятие Деда Мороза,not_duplicate
,сбитый беспилотник,беспилотная атака,not_duplicate
,мероприятие Филиппа Киркорова,выступление Филиппа Киркорова,similar_not_duplicate
,предложение работы/подработки,работа / предложение работы,duplicate
,выступление Деда Мороза,мероприятие Деда Мороза,similar_not_duplicate
,причины повышения цен,повышение цен/НДС,not_duplicate
,состояние шумозащитных конструкций,новые шумозащитные конструкции,not_duplicate
,Джефф Миллз,доставка квитанций ЖКХ,not_duplicate
,состояние ледового городка,ледовый дворец,not_duplicate
,кинопремьеры 2026 года,пересъемка старых фильмов/сказок,not_duplicate
,строительство метро в Краснодаре,строительство метро в Питере и Москве,not_duplicate
,Преступность,преступники-насильники,not_duplicate
,применение УК РФ,расписание маршруток Апшеронск-Кубанская,not_duplicate
,концерт Ленинграда,отключение электричества в ЖК Вест-Сайд,not_duplicate
,перебои с электричеством в центре,перебои с электричеством в Апшеронском районе,not_duplicate
,жертва ДТП,Жёсткое ДТП,not_duplicate
,запрет горок,лист жести,not_duplicate
,миграция талантов,эмигрантские таланты,duplicate
,отключение электричества в ЖК Вест-Сайд,пересъемка старых фильмов/сказок,not_duplicate
,поведение коммунальных служб,проблемы коммунальных служб,not_duplicate
,управление Нового Краснодара,расписание маршруток Апшеронск-Кубанская,not_duplicate
,"сериал «Клуб», Вася",рекорд кассовых сборов фильма «Чебурашка 2»,not_duplicate
,качество дорог,качество работ по обслуживанию дороги,not_duplicate
,закон о штрафах за тонировку,введение единых штрафов,duplicate
,термин водительница в ПДД,доставка квитанций ЖКХ,not_duplicate
,сериал Полиция Дели,состояние трассы Ростов-Волгодонск,not_duplicate
,снос домов,снос аварийных домов,not_duplicate
,Неэффективная уборка снега,уборка снега,duplicate
,состояние трассы Ростов-Семикаракорск,спектакли Московского театра,not_duplicate
,концерт поп-короля,рекорд кассовых сборов фильма «Чебурашка 2»,not_duplicate
,труд коммунальщиков,труд коммунальщиков в экстремальных условиях,duplicate
,ДТП,смертельный исход ДТП,duplicate
,предложение посетить Сочи,отдых в Сочи,duplicate
,значение места для переосмысления жизни,переосмысление жизни,similar_not_duplicate
,сериал Полиция Дели,МУП 'СТЭ',not_duplicate
,приём сообщений от свидетелей,сбор информации от свидетелей,duplicate
,МУП 'СТЭ',первая часть фильма Чебурашка,not_duplicate
,ЖК Вест-Сайд,рекорд кассовых сборов фильма «Чебурашка 2»,not_duplicate
,жанр шансон,применение УК РФ,not_duplicate
,отключение электричества в ЖК Вест-Сайд,первая часть фильма Чебурашка,not_duplicate
,участие в концерте Киркорова,"сериал «Клуб», Вася",not_duplicate
,коррупция проверяющих,меры против коррупции,not_duplicate
,жанр шансон,падение обломков БПЛ,not_duplicate
,управление Нового Краснодара,уголовное дело по ст.213 УК РФ,not_duplicate
,призыв к подписке,Предложение подписки,duplicate
,концерт Ленинграда,доставка квитанций ЖКХ,not_duplicate
,Проблемы ЖК Вест-Сайд,продажа квартир в ЖПЭ,not_duplicate
,свадьба и количество гостей,проведение свадебных торжеств,not_duplicate
,фильм Хроники Нарнии,применение УК РФ,not_duplicate
,поведение пешеходов в ДТП,поведение участников ДТП,not_duplicate
,падение обломков БПЛ,состояние дороги на ул. Заводской,not_duplicate
,кинопремьера Аватар 3,участие водителя в конкурсе Голос Стерли,not_duplicate
,состояние трассы Ростов-Волгодонск,дороги Осипенко/Репин,not_duplicate
,российское вмешательство,действия России,duplicate
,действия полиции по расследованию,действия полиции (проведение проверки),duplicate
,"сериал «Клуб», Вася",работа УК 'Доверие' по вывозу мусора,not_duplicate
,кинопремьера Одесия,состояние дороги на ул. Заводской,not_duplicate
,концерт Киркорова,жанр шансон,not_duplicate
,ребенок-виновник ДТП,ДТП с жертвами детей,not_duplicate
,канал ЧП Таганрог,автомобиль БЕЛДЖИ,not_duplicate
,закрытие ресторана Бен Холл,жанр шансон,not_duplicate
,дорогая организация свадьбы,стоимость свадьбы,duplicate
,решение проблемы вывоза мусора,накопление мусора,not_duplicate
,меры по организации транспорта на Рождество,работа общественного транспорта на Рождество,duplicate
,ёлка в Рыбинске,ёлка в Снежинске,not_duplicate
,жертва ДТП,смертельное ДТП на дороге,not_duplicate
,Испеченный пирог,желание испечь пирог,not_duplicate
,фильм Хроники Нарнии,мероприятие Деда Мороза,not_duplicate
,опасность из-за атаки беспилотников,сбитие беспилотников,similar_not_duplicate
,наличие кроликов во дворе,зайцы во дворе дома,not_duplicate
,клиенты магазинов,действия сотрудников магазинов,not_duplicate
,факт повреждения машины,поврежденный автомобиль в Дтп,duplicate
,ситуация в регионе,общее состояние страны и региона,not_duplicate
,Проблемы ЖК Вест-Сайд,спектакли Московского театра,not_duplicate
,Место ДТП,смертельное ДТП на дороге,not_duplicate
,электроснабжение ЖК Вест-Сайд,мероприятие Деда Мороза,not_duplicate
,концерт SCORPIONS в Ростове,дороги Осипенко/Репин,not_duplicate
,взрывы беспилотников,беспилотная атака,not_duplicate
,концерт Филиппа Киркорова,отключение электричества в ЖК Вест-Сайд,not_duplicate
,жанр шансон,продажа квартир в ЖПЭ,not_duplicate
,работа пенсионеров,возможность заработка для пенсионеров,duplicate
,управление Нового Краснодара,рекорд кассовых сборов фильма «Чебурашка 2»,not_duplicate
,проблема с вывозом мусора,ситуация с уборкой мусора,duplicate
,электроснабжение ЖК Вест-Сайд,жанр шансон,not_duplicate
,карьера Бритни Спирс,фильм Хроники Нарнии,not_duplicate
,состояние территории после демонтажа дома,снос домов,similar_not_duplicate
,состояние трассы Ростов-Волгодонск,фильм Волшебник Изумрудного города,not_duplicate
,обсуждение красивых дат для свадьбы,проведение свадебных торжеств,not_duplicate
,вывоз мусора в Гэсе,вывоз мусора на ГРЭС,not_duplicate
,название города,название населённого пункта,duplicate
,работа по вывозу мусора,ситуация с уборкой мусора,duplicate
,наказание за критику властей,наказание за оскорбление властей,not_duplicate
,уборка мусора в районе,работа по вывозу мусора,duplicate
,празднование Рождества в Ростове,Рождественские богослужения в Каменске,not_duplicate
,погодные условия зимой,зима и её восприятие,not_duplicate
,концерт SCORPIONS в Ростове,мероприятие Деда Мороза,not_duplicate
,происшествие в Краснодаре,ситуация в Краснодарском крае,not_duplicate
,фильм Хроники Нарнии,доставка квитанций ЖКХ,not_duplicate
,мероприятие Филиппа Киркорова,падение обломков БПЛ,not_duplicate
,повреждение железнодорожной инфраструктуры,Железнодорожное полотно повреждено,duplicate
,фильм Рождество на двоих,продажа квартир в ЖПЭ,not_duplicate
,уборка мусора в Екатеринбурге,управление мусором в Сочи,not_duplicate
,отключение электричества в ЖК Вест-Сайд,работа УК 'Доверие' по вывозу мусора,not_duplicate
,закрытие ресторана Бен Холл,кинопремьера Аватар 3,not_duplicate
,новые штрафы за тонировку,штраф за нарушение тонировки,duplicate
,поведение автора/участников дискуссии,поведение участников дискуссии,not_duplicate
,фильм Хроники Нарнии,Проблемы ЖК Вест-Сайд,not_duplicate
,фильм Рождество на двоих,успех фильма Чебурашка 2,not_duplicate
,ситуация ДТП,смертельный исход ДТП,duplicate
,изменения в ресторанном бизнесе,проблемы ресторанного бизнеса,not_duplicate
,взрывы беспилотников,теракты и беспилотники,not_duplicate
,карьера Бритни Спирс,премьеры в кино,not_duplicate
,рождаемость в Башкортостане,рождение детей в Башкирии,duplicate
,Военные действия против Украины,Действия украинских военных,not_duplicate
,повышение цен на проезд в автобусе,повышение цен на общественный транспорт,duplicate
,авария на трассе,происшествие с машиной,duplicate
,жанр шансон,концерт группы «ИНДИИД»,not_duplicate
,Участие в концерте ЛЮБЭ,управление Нового Краснодара,not_duplicate
,религиозная активность,религиозные практики,duplicate
,пожизненное заключение,пожизненно осужденные преступники,not_duplicate
,ДТП на тюбинге,происшествие с машиной,duplicate
,медицинская система,состояние учреждения здравоохранения,not_duplicate
,концерт Филиппа Киркорова,уголовное дело по ст.213 УК РФ,not_duplicate
,действия при обнаружении дрона,сбитый беспилотник,not_duplicate
,МУП 'СТЭ',пересъемка старых фильмов/сказок,not_duplicate
,Проблемы ЖК Вест-Сайд,фильм Волшебник Изумрудного города,not_duplicate
,состояние дороги Ростов-Волгодонск,расписание маршруток Апшеронск-Кубанская,not_duplicate
,безопасность в ДТП,безопасность автомобиля HAVAL,not_duplicate
,жанр шансон,характеристика глав субъектов РФ,not_duplicate
,организация питания при задержке поездов,задержка поездов и питание пассажиров,duplicate
,решение проблемы вывоза мусора,Метод утилизации мусора,not_duplicate
,поведение мужчин,поведение мужчин/женщин,not_duplicate
,отключение электричества,частота отключений электричества,not_duplicate
,сериал Полиция Дели,отключение электричества в ЖК Вест-Сайд,not_duplicate
,содержание поста,Фраза из текста поста,not_duplicate
,новое правило о штрафах за тонировку,увеличение штрафов за тонировку,duplicate
,концерт поп-короля,состояние трассы Ростов-Волгодонск,not_duplicate
,концерт Филиппа Киркорова,доставка квитанций ЖКХ,not_duplicate
,водители в ДТП,Жёсткое ДТП,not_duplicate
,работа ПВЗ,работа ПВО в Стерлитамаке,not_duplicate
,закрытие ресторана Бен Холл,состояние трассы Ростов-Волгодонск,not_duplicate
,Рождество Христово,Рождественская литургия,not_duplicate
,эксплуатация аттракционов,деятельность Первого оконного завода,not_duplicate
,строительство ЖК Вест-Сайд,расписание маршруток Апшеронск-Кубанская,not_duplicate
,Рождественский Сочельник,Рождество Христово,not_duplicate
,Участие в концерте ЛЮБЭ,действия инспекторов ГИБДД,not_duplicate
,объявление беспилотной опасности,беспилотная опасность - взрывы,not_duplicate
,поведение водителя «Нивы»,поведение водителей,not_duplicate
,электроснабжение ЖК Вест-Сайд,расписание маршруток Апшеронск-Кубанская,not_duplicate
,ДТП на трассе Ростов – Семикаракорск – Волгодонск,трагедия на трассе Ростов-Волгодонск,not_duplicate
,потребление алкоголя,доступность алкоголя,not_duplicate
,коррупция проверяющих,действия властей/коррупция,duplicate
,работа общественного транспорта,маршрут общественного транспорта,similar_not_duplicate
,действия при обнаружении дрона,дроновое нападение,not_duplicate
,работа полиции,действия полиции/властей,not_duplicate
,вывоз мусора,уборка мусора в районе,not_duplicate
,музыкальный микс Казакостояния,автомобиль БЕЛДЖИ,not_duplicate
,Участие в концерте ЛЮБЭ,фильм Рождество на двоих,not_duplicate
,состояние дорог и тротуаров,состояние дорог в Уфе,not_duplicate
,медицинская комиссия для водителей,медицинские проверки водителей,duplicate
,мероприятие в Ростове,ОПГ в Ростове,not_duplicate
,стоимость свадеб в 2026 году,стоимость свадьбы в будущем,duplicate
,кинопремьера Аватар 3,сиквел Короля и Шута,not_duplicate
,дорожно-транспортное происшествие,ДТП в регионе,not_duplicate
,высокие затраты на свадьбу,стоимость свадьбы в будущем,not_duplicate
,городской бор - дорога,состояние дорог и тротуаров,not_duplicate
,решение проблемы вывоза мусора,организация вывоза мусора,not_duplicate
,ДТП с погибшими,результат аварии,duplicate
,Рождественская литургия,Празднование Рождества православными церквями,not_duplicate
,"сериал «Клуб», Вася",доставка квитанций ЖКХ,not_duplicate
,мероприятие Деда Мороза,управление Нового Краснодара,not_duplicate
,характеристика повода нападения,источник атаки,not_duplicate
,действия ГИБДД,сбитые БПЛА,not_duplicate
,поведение украинских сил,военные действия Украина-Россия,not_duplicate
,отключение электричества в общагах ЮФУ,отключение электричества в кампусе ЮФУ,duplicate
,отключение электричества в общагах,отключение электричества,not_duplicate
,отключение электричества в общежитии,электроснабжение общежития,similar_not_duplicate
,опасность из-за атаки беспилотников,распространение информации об угрозе беспилотников,not_duplicate
,карьера Бритни Спирс,управление Нового Краснодара,not_duplicate
,миграция в Россию,миграционная политика России,not_duplicate
,дроновое нападение,дрон сбитый,not_duplicate
,ледовый городок,ёлки на ледовом городке,similar_not_duplicate
,страхование жизни при поездке за границу,медицинская страховка для отдыха за рубежом,duplicate
,наказание за оскорбление губернатора,оскорбление губернатора,similar_not_duplicate
,исчезновение Милы Яковлевой,пропажа Милены Яковлевой,duplicate
,сериал Полиция Дели,уголовное дело по ст.213 УК РФ,not_duplicate
,страшное ДТП,происшествие с машиной,duplicate
,условия на дорогах,дорожное движение,not_duplicate
,проект Нового Краснодара,Краснодар - деревня,not_duplicate
,поведение мусоров,распространение мусора,not_duplicate
,жанр шансон,действия инспекторов ГИБДД,not_duplicate
,сиквел Короля и Шута,Проблемы ЖК Вест-Сайд,not_duplicate
,фильм Рождество на двоих,Джефф Миллз,not_duplicate
,начисление пени за просрочку оплаты ЖКХ,срок оплаты ЖКХ,not_duplicate
,Место ДТП,результат аварии,not_duplicate
,Проблемы ЖК Вест-Сайд,жанр шансон,not_duplicate
,отключение электричества в ЖК Вест-Сайд,действия инспекторов ГИБДД,not_duplicate
,ситуация в ЖК Вест-Сайд,повторяющиеся проблемы ЖК Вест-Сайд,not_duplicate
,предпосылки преступлений,поведение преступников,not_duplicate
,уборка снега,уборка снега вокруг ТЦ Дуван,similar_not_duplicate
,безопасность высотных зданий,безопасность на высоких этажах,duplicate
,крестный ход в Рождество,рождественские мероприятия,not_duplicate
,празднование Рождества и Нового года,рождественские мероприятия,not_duplicate
,путешествия,поездка и её последствия,not_duplicate
,счет за квартплату,коммунальные платежи за непроживаемую квартиру,not_duplicate
,новая модель рождаемости,рождаемость детей,not_duplicate
,деятельность зацеперов по сбору мусора,фирма по вывозу мусора,not_duplicate
,мероприятие Филиппа Киркорова,дороги Осипенко/Репин,not_duplicate
,написание слова 'кутёй',перевод говнотечки,not_duplicate
,ракетная опасность,план действий при ракетной опасности,similar_not_duplicate
,строительство ЖК Вест-Сайд,перебои с электричеством в ЖК Вест-Сайд,not_duplicate
,мероприятие (выставка и экскурсия),место проведения выставки,similar_not_duplicate
,мероприятие Филиппа Киркорова,спектакли Московского театра,not_duplicate
,электричество в ЖК Вест-Сайд,жанр шансон,not_duplicate
,рождественские традиции/колядование,крестный ход в Рождество,not_duplicate
,мероприятие Деда Мороза,автомобиль БЕЛДЖИ,not_duplicate
,реакция общества на акцию,общественная реакция,not_duplicate
,объявление о беспилотной и ракетной опасности,беспилотная опасность - взрывы,not_duplicate
,"сериал «Клуб», Вася",состояние дороги на ул. Заводской,not_duplicate
,требования к тонировке,ограничения на тонировку,duplicate
,снежная обстановка,отсутствие снега,not_duplicate
,реакция администрации,действия администрации,duplicate
,общественное поведение,общество и его поведение,duplicate
,концерт Филиппа Киркорова,термин водительница в ПДД,not_duplicate
,электричество в ЖК Вест-Сайд,состояние трассы Ростов-Волгодонск,not_duplicate
,меры безопасности в ДТП,безопасность на дорогах,not_duplicate
,способ уборки мусора,решение проблемы вывоза мусора,not_duplicate
,беспилотники,беспилотные аппараты (БПЛА),duplicate
,отсутствие электричества,причина отключения электричества,not_duplicate
,государственные меры безопасности,обеспечение безопасности,duplicate
,Рождество Христово (праздник),рождественские мероприятия,not_duplicate
,время проведения причастия в храме,богослужение/вертеп в храме,not_duplicate
,частота ДТП с участием джипов и автопоездов,количество ДТП,not_duplicate
,повышение цен на продукты,повышение цен,not_duplicate
,отключение электричества в ЖК Вест-Сайд,характеристика глав субъектов РФ,not_duplicate
,поведение водителей в ДТП,поведение водителя (Акцента),not_duplicate
,колхозное водительское мнение,поведение водителя (Акцента),not_duplicate
,уборка снега в Екатеринбурге,уборка снега,not_duplicate
,рекламный призыв,расклейщики объявлений,not_duplicate
,сериал Полиция Дели,состояние дороги на ул. Заводской,not_duplicate
,кинопремьера Аватар 3,концерт SCORPIONS в Ростове,not_duplicate
,состояние льда,ледовый городок,similar_not_duplicate
,реализация проекта метро в Краснодаре,строительство метро в Питере и Москве,not_duplicate
,проект Нового Краснодара,состояние дороги на ул. Заводской,not_duplicate
,кинопремьера Аватар 3,управление Нового Краснодара,not_duplicate
,песня Деда Мороза,новогодняя ёлка от ЧМЗ,not_duplicate
,Джефф Миллз,работа УК 'Доверие' по вывозу мусора,not_duplicate
,мероприятие Деда Мороза,падение обломков БПЛ,not_duplicate
,процесс взятия пробы асфальта,проблемы с асфальтом,not_duplicate
,Площадь Советов (Ростов-на-Дону),расписание маршруток Апшеронск-Кубанская,not_duplicate
,новое правило с медиаторами при разводе,процесс развода при изменах,not_duplicate
,дорожно-транспортное происшествие,смертельный исход ДТП,duplicate
,ДТП на тюбинге,авария на трассе,not_duplicate
,концерт Ленинграда,уголовное дело по ст.213 УК РФ,not_duplicate
,увеличение штрафов за тонировку,новый закон о штрафах за тонировку,duplicate
,мероприятие Рождество,крестный ход в Рождество,not_duplicate
,способ уничтожения беспилотников,Методы противодействия дронам,duplicate
,график работы уборки мусора,график работы компании по вывозу мусора,not_duplicate
,дорожно-транспортное происшествие в Свердловской области,ДТП в Ростовской области,not_duplicate
,власть имущие,цепочка власти,not_duplicate
,зацеперы,подработка/шабашка,not_duplicate
,проблемы с общественным транспортом,общественный транспорт,similar_not_duplicate
,объявление беспилотной и ракетной опасности,беспилотная опасность - взрывы,not_duplicate
,уборка снега,работа коммунальных служб по уборке снега,not_duplicate
,меры чиновников,действия властей,duplicate
,продажа квартир в ЖПЭ,участие водителя в конкурсе Голос Стерли,not_duplicate
,национальность Филиппа Киркорова,Филипп Киркоров,similar_not_duplicate
,бюджетные меры по сбору налогов,косвенные налоги,not_duplicate
,Дед Мороз как обман,Существование Деда Мороза,similar_not_duplicate
,чистка карманов дорог,чистка проездов,duplicate
,погибшие в ДТП,страшное ДТП,duplicate
,информация о беспилотниках,Действия в РБ связанные с беспилотниками,not_duplicate
,поведение водителя во время ДТП,поведение пешеходов в ДТП,not_duplicate
,кража ёлки,ёлки в области,not_duplicate
,авария на Базовом переулке,инцидент на Красноармейской улице,not_duplicate
,действия электриков,наличие электричества,not_duplicate
,зацеперы,Плотинка,not_duplicate
,дорожно-транспортное происшествие,ДТП легковушки под грузовиком,not_duplicate
,концерт Киркорова,отключение электричества в ЖК Вест-Сайд,not_duplicate
,новые штрафы за тонировку,штрафы за неправильную тонировку,duplicate
,новое правило о медиаторах при разводе,новое правило медиации при разводе,duplicate
,Ситуация с вывозом мусора,работа компании по вывозу мусора,not_duplicate
,деятельность зацеперов по сбору мусора,ситуация с уборкой мусора,not_duplicate
,туристический поток в Сочи,туристический наплыв в Москву,not_duplicate
,поведение жертв ДТП,участие в ДТП,not_duplicate
,поведение женщины,странное поведение женщины,duplicate
,состояние дорог и тротуаров,состояние парковки и дороги,not_duplicate
,реакция на громкие звуки,причина громкого звука,not_duplicate
,сбитые БПЛА,профилактическая акция ГИБДД,not_duplicate
,концерт SCORPIONS в Ростове,уголовное дело по ст.213 УК РФ,not_duplicate
,сбитие беспилотников,беспилотный летательный аппарат (БПЛА) и его уничтожение,not_duplicate
,термин водительница в ПДД,продажа квартир в ЖПЭ,not_duplicate
,точка зрения автора комментария,предположения авторов комментариев,not_duplicate
,предложение помощи,Обращение за помощью,not_duplicate
,беспилотники,работа ПВО по сбитым беспилотникам,not_duplicate
,реклама в канале,реклама,not_duplicate
,политика РФ по нерабочим дням,действия России,not_duplicate
,использование ремней безопасности в ДТП,эффективность ремней безопасности,not_duplicate
,отключение электричества в общагах,отсутствие электричества в районе,not_duplicate
,кинопремьера Одесия,мероприятие Деда Мороза,not_duplicate
,меры против коррупции,взяточничество - действия власти,not_duplicate
,Освещение инцидента,факты происшествия,not_duplicate
,концерт Филиппа Киркорова,работа УК 'Доверие' по вывозу мусора,not_duplicate
,действия властей/коррупция,коррупция и растраты бюджетных средств,duplicate
,действия при обнаружении дрона,Методы противодействия дронам,not_duplicate
,применение СВО к нападавшему,ситуация с нападением,not_duplicate
,проверка ресторана,проверка ресторанов силовиками,not_duplicate
,Рождественский Сочельник,крестный ход в Рождество,not_duplicate
,организация сбора мусора,уборка мусора,duplicate
,возврат бракованного товара,процесс возврата товара,duplicate
,состояние дорог в Челябинске,состояние дороги под Новороссийском,not_duplicate
,сбор налогов,налогообложение граждан,duplicate
,меры чиновников,поведение властей,not_duplicate
,празднование Рождества Христова,Празднование Рождества православными церквями,not_duplicate
,страшное ДТП,тяжелые последствия аварии,duplicate
,"титул ""Поп-король"" Филиппа Бедросовича",Участие в концерте ЛЮБЭ,not_duplicate
,организация свадьбы,свадьба как мероприятие,duplicate
,состояние ледового городка,ёлки на ледовом городке,similar_not_duplicate
,вера ребенка в Деда Мороза,вера в Деда Мороза,not_duplicate
,участие в концерте Киркорова,характеристика глав субъектов РФ,not_duplicate
,повреждение железнодорожного полотна,остановка поездов из-за повреждения полотна,similar_not_duplicate
,дроновое нападение,уничтожение беспилотников ПВО,not_duplicate
,"титул ""Поп-король"" Филиппа Бедросовича",мероприятие Деда Мороза,not_duplicate
,перевод говнотечки,ЖК Июнь,not_duplicate
,применение УК РФ,участие водителя в конкурсе Голос Стерли,not_duplicate
,реклама ЖК «Родные Просторы»,продажа квартир в ЖПЭ,not_duplicate
,новые районы Краснодара,застройка Краснодара и Нижнего,not_duplicate
,поведение мусоров,накопление мусора,not_duplicate
,маршруты автобусов,наряд автобусов,not_duplicate
,действие автора комментария,точка зрения автора комментария,duplicate
,поведение сотрудника ПВЗ,поведение сотрудников ГИБДД,not_duplicate
,новочеркасский кафедральный собор,кафедральный статус собора,similar_not_duplicate
,запуск беспилотников,действия при обнаружении дрона,not_duplicate
,термин водительница в ПДД,электричество в ЖК Вест-Сайд,not_duplicate
,работа по вывозу мусора,вывоз мусора в городе,duplicate
,инцидент на улице Ростова,инцидент на Красноармейской улице,not_duplicate
,сбитие беспилотников,теракты и беспилотники,not_duplicate
,состояние шумозащитных конструкций,шумозащитные конструкции некачественные,duplicate
,проведение проверки силовиками,поведение силовиков при проверке,duplicate
,ситуация с уборкой мусора,нерешенная проблема с мусором,duplicate
,запуск беспилотников,Действия в РБ связанные с беспилотниками,not_duplicate
,состояние дорог,ремонт дороги,similar_not_duplicate
,автомобиль БЕЛДЖИ,кассовые сборы фильма «Чебурашка 2»,not_duplicate
,взрывы,количество взрывов,similar_not_duplicate
,успех фильма Чебурашка 2,премьеры в кино,not_duplicate
,концерт Киркорова,расписание маршруток Апшеронск-Кубанская,not_duplicate
,доставка квитанций ЖКХ,кассовые сборы фильма «Чебурашка 2»,not_duplicate
,состояние трассы Ростов-Волгодонск,пересъемка старых фильмов/сказок,not_duplicate
,авария на трассе,смертельное ДТП,duplicate
,действия при обнаружении дрона,дрон сбитый,not_duplicate
,кассовые сборы фильма «Чебурашка 2»,применение УК РФ,not_duplicate
,авария на трассе,ДТП и его последствия,duplicate
,проблемы с общественным транспортом,транспортные проблемы,not_duplicate
,условия на дорогах,состояние областных дорог,not_duplicate
,ДТП в Ростовской области,трагедия на трассе Ростов-Волгодонск,not_duplicate
,количество смен костюмов Филиппа Киркорова,костюмы Филиппа Киркорова,duplicate
,мусор на контейнерной площадке,переполненные контейнеры и мусор на улицах,not_duplicate
,управление Нового Краснодара,доставка квитанций ЖКХ,not_duplicate
,отключение мобильного интернета,отключение интернета,not_duplicate
,ЖК Вест-Сайд,расписание маршруток Апшеронск-Кубанская,not_duplicate
,мероприятие Рождество,Рождество в Стерлитамаке,not_duplicate
,свадьба и количество гостей,свадьба как мероприятие,not_duplicate
,меры чиновников,действия администрации,duplicate
,термин водительница в ПДД,состояние дороги на ул. Заводской,not_duplicate
,цена на автомобиль,расходы в Авто запчастях,not_duplicate
,смертельное ДТП на дороге,происшествие с машиной,duplicate
,ДТП на тюбинге,ДТП под Нижним Тагилом,not_duplicate
,вход на выставку,расположение выставки,not_duplicate
,"титул ""Поп-король"" Филиппа Бедросовича",работа УК 'Доверие' по вывозу мусора,not_duplicate
,концерт Киркорова,термин водительница в ПДД,not_duplicate
,празднование Рождества и Нового года,празднование Рождества Христова,not_duplicate
,мероприятие в Ростове,барахолка в Ростове,not_duplicate
,концерт Ленинграда,дороги Осипенко/Репин,not_duplicate
,работа коммунальных служб,труд коммунальщиков,duplicate
,работа камер видеонаблюдения,эффективность камер видеонаблюдения,duplicate
,новое правило правительства о медиаторах при разводе,новое правило с медиаторами при разводе,duplicate
,питание ребенка,малоежка - недоедание ребенка,similar_not_duplicate
,участие в ДТП,смертельный исход ДТП,not_duplicate
,ДТП на перекрестке,Место ДТП,not_duplicate
,ёлки в области,деревья в уфимском дворе (неухоженные),not_duplicate
,Рождество Христово,Празднование Рождества Христова под другим именем,duplicate
,концерт Киркорова,проект Нового Краснодара,not_duplicate
,концерт Филиппа Киркорова,музыкальный микс Казакостояния,not_duplicate
,автомобиль БЕЛДЖИ,профилактическая акция ГИБДД,not_duplicate
,мероприятие Филиппа Киркорова,исполнение Филиппа Киркорова,similar_not_duplicate
,ЖК Вест-Сайд,мероприятие Деда Мороза,not_duplicate
,сбитый беспилотник,беспилотники и ПВО,not_duplicate
,состояние дороги во время ремонта,качество ремонта дороги,not_duplicate
,кинопремьера Одесия,работа УК 'Доверие' по вывозу мусора,not_duplicate
,перехват беспилотников,Методы противодействия дронам,not_duplicate
,карьера Бритни Спирс,концерт SCORPIONS в Ростове,not_duplicate
,фиксация беспилотных летательных аппаратов,беспилотные аппараты (БПЛА),not_duplicate
,политика РФ,действия России,duplicate
,Дед Мороз как символ,Существование Деда Мороза,similar_not_duplicate
,закон о штрафах за тонировку,увеличение штрафов за тонировку,duplicate
,ДТП на тюбинге,смертельное ДТП,duplicate
,рождественские традиции/колядование,Рождество Христово,not_duplicate
,состояние тротуаров на улице Автолюбителей,состояние тротуаров,not_duplicate
,профилактическая акция ГИБДД,специальные подразделения для атак БПЛА,not_duplicate
,поведение водителя (Акцента),поведение владельцев автомобилей,not_duplicate
,место события в Краснодаре,ситуация в Краснодарском крае,not_duplicate
,кинопремьера Одесия,доставка квитанций ЖКХ,not_duplicate
,запуск беспилотников,беспилотники и ПВО,not_duplicate
,жанр шансон,спектакли Московского театра,not_duplicate
,политика чиновников,Государственная политика,not_duplicate
,действия инспекторов ГИБДД,уголовное дело по ст.213 УК РФ,not_duplicate
,ДТП на трассе Семикаракорск-Волгодонск,трагедия на трассе Ростов-Волгодонск,not_duplicate
,Действия Украины (нападение),Действия украинских военных,duplicate
,система управления мусором,организация вывоза мусора,duplicate
,место аварии,ситуация ДТП,not_duplicate
,мусор на контейнерной площадке,накопление мусора,not_duplicate
,управление городом,работа мэрии,duplicate
,причина ДТП,результат аварии,not_duplicate
,частота ДТП на участке Екатеринбург-Нижний Тагил,ДТП на трассе Ростов – Семикаракорск – Волгодонск,not_duplicate
,поведение водителя «Нивы»,поведение водителя «Ниссана»,not_duplicate
,работа железнодорожных служб,состояние железной дороги,not_duplicate
,предложение услуги/работы,предложение работы/подработки,duplicate
,состояние мусорных контейнеров,проблема вывоза мусора,not_duplicate
,маршрут Красноярск-Москва-Геленджик,маршрут метро в Краснодаре,not_duplicate
,водители в ДТП,поведение водителей в ДТП,similar_not_duplicate
,ёлка в Миассе,ёлки в области,not_duplicate
,коррупция проверяющих,взяточничество - действия власти,similar_not_duplicate
,взрывы беспилотников,уничтожение беспилотников ПВО,not_duplicate
,обрушение крыши,состояние дома после обвала крыши,similar_not_duplicate
,отключение электричества в общагах,отсутствие электричества в населенных пунктах,not_duplicate
,отключение электричества,частые перебои с электричеством,similar_not_duplicate
,время начала причастия в храме,богослужение/вертеп в храме,not_duplicate
,Проблемы ЖК Вест-Сайд,работа УК 'Доверие' по вывозу мусора,not_duplicate
,судебное решение,судебный процесс,not_duplicate
,организация свадьбы,свадьбы как явление,not_duplicate
,кассовые сборы фильма «Чебурашка 2»,продажа квартир в ЖПЭ,not_duplicate
,мероприятие Филиппа Киркорова,фильм Хроники Нарнии,not_duplicate
,карьера Бритни Спирс,кинопремьера Аватар 3,not_duplicate
,действия при обнаружении дрона,источник беспилотников,not_duplicate
,состояние тротуаров,состояние тротуаров на Автолюбителей,not_duplicate
,доставка квитанций ЖКХ,ООО РПЦ как посредник,not_duplicate
,мероприятие Филиппа Киркорова,концерт поп-короля,similar_not_duplicate
,организация сбора мусора,работа по вывозу мусора,not_duplicate
,Неэффективная уборка снега,метод уборки снега,not_duplicate
,деятельность зацеперов по сбору мусора,вывоз мусора / подрядчик,not_duplicate
,национальность Филиппа Киркорова,деятельность Филиппа Киркорова,not_duplicate
,Рождество в храмах,Рождественские богослужения,not_duplicate
,Плотинка,САХ,not_duplicate
,тротуары на улице Автолюбителей,состояние тротуаров на Автолюбителей,duplicate
,зацеперы сбор мусора,вывоз мусора / подрядчик,not_duplicate
,Рождественский Сочельник,канун Рождества Христова,duplicate
,остановка поездов из-за повреждения полотна,повреждение железной дороги,similar_not_duplicate
,поведение агрессора,агрессор,similar_not_duplicate
,пожар в здании,пожар в многоэтажке,not_duplicate
,состояние дороги от Магнитогорска до Челябинска,состояние дороги на ул. Заводской,not_duplicate
,канал ЧП Таганрог,строительство ЖК Вест-Сайд,not_duplicate
,доставка квитанций ЖКХ,фильм Волшебник Изумрудного города,not_duplicate
,фильмы юности,жанр шансон,not_duplicate
,спутники и их фото возможности,спутниковая разведка,duplicate
,состояние дороги на Пермском тракте,состояние дороги от Магнитогорска до Челябинска,not_duplicate
,фильм Хроники Нарнии,работа УК 'Доверие' по вывозу мусора,not_duplicate
,мероприятие Филиппа Киркорова,электроснабжение ЖК Вест-Сайд,not_duplicate
,время начала причастия в храме,мероприятия храма,similar_not_duplicate
,организация сбора мусора,система управления мусором,duplicate
,частота уборки мусора,уборка мусора,not_duplicate
,распространение мусора,Ситуация с вывозом мусора,not_duplicate
,сериал Полиция Дели,применение УК РФ,not_duplicate
,состояние трассы Ростов-Волгодонск,рекорд кассовых сборов фильма «Чебурашка 2»,not_duplicate
,фильм Рождество на двоих,характеристика глав субъектов РФ,not_duplicate
,История игрушек,ретро игрушки,duplicate
,атака ВСУ на завод,атака на завод в Стерлитамаке,similar_not_duplicate
,реклама имплантации зубов,реклама стоматологов,not_duplicate
,меры принуждения при разводе,новое правило медиации при разводе,not_duplicate
,управление Нового Краснодара,работа УК 'Доверие' по вывозу мусора,not_duplicate
,новые районы Краснодара,ситуация в Краснодарском крае,not_duplicate
,рекламная акция,расклейщики объявлений,not_duplicate
,карьера Бритни Спирс,фильм Рождество на двоих,not_duplicate
,ледовый городок,ледовый городок безопасность,duplicate
,организация сбора мусора,работа компании по вывозу мусора,not_duplicate
,эксплуатация аттракционов,магазины-пятёрочка,not_duplicate
,состояние власти в Башкирии,политическая ситуация в Башкирии,duplicate
,концерт Филиппа Киркорова,МУП 'СТЭ',not_duplicate
,накопление мусора,Метод утилизации мусора,not_duplicate
,график работы компании по вывозу мусора,работа компании по вывозу мусора,duplicate
,проведение работ на Будённовском,застройка Новознаменского,not_duplicate
,Участие в концерте ЛЮБЭ,Джефф Миллз,not_duplicate
,речь Киркорова перед выступлением,выступление Филиппа Киркорова,not_duplicate
,дрон сбитый,перехват беспилотников,not_duplicate
,государственные меры безопасности,меры безопасности,not_duplicate
,дорожно-транспортное происшествие,результат аварии,not_duplicate
,выбор места проведения,выбор места для съемки,not_duplicate
,колхозное водительское мнение,поведение водителей на дороге,not_duplicate
,ДТП,погибшие в ДТП,duplicate
,шумозащитные конструкции,качество установки шумозащитных конструкций,similar_not_duplicate
,применение статьи УК РФ,уголовное дело по ст. 159 УК РФ,not_duplicate
,беспилотные летательные аппараты (БПЛА) со стороны Украины,Силы Беспилотных систем Украины,not_duplicate
,термин водительница в ПДД,применение УК РФ,not_duplicate
,перебои с электричеством в центре,частые перебои с электричеством,not_duplicate
,фильм Рождество на двоих,рекорд кассовых сборов фильма «Чебурашка 2»,not_duplicate
,Участие в концерте ЛЮБЭ,электричество в ЖК Вест-Сайд,not_duplicate
,поведение властей,реакция властей на дело,similar_not_duplicate
,сиквел Короля и Шута,рекорд кассовых сборов фильма «Чебурашка 2»,not_duplicate
,успех фильма Чебурашка 2,спектакли Московского театра,not_duplicate
,ракетная опасность и вероятность угрозы,план действий при ракетной опасности,not_duplicate
,дорожно-транспортное происшествие,ДТП на тюбинге,duplicate
,угроза беспилотной опасности,беспилотная атака,similar_not_duplicate
,ситуация ДТП,ДТП с погибшими,duplicate
,шумозащитные конструкции некачественные,качество шумозащитных конструкций,duplicate
,ДТП на перекрестке,Жёсткое ДТП,not_duplicate
,пробка,дорожная ситуация,duplicate
,метод сбора мусора,деятельность зацеперов по сбору мусора,not_duplicate
,состояние дорог,дорожно-транспортная ситуация,duplicate
,реакция на ракетную опасность,план действий при ракетной опасности,not_duplicate
,остановка поездов из-за повреждения полотна,приостановка движения поездов,duplicate
,Рождество Христово,рождественские мероприятия,not_duplicate
,новые районы Краснодара,место события в Краснодаре,not_duplicate
,праздничное настроение,атмосфера праздника,duplicate
,посещение кинотеатра,поход в кино,duplicate
,мероприятие Деда Мороза,"сериал «Клуб», Вася",not_duplicate
,выбор песен Деда Мороза,Дед Мороз,similar_not_duplicate
,смертельное ДТП,ДТП и его последствия,duplicate
,сиквел Короля и Шута,успех фильма Чебурашка 2,not_duplicate
,уголовное дело по ст.213 УК РФ,состояние дороги на ул. Заводской,not_duplicate
,повторные судимости и пожизненные наказания,пожизненно осужденные преступники,duplicate
,запрет горок,кража ёлки,not_duplicate
,работа коммунальных служб,поведение коммунальных служб,not_duplicate
,кинопремьера Аватар 3,рекорд кассовых сборов фильма «Чебурашка 2»,not_duplicate
,опасность из-за атаки беспилотников,взрывы беспилотников,similar_not_duplicate
,поведение в Рождество,рождественские мероприятия,not_duplicate
,Удары украинскими беспилотниками,действия украинцев по применению дронов,duplicate
,жанр шансон,"сериал «Клуб», Вася",not_duplicate
,концерт Филиппа Киркорова,расписание маршруток Апшеронск-Кубанская,not_duplicate
,участие в концерте Киркорова,фильм Хроники Нарнии,not_duplicate
,продуктовая корзина,продуктовая корзина состав,duplicate
,путешествие за границу,путешествия,not_duplicate
,новое правило о штрафах за тонировку,введение единых штрафов,duplicate
,кинопремьера Одесия,расписание маршруток Апшеронск-Кубанская,not_duplicate
,дорожная безопасность,предотвращение аварии на ж-д путях,not_duplicate
,применение СВО к нападавшему,характеристика повода нападения,not_duplicate
,зацеперы сбор мусора,фирма по вывозу мусора,not_duplicate
,Рождество Христово (праздник),Рождественская литургия,not_duplicate
,зацеперы сбор мусора,работа компании по вывозу мусора,not_duplicate
,кинопремьера Аватар 3,применение УК РФ,not_duplicate
,Новый Краснодар и нерешенные проблемы Краснодара,ситуация в Краснодарском крае,not_duplicate
,МУП 'СТЭ',кассовые сборы фильма «Чебурашка 2»,not_duplicate
,налогообложение граждан,косвенные налоги,duplicate
,"титул ""Поп-король"" Филиппа Бедросовича",МУП 'СТЭ',not_duplicate
,шаурмятни,сирены,not_duplicate
,опасность из-за атаки беспилотников,уничтожение беспилотников ПВО,similar_not_duplicate
,Ситуация с вывозом мусора,решение проблемы мусора,duplicate
,агрессивное поведение мужчин к женщинам,поведение мужчин-агрессоров,duplicate
,теракты и беспилотники,беспилотная атака,not_duplicate
,меры принуждения при разводе,новое правило с медиаторами при разводе,not_duplicate
,Поведение политиков США,Поведение политиков,not_duplicate
,ЖК Вест-Сайд,состояние дороги на ул. Заводской,not_duplicate
,кинопремьера Аватар 3,автомобиль БЕЛДЖИ,not_duplicate
,работа коммунальных служб зимой,работа коммунальных служб по уборке снега,duplicate
,ДТП на трассе,погибшие в ДТП,duplicate
,взрывы беспилотников,Беспилотники уничтоженные,not_duplicate
,"титул ""Поп-король"" Филиппа Бедросовича",продажа квартир в ЖПЭ,not_duplicate
,доставка квитанций ЖКХ,сбитые БПЛА,not_duplicate
,Площадь Советов (Ростов-на-Дону),характеристика глав субъектов РФ,not_duplicate
,действия украинцев по применению дронов,атака украинских беспилотников,duplicate
,смертельное ДТП под Нижним Тагилом,ДТП под Джубгой,not_duplicate
,закрытие ресторана Бен Холл,Проблемы ЖК Вест-Сайд,not_duplicate
,концерт Киркорова,доставка квитанций ЖКХ,not_duplicate
,смертельное ДТП на дороге,автомобильный инцидент,duplicate
,отключение электричества в общежитии,отключение электричества в общагах,duplicate
,место события в Краснодаре,крестный ход в Краснодаре,not_duplicate
,поведение взрослых,реакция взрослых,not_duplicate
,экономическая ситуация,экономическая ситуация под властью,duplicate
,МУП 'СТЭ',премьеры в кино,not_duplicate
,расходы в Авто запчастях,цена автомобиля,not_duplicate
,запрет горок,колядование с кутьей,not_duplicate
,колядование с кутьей,кража сочинца,not_duplicate
,ДТП на тюбинге,Место ДТП,not_duplicate
,состояние тротуара возле администрации,состояние тротуаров,not_duplicate
,реакция управляющих компаний,деятельность управляющих компаний,not_duplicate
,питание ребенка,прикорм для детей,not_duplicate
,повышение рождаемости,снижение рождаемости,not_duplicate
,мероприятие Деда Мороза,спектакли Московского театра,not_duplicate
,военная мощь России,военные действия в РФ,not_duplicate
,применение пожизненного наказания без суда,пожизненное заключение,not_duplicate
,ДТП на трассе Семикаракорск-Волгодонск,ДТП с Акцентом под Волгодонском,not_duplicate
,водитель автомобиля,водители и автомобили,not_duplicate
,демографическая ситуация в Краснодаре,демографическая ситуация в Башкирии,not_duplicate
,умершие в России,гибель россиян,duplicate
,поведение водителей в ДТП,частота ДТП из-за нетрезвых водителей,not_duplicate
,строительство развязки,возобновление строительства развязки,duplicate
,работа ПВЗ,работа ПВО,not_duplicate
,история СССР,история Новороссийска,not_duplicate
,меры безопасности,обеспечение безопасности сотрудниками,not_duplicate
,состояние трассы Ростов-Волгодонск,продажа квартир в ЖПЭ,not_duplicate
,применение статьи УК РФ,конфессия русская,not_duplicate
,затраты на свадьбу,стоимость свадьбы и налоговые проверки,not_duplicate
,ДТП на тюбинге,результат аварии,not_duplicate
,сирены,кража сочинца,not_duplicate
,мероприятие Филиппа Киркорова,участие водителя в конкурсе Голос Стерли,not_duplicate
,кинопремьера Аватар 3,Участие в концерте ЛЮБЭ,not_duplicate
,исполнение Филиппа Киркорова,образ Киркорова,not_duplicate
,первая часть фильма Чебурашка,уголовное дело по ст.213 УК РФ,not_duplicate
,деятельность зацеперов по сбору мусора,зацеперы - подбор мусора вне кабины,duplicate
,чистка карманов дорог,проблема с чисткой проездов в карманах,duplicate
,электричество в ЖК Вест-Сайд,премьеры в кино,not_duplicate
,действия нападавшего,применение СВО к нападавшему,not_duplicate
,концерт поп-короля,отключение электричества в ЖК Вест-Сайд,not_duplicate
,уничтожение беспилотников ПВО,эффективность ПВО против дронов,not_duplicate
,качество установки шумозащитных конструкций,ненадежность шумозащитных конструкций,not_duplicate
,Беспилотная и Ракетная опасность,Беспилотная опасность,not_duplicate
,реакция на объявление опасности,объявление опасности,similar_not_duplicate
,новые правила по тонировке,соблюдение правил тонировки,not_duplicate
,дорожная обстановка,состояние дороги Плотинка,not_duplicate
,концерт Киркорова,успех фильма Чебурашка 2,not_duplicate
,реакция на ракетную опасность,ракетная атака - провокация,not_duplicate
,сбитый беспилотник,фиксация беспилотных летательных аппаратов,not_duplicate
,вывоз мусора,состояние мусорных контейнеров,not_duplicate
,Дата празднования Рождества у католиков и православных,Празднование Рождества православными церквями,not_duplicate
,цена на товары/услуги,цены на услуги,not_duplicate
,проект Нового Краснодара,застройка в Краснодаре,not_duplicate
,частота отключений электричества,причина отключения электричества,not_duplicate
,поведение родителей,поведение родителей ребенка-виновника,not_duplicate
,факты происшествия,результат аварии,not_duplicate
,концерт поп-короля,состояние дороги на ул. Заводской,not_duplicate
,жанр шансон,концерт SCORPIONS в Ростове,not_duplicate
,Рождественская служба,канун Рождества Христова,not_duplicate
,рекорд кассовых сборов фильма «Чебурашка 2»,премьеры в кино,not_duplicate
,ситуация в Иране,режим Ирана,not_duplicate
,угроза беспилотной опасности,перехват беспилотников,similar_not_duplicate
,жизнь в СССР,история СССР,not_duplicate
,дерево на проезжей части,ёлка в Миассе,not_duplicate
,лист жести,Ситуация с листом жести,duplicate
,дорожная развязка у Калины,дорожная обстановка на Базовом переулке,not_duplicate
,поведение хулигана,дело по хулиганству,not_duplicate
,способ уборки мусора,частота уборки мусора,not_duplicate
,запрет на тонировку автомобилей,закон о тонировке автомобилей,duplicate
,поведение автора поста,поведение автора сообщения,duplicate
,повышение цен на продукты,рост цен,not_duplicate
,отключение электроэнергии,частые перебои с электричеством,duplicate
,карьера Бритни Спирс,рекорд кассовых сборов фильма «Чебурашка 2»,not_duplicate
,кафедральный собор архитектура,новочеркасский кафедральный собор,similar_not_duplicate
,способ уничтожения беспилотников,источник беспилотников,not_duplicate
,повышение цен на ЖКУ,частое повышение цен на товары,not_duplicate
,концерт Киркорова,уголовное дело по ст.213 УК РФ,not_duplicate
,состояние железной дороги,железнодорожная инфраструктура,duplicate
,фиксация беспилотных летательных аппаратов,Действия в РБ связанные с беспилотниками,not_duplicate
,новогодняя ёлка от ЧМЗ,пересъемка старых фильмов/сказок,not_duplicate
,"титул ""Поп-король"" Филиппа Бедросовича",премьеры в кино,not_duplicate
,работа УК 'Доверие' по вывозу мусора,кассовые сборы фильма «Чебурашка 2»,not_duplicate
,Рождественский Сочельник,Рождественская служба,not_duplicate
,условия на дорогах,ожидание улучшения ситуации с дорогами,not_duplicate
,жертва ДТП,автомобильный инцидент,not_duplicate
,происшествие с пенсионеркой,ДТП с пенсионеркой,duplicate
,закон о штрафах за тонировку,штрафы за неправильную тонировку,duplicate
,наполняемость автобуса,наличие автобуса,not_duplicate
,транспортная инфраструктура Краснодара,строительство метро в Краснодаре,similar_not_duplicate
,Участие в концерте ЛЮБЭ,продажа квартир в ЖПЭ,not_duplicate
,ДТП на перекрестке,смертельное ДТП на дороге,not_duplicate
,соблюдение ГОСТа на шаурму,введение ГОСТа на шаверму,not_duplicate
,Место ДТП,происшествие с машиной,not_duplicate
,возвращение криминальных времён,повторное преступление,not_duplicate
,состояние трассы Ростов-Волгодонск,уголовное дело по ст.213 УК РФ,not_duplicate
,смертельное ДТП,автомобильный инцидент,duplicate
,деятельность Первого оконного завода,состояние дороги на ул. Заводской,not_duplicate
,порывы ветра,ветер и погодные условия,not_duplicate
,зацеперы сбор мусора,организация вывоза мусора,not_duplicate
,проблемы с мобильной связью,ограничения мобильной связи,duplicate
,поведение сотрудников ГАИ,поведение сотрудников угро,not_duplicate
,Участие в концерте ЛЮБЭ,доставка квитанций ЖКХ,not_duplicate
,участие в концерте Киркорова,концерт группы «ИНДИИД»,not_duplicate
,американский беспилотник,беспилотники и ПВО,not_duplicate
,Джефф Миллз,Проблемы ЖК Вест-Сайд,not_duplicate
,действия украинцев по применению дронов,беспилотники из Украины,duplicate
,концерт Киркорова,МУП 'СТЭ',not_duplicate
,сиквел Короля и Шута,состояние дороги на ул. Заводской,not_duplicate
,средние затраты на свадьбу,стоимость свадьбы в будущем,not_duplicate
,мохтанный мониторинг,Методы мониторинга,not_duplicate
,ДТП на тюбинге,смертельное ДТП на дороге,duplicate
,Площадь Советов (Ростов-на-Дону),применение УК РФ,not_duplicate
,отключение электричества в ЖК Вест-Сайд,применение УК РФ,not_duplicate
,история СССР,сравнение текущей ситуации с советским периодом,not_duplicate
,свободное передвижение свиней в городе,присутствие свиней в городе,duplicate
,мероприятие Филиппа Киркорова,проект Нового Краснодара,not_duplicate
,работа ЖКХ,работа ПВО,not_duplicate
,поведение властей,поведение чиновников,duplicate
,Ситуация с вывозом мусора,вывоз мусора / подрядчик,not_duplicate
,покупка квартиры в ЖК Ривьера,доставка квитанций ЖКХ,not_duplicate
,состояние шумозащитных конструкций,качество установки шумозащитных конструкций,similar_not_duplicate
,дорожно-транспортное происшествие,участие в ДТП,not_duplicate
,отношения между полами,политика отношений между полами,similar_not_duplicate
,автомобиль БЕЛДЖИ,новогодняя ёлка от ЧМЗ,not_duplicate
,судьба осужденного,поведение обвиняемого после приговора,not_duplicate
,избиение женщин,насилие над женщинами,duplicate
,ДТП на трассе,трагедия на дорогах,duplicate
,состояние дорог,состояние дороги во время ремонта,not_duplicate
,горящая квартира,горящая квартира на Июне,similar_not_duplicate
,деятельность Первого оконного завода,сбитые БПЛА,not_duplicate
,"титул ""Поп-король"" Филиппа Бедросовича",электричество в ЖК Вест-Сайд,not_duplicate
,мероприятие Филиппа Киркорова,Джефф Миллз,not_duplicate
,мероприятие Деда Мороза,действия инспекторов ГИБДД,not_duplicate
,мероприятие Деда Мороза,премьеры в кино,not_duplicate
,концерт Филиппа Киркорова,жанр шансон,not_duplicate
,насилие над женщинами,насилие против девушки,not_duplicate
,политика чиновников,действия чиновников,not_duplicate
,полет беспилотников,скорость прилёта беспилотников,not_duplicate
,рождественские богослужения с огнями и гимнами,Рождественские богослужения,duplicate
,Участие в концерте ЛЮБЭ,применение УК РФ,not_duplicate
,погибшие в ДТП,автомобильный инцидент,duplicate
,Рождество Христово (праздник),Дата празднования Рождества в разных конфессиях,not_duplicate
,требования к тонировке,соблюдение правил тонировки,not_duplicate
,кинопремьера Одесия,Площадь Советов (Ростов-на-Дону),not_duplicate
,концерт Киркорова,Площадь Советов (Ростов-на-Дону),not_duplicate
,карьера Бритни Спирс,автомобиль БЕЛДЖИ,not_duplicate
,Место ДТП,ДТП и его последствия,not_duplicate
,отключение электроэнергии,отключение электричества в общагах,not_duplicate
,повышение рождаемости,стимулы для повышения рождаемости,similar_not_duplicate
,кошки на дереве,спасение кота из-за деревьев,duplicate
,применение статьи УК РФ,ООО РПЦ как посредник,not_duplicate
,Ситуация с вывозом мусора,нерешенная проблема с мусором,duplicate
,строительство на участке,строительство высотки,not_duplicate
,канал ЧП Таганрог,Проблемы ЖК Вест-Сайд,not_duplicate
,дорожно-транспортное происшествие,причина ДТП,not_duplicate
,маршрут метро в Краснодаре,строительство метро в Новознаменскую,not_duplicate
,дроновое нападение,Методы противодействия дронам,not_duplicate
,подборка фильмов,список фильмов,duplicate
,информация о жертвах ДТП,ДТП с погибшими,duplicate
,действия силовиков в ресторане,действия силовиков при проверке ресторана,duplicate
,стоимость свадьбы,стоимость свадьбы и налоговые проверки,not_duplicate
,празднование Рождества,новогодние праздники,not_duplicate
,фильм Рождество на двоих,доставка квитанций ЖКХ,not_duplicate
,отключение электроэнергии,отключение электричества в районе,not_duplicate
,отсутствие электричества на улице Стахановская,отсутствие электричества на улице Тургенева,not_duplicate
,концерт Ленинграда,работа УК 'Доверие' по вывозу мусора,not_duplicate
,поведение автора,поведение автора проигранный,duplicate
,время проведения причастия в храме,время богослужений,not_duplicate
,высокий счет за квартиру,счет за квартплату,duplicate
,концерт Ленинграда,применение статьи УК РФ,not_duplicate
,Площадь Советов (Ростов-на-Дону),концерт SCORPIONS в Ростове,not_duplicate
,закон о штрафах за тонировку,выдача штрафа,duplicate
,содержание поста,оформление текста поста,not_duplicate
,авиаперевозки задержка рейса,задержка рейса Utair,not_duplicate
,жанр шансон,работа УК 'Доверие' по вывозу мусора,not_duplicate
,участие в концерте Киркорова,электроснабжение ЖК Вест-Сайд,not_duplicate
,инцидент на Красноармейской,место события в Краснодаре,not_duplicate
,пересъемка старых фильмов/сказок,состояние дороги на ул. Заводской,not_duplicate
,Место ДТП,смертельное ДТП,not_duplicate
,дорожно-транспортное происшествие,водители в ДТП,not_duplicate
,состояние мусорных контейнеров,Ситуация с вывозом мусора,not_duplicate
,управление городом,внимание властей к городу,not_duplicate
,кинопремьеры 2026 года,доставка квитанций ЖКХ,not_duplicate
,концерт Филиппа Киркорова,успех фильма Чебурашка 2,not_duplicate
,введение единых штрафов,новый закон о штрафах за тонировку,duplicate
,жертва ДТП,страшное ДТП,not_duplicate
,строительство шумозащитных конструкций,метод крепления шумозащитных конструкций,not_duplicate
,электроснабжение ЖК Вест-Сайд,дороги Осипенко/Репин,not_duplicate
,метод крепления шумозащитных конструкций,надежность шумозащитных конструкций,not_duplicate
,беспилотники,получение информации о беспилотниках,duplicate
,дорожная обстановка в Челябинской области,состояние дороги под Новороссийском,not_duplicate
,отключение электричества в ЖК Вест-Сайд,спектакли Московского театра,not_duplicate
,строительство ЖК Вест-Сайд,ЖК Июнь,not_duplicate
,сбор налогов,налог для холостяков,not_duplicate
,информация о беспилотниках,полет беспилотников,not_duplicate
,доставка квитанций ЖКХ,спектакли Московского театра,not_duplicate
,участие в концерте Киркорова,сериал Полиция Дели,not_duplicate
,смертельное ДТП под Нижним Тагилом,смертельное ДТП на дороге,duplicate
,предыстория инцидента,факты происшествия,not_duplicate
,рассказ о пожизненно осужденных,пожизненное заключение,not_duplicate
,ремонт газовых котлов,газовые котлы и проблема,similar_not_duplicate
,погибшие в ДТП,авария на трассе,duplicate
,рекламный призыв,рекламная стратегия,not_duplicate
,концерт SCORPIONS в Ростове,расписание маршруток Апшеронск-Кубанская,not_duplicate
,количество туристов,туристическая нагрузка,duplicate
,проблемы с общественным транспортом,городской общественный транспорт,not_duplicate
,ДТП на трассе,ДТП в регионе,not_duplicate
,спасение кота,попытка помочь коту,duplicate
,ДТП на Базовом переулке,ДТП на трассе,not_duplicate
,повышение цен на проезд в автобусе,цена проезда в автобусе,duplicate
,Джефф Миллз,состояние трассы Ростов-Волгодонск,not_duplicate
,способ уничтожения беспилотников,работа ПВО по сбитым беспилотникам,not_duplicate
,дорожно-транспортное происшествие,ДТП на Базовом переулке,not_duplicate
,реакция граждан на угрозу,реакция на объявление угрозы,duplicate
,действия нападавшего,характеристика повода нападения,not_duplicate
,масштаб аварии в ЖК Вест Сайд,ДТП на трассе Семикаракорск-Волгодонск,not_duplicate
,ситуация ДТП,реакция на аварию,not_duplicate
,жанр шансон,эксплуатация аттракционов,not_duplicate
,авария на трассе,результат аварии,not_duplicate
,сиквел Короля и Шута,отключение электричества в ЖК Вест-Сайд,not_duplicate
,отключение электричества в ЖК Вест-Сайд,концерт группы «ИНДИИД»,not_duplicate
,проблема с вывозом мусора,состояние мусорных контейнеров,not_duplicate
,Беспилотная и Ракетная опасность,беспилотная опасность - взрывы,not_duplicate
,фильм Хроники Нарнии,рекорд кассовых сборов фильма «Чебурашка 2»,not_duplicate
,сиквел Короля и Шута,музыкальный микс Казакостояния,not_duplicate
,работа администрации города,действия муниципалитета,duplicate
,Место ДТП,ДТП с погибшими,not_duplicate
,прогноз погоды,погодные условия,not_duplicate
,внешность Филиппа Киркорова,деятельность Филиппа Киркорова,not_duplicate
,поведение водителей в ДТП,поведение жертв ДТП,not_duplicate
,песня/стихотворение о бродяге,жанр шансон,not_duplicate
,личные отношения,интимные отношения,not_duplicate
,расписание общественного транспорта на Рождество,продление работы общественного транспорта на Рождество,duplicate
,концерт SCORPIONS в Ростове,успех фильма Чебурашка 2,not_duplicate
,масштаб аварии в ЖК Вест Сайд,состояние дороги на ул. Заводской,not_duplicate
,работа,работа сотрудников,duplicate
,сериал Полиция Дели,дороги Осипенко/Репин,not_duplicate
,доставка квитанций ЖКХ,профилактическая акция ГИБДД,not_duplicate
,перебои с электричеством,отсутствие электричества,duplicate
,фиксация беспилотных летательных аппаратов,беспилотники и ПВО,not_duplicate
,перехват беспилотников,уничтожение беспилотников ПВО,not_duplicate
,музыкальный микс Казакостояния,спектакли Московского театра,not_duplicate
,действия автора поста,поведение автора поста (решение не ехать),similar_not_duplicate
,политическая ситуация в Башкирии,ситуация в Башкирии,not_duplicate
,сиквел Короля и Шута,новогодняя ёлка от ЧМЗ,not_duplicate
,состояние крыш после обвала,жилищная проблема после обрушения крыши,duplicate
,стоимость лечения,стоимость приёма врача,not_duplicate
,реагенты на тротуарах,состояние тротуаров,similar_not_duplicate
,кинопремьера Одесия,Проблемы ЖК Вест-Сайд,not_duplicate
,массовое посещение горнолыжных склонов Сочи в праздники,ежегодные очереди в горах Сочи,duplicate
,повышение цен на проезд,повышение цен на ЖКУ,not_duplicate
,экономическая ситуация под властью,экономическая обстановка,duplicate
,участие в концерте Киркорова,падение обломков БПЛ,not_duplicate
,уборка мусора в районе,вывоз мусора в городе,duplicate
,дороги Осипенко/Репин,первая часть фильма Чебурашка,not_duplicate
,смертельное ДТП под Нижним Тагилом,ДТП с погибшими,duplicate
,Недвижимость в Краснодаре,предложение квартиры в Краснодаре,not_duplicate
,воспитательный стиль родителей,воспитание в семье,not_duplicate
,система управления мусором,решение проблемы мусора,duplicate
,отключение электричества в ЖК Вест-Сайд,участие водителя в конкурсе Голос Стерли,not_duplicate
,поведение украинских сил,действия сторонников Украины,not_duplicate
,наличие туалетов в электричках,проблема с туалетом в электричке,similar_not_duplicate
,чистка карманов дорог,чистка улицы,not_duplicate
,ёлка/праздничные традиции,Рождественский сочельник и его празднование,not_duplicate
,праздничные дни,праздничные мероприятия,not_duplicate
,Действия Украины (атаки БПЛА),действия Украины по применению БПЛА против РФ,duplicate
,деятельность Первого оконного завода,премьеры в кино,not_duplicate
,действия инспекторов ГИБДД,специальные подразделения для атак БПЛА,not_duplicate
,новое законодательство,законодательные меры,duplicate
,Беспилотная опасность,перехват беспилотников,similar_not_duplicate
,отказ вернуть товар при подмене,отказ в возврате товара без бирки,not_duplicate
,участие в концерте Киркорова,автомобиль БЕЛДЖИ,not_duplicate
,Действия в РБ связанные с беспилотниками,беспилотники и ПВО,not_duplicate
,выдача штрафа,введение единых штрафов,duplicate
,Рождественская ярмарка,Рождественский сочельник и его празднование,not_duplicate
,состояние дорог,ожидание улучшения ситуации с дорогами,not_duplicate
,ситуация с уборкой мусора,система управления мусором,duplicate
,поведение детей (вредительство),поведение детей (поджог кустов),duplicate
,вывоз мусора на Первомайской,вывоз мусора в Гэсе,not_duplicate
,Рождественская служба,мероприятие Рождество,not_duplicate
,поведение администрации,меры чиновников,not_duplicate
,"титул ""Поп-король"" Филиппа Бедросовича",рекорд кассовых сборов фильма «Чебурашка 2»,not_duplicate
,кинопремьера Одесия,отключение электричества в ЖК Вест-Сайд,not_duplicate
,дроновое нападение,способ уничтожения беспилотников,not_duplicate
,работа в GSB,работа в GSB через Ситик,not_duplicate
,электроснабжение ЖК Вест-Сайд,уголовное дело по ст.213 УК РФ,not_duplicate
,"титул ""Поп-король"" Филиппа Бедросовича",фильм Рождество на двоих,not_duplicate
,распространение мусора,решение проблемы вывоза мусора,not_duplicate
,концерт поп-короля,успех фильма Чебурашка 2,not_duplicate
,Ситуация с вывозом мусора,ситуация с вывозом мусора в Красной Поляне,not_duplicate
,фильм Рождество на двоих,электричество в ЖК Вест-Сайд,not_duplicate
,владельцы иностранных автомобилей,поведение владельцев импортных авто,duplicate
,мероприятие Деда Мороза,продажа квартир в ЖПЭ,not_duplicate
,повышение цен на продукты и коммунальные услуги,рост цен на продукты,not_duplicate
,расписание общественного транспорта на Рождество,работа общественного транспорта на Рождество,duplicate
,жанр шансон,МУП 'СТЭ',not_duplicate
,причина ДТП,участие в ДТП,not_duplicate
,термин водительница в ПДД,управление Нового Краснодара,not_duplicate
,уголовное дело по ст.213 УК РФ,спектакли Московского театра,not_duplicate
,состояние дороги на перекрестке Циолковского и Комарова,состояние Запорожской улицы,not_duplicate
,отключение электричества в ЖК Вест-Сайд,концерт SCORPIONS в Ростове,not_duplicate
,погибшие в ДТП,гибель мужчины в ДТП,duplicate
,лыжная база в Ленинском районе,лыжная база в Коркинском округе,not_duplicate
,мероприятие Филиппа Киркорова,"сериал «Клуб», Вася",not_duplicate
,отсутствие электричества в районе,отсутствие электричества в Анапе,not_duplicate
,действия пожарных по тушению,пожарные гидранты,not_duplicate
,участие в концерте Киркорова,"титул ""Поп-король"" Филиппа Бедросовича",not_duplicate
,смертельное ДТП на дороге,ДТП и его последствия,duplicate
,ДТП,ДТП на перекрестке,not_duplicate
,концерт Киркорова,работа УК 'Доверие' по вывозу мусора,not_duplicate
,способ уборки мусора,работа по вывозу мусора,not_duplicate
,Пожар в квартире,пожар в соседнем доме,not_duplicate
,канал ЧП Таганрог,жанр шансон,not_duplicate
,мероприятие Филиппа Киркорова,сериал Полиция Дели,not_duplicate
,публикация видео,общее содержание видео,not_duplicate
,мероприятие Деда Мороза,доставка квитанций ЖКХ,not_duplicate
,дороги Осипенко/Репин,падение обломков БПЛ,not_duplicate
,ДТП как безумный трюк,ДТП,duplicate
,проблема вывоза мусора,вывоз мусора в городе,duplicate
,термин водительница в ПДД,спектакли Московского театра,not_duplicate
,действия полиции,действия полиции при задержании,not_duplicate
,перебои с электричеством,действия электриков,not_duplicate
,применение тонировки к автомобилям,неправильная тонировка автомобилей,duplicate
,безопасность общественных мест,безопасность на улицах,not_duplicate
,мусор на контейнерной площадке,вывоз мусора,not_duplicate
,выступление Филиппа Киркорова,эпатажный образ Филиппа Киркорова,not_duplicate
,условия в поездах,решение проблемы движения поездов,not_duplicate
,запуск беспилотников,американский беспилотник,not_duplicate
,ветер и погодные условия,ветер,not_duplicate
,электричество в ЖК Вест-Сайд,новогодняя ёлка от ЧМЗ,not_duplicate
,поиск работников для подработки,найм работников,duplicate
,новость об аварии на тюбинге,ДТП на тюбинге,duplicate
,поведение участников обсуждения,участие в обсуждении,not_duplicate
,антисанитария в районе школы искусств,состояние района школы искусств,duplicate
,концерт Ленинграда,успех фильма Чебурашка 2,not_duplicate
,состояние трассы Ростов-Семикаракорск,состояние дороги от Магнитогорска до Челябинска,not_duplicate
,участие в ДТП,результат аварии,not_duplicate
,информация о беспилотниках,перехват беспилотников,not_duplicate
,застройка в Краснодаре,реализация проекта Нового Краснодара,not_duplicate
,опасность из-за транспорта,транспортные проблемы,not_duplicate
,Москва - лицо страны,Москва как место проживания,not_duplicate
,процесс взятия пробы асфальта,необходимость асфальта,not_duplicate
,американский беспилотник,полет беспилотников,not_duplicate
,строительство ЖК Вест-Сайд,масштаб аварии в ЖК Вест Сайд,not_duplicate
,состояние трассы Ростов-Семикаракорск,проект Нового Краснодара,not_duplicate
,призыв в Сочи,ситуация в Сочи,not_duplicate
,ДТП на трассе,происшествие с машиной,duplicate
,падение обломков БПЛ,расписание маршруток Апшеронск-Кубанская,not_duplicate
,ДТП на трассе Семикаракорск-Волгодонск,дорога Ростов-Семикаракорск-Волгодонск,not_duplicate
,проблемы с мобильным интернетом,ограничения мобильного интернета,duplicate
,концерт Филиппа Киркорова,Площадь Советов (Ростов-на-Дону),not_duplicate
,Москва как место проживания,Москва,duplicate
,Проблемы ЖК Вест-Сайд,концерт группы «ИНДИИД»,not_duplicate
,статистика ДТП по возрасту водителей,частота ДТП из-за нетрезвых водителей,not_duplicate
,фильм Волшебник Изумрудного города,успех фильма Чебурашка 2,not_duplicate
,распространение мусора,нерешенная проблема с мусором,not_duplicate
,направление атаки БПЛА,атаки БПЛА в Стерлитамаке,not_duplicate
,перебои с электричеством в ЖК Вест-Сайд,падение обломков БПЛ,not_duplicate
,общая ситуация в стране,общее состояние страны и региона,not_duplicate
,автомобиль БЕЛДЖИ,успех фильма Чебурашка 2,not_duplicate
,автомобиль БЕЛДЖИ,отечественное кино,not_duplicate
,Проблемы ЖК Вест-Сайд,состояние трассы Ростов-Волгодонск,not_duplicate
,распространение мусора,решение проблемы мусора,not_duplicate
,новогодняя ёлка от ЧМЗ,сбитые БПЛА,not_duplicate
,фильм Хроники Нарнии,отечественное кино,not_duplicate
,кинопремьера Одесия,уголовное дело по ст.213 УК РФ,not_duplicate
,лист жести,кража сочинца,not_duplicate
,действия ГИБДД,эксплуатация аттракционов,not_duplicate
,концерт поп-короля,дороги Осипенко/Репин,not_duplicate
,дороги Осипенко/Репин,характеристика глав субъектов РФ,not_duplicate
,причина ДТП,страшное ДТП,not_duplicate
,зацеперы сбор мусора,поведение мусоров,not_duplicate
,состояние пропавшего мужчины,поиск пропавшего мужчины,duplicate
,расходы на свадьбу,стоимость свадьбы и налоговые проверки,not_duplicate
,ДТП на Базовом переулке,смертельное ДТП на дороге,not_duplicate
,маркетинговая кампания,реклама,not_duplicate
,"титул ""Поп-король"" Филиппа Бедросовича",кинопремьера Аватар 3,not_duplicate
,высокая стоимость свадьбы,информация о стоимости свадьбы,not_duplicate
,концерт Ленинграда,музыкальный микс Казакостояния,not_duplicate
,состояние трассы Ростов-Волгодонск,проект Нового Краснодара,not_duplicate
,повышение рождаемости,данные о рождаемости,not_duplicate
,место аварии,авария на трассе,not_duplicate
,расположение выставки,расположение выставки (минус 1 этаж),duplicate
,Железнодорожные задержки,задержка поезда и условия для пассажиров,not_duplicate
,отдых в Сочи,закат в Сочи,not_duplicate
,американский беспилотник,источник беспилотников,not_duplicate
,внешность Филиппа Киркорова,стиль Филиппа Киркорова,not_duplicate
,политика чиновников,поведение чиновников,not_duplicate
,эксплуатация аттракционов,отечественное кино,not_duplicate
,Освещение инцидента,предыстория инцидента,not_duplicate
,действия силовиков,военные действия,not_duplicate
,метод сбора мусора,проблема вывоза мусора,not_duplicate
,празднование Рождества и Нового года,Рождество Христово (праздник),not_duplicate
,время проведения причастия в храме,мероприятия храма,similar_not_duplicate
,реакция на аварию,результат аварии,not_duplicate
,получение информации о беспилотниках,фиксация беспилотных летательных аппаратов,not_duplicate
,фильм Хроники Нарнии,музыкальный микс Казакостояния,not_duplicate
,мероприятие Филиппа Киркорова,строительство ЖК Вест-Сайд,not_duplicate
,мероприятие Деда Мороза,кассовые сборы фильма «Чебурашка 2»,not_duplicate
,публикация видео,действия в видео,not_duplicate
,концерт поп-короля,кинопремьеры 2026 года,not_duplicate
,кинопремьеры 2026 года,падение обломков БПЛ,not_duplicate
,религиозная практика в церкви,религиозные практики,not_duplicate
,угроза беспилотной опасности,способ уничтожения беспилотников,not_duplicate
,Жёсткое ДТП,тяжелые последствия аварии,duplicate
,выступление Киркорова и Пугачевой,выступление Филиппа Киркорова,not_duplicate
,участие в концерте Киркорова,применение УК РФ,not_duplicate
,жанр шансон,расположение МЦ 'Премиум',not_duplicate
,запуск беспилотников,взрывы беспилотников,not_duplicate
,принадлежность Москвы,история Новороссийска,not_duplicate
,ДТП на трассе Семикаракорск-Волгодонск,состояние дороги на ул. Заводской,not_duplicate
,запуск беспилотников,сбитый беспилотник,not_duplicate
,состояние крыш после обвала,состояние крыши дома,duplicate
,отечественное кино,деятельность Первого оконного завода,not_duplicate
,кинопремьеры 2026 года,жанр шансон,not_duplicate
,Жёсткое ДТП,ДТП в регионе,not_duplicate
,участие в церковных мероприятиях,участие в крестном ходе,not_duplicate
,беспризорные собаки,судьба собак,not_duplicate
,автомобиль БЕЛДЖИ,МУП 'СТЭ',not_duplicate
,ДТП как безумный трюк,смертельное ДТП,not_duplicate
,Проблемы ЖК Вест-Сайд,премьеры в кино,not_duplicate
,район Лысая Гора,маршрут до Геленджика,not_duplicate
,поведение водителей,водители и автомобили,not_duplicate
,эффективность уничтожения дронов,дроновое нападение,not_duplicate
,угроза беспилотной опасности,информация о беспилотной атаке,not_duplicate
,погодные условия зимой,снежная обстановка,duplicate
,кинопремьера Аватар 3,Джефф Миллз,not_duplicate
,задержка авиаперелета,задержка рейса Utair,not_duplicate
,личная просьба автора,желание автора,duplicate
,поведение автора,деятельность автора,not_duplicate
,работа автора поста,действия автора поста,duplicate
,кинопремьера Одесия,состояние трассы Ростов-Семикаракорск,not_duplicate
,деятельность Филиппа Киркорова,образ Киркорова,not_duplicate
,МУП 'СТЭ',спектакли Московского театра,not_duplicate
,мероприятие Филиппа Киркорова,применение УК РФ,not_duplicate
,Джефф Миллз,отключение электричества в ЖК Вест-Сайд,not_duplicate
,Ситуация в городе,городская среда,not_duplicate
,поведение водителя «Нивы»,водитель автомобиля,not_duplicate
,водители в ДТП,автомобильный инцидент,not_duplicate
,качество отечественного кино,премьеры в кино,not_duplicate
,восстановление остановки на Гидрострое,остановка на Гидрострое,similar_not_duplicate
,застройка Краснодара и Нижнего,ситуация в Краснодарском крае,not_duplicate
,деятельность зацеперов по сбору мусора,уборка мусора,not_duplicate
,новогодняя ёлка от ЧМЗ,доставка квитанций ЖКХ,not_duplicate
,контроль вывоза мусора,работа по вывозу мусора,not_duplicate
,армяне,работа с армянами,not_duplicate
,газовые котлы,сжигание газа,not_duplicate
,участие в концерте Киркорова,сиквел Короля и Шута,not_duplicate
,загрязнение грунтовых вод,загрязнение мазутом,not_duplicate
,строительство дорожной развязки,строительство тротуаров на Автолюбителей,not_duplicate
,смазка для колбасы,приготовление холодца,not_duplicate
,концерт SCORPIONS в Ростове,работа УК 'Доверие' по вывозу мусора,not_duplicate
,инцидент на горке,инцидент на аттракционе,not_duplicate
,ДТП как безумный трюк,участие в ДТП,not_duplicate
,участие в крестном ходе,участники крестного хода,duplicate
,Оплата ЖКХ,срок оплаты ЖКХ,similar_not_duplicate
,теракты,покушение на теракт (рыбная ловля),similar_not_duplicate
,деятельность зацеперов по сбору мусора,накопление мусора,not_duplicate
,ДТП с жертвами детей,гибель ребенка и женщины в ДТП,similar_not_duplicate
,защита от беспилотной атаки,информация о беспилотной атаке,similar_not_duplicate
,канал ЧП Таганрог,ЖК Июнь,not_duplicate
,деятельность Первого оконного завода,перевод говнотечки,not_duplicate
,существование Деда Мороза как символа праздника,образ Деда Мороза и репертуар,not_duplicate
,меры безопасности в ДТП,безопасность автомобиля HAVAL,similar_not_duplicate
,сирены,ПВО,not_duplicate
,пиротехника,пиротехника и её качество,similar_not_duplicate
